beta,eta,beta_log_x,log_x,log10_x,integral,integration_error,upper_bound,absolute_slack,bound_over_integral,relative_slack,integral_over_bound,valid_bound
0.010000000000000000000000,1.0000000000000000000000e-8,4.0000000000000000000000,400.00000000000000000000,173.71779276130073106045,0.0057825461792272264460735,2.1423127983746662397757e-12,57.241203725993555659369,57.235421179814328432923,9898.9617984586871986808,9897.9617984586871986808,0.00010102069493345296981539,True
0.010000000000000000000000,1.0000000000000000000000e-8,4.0100000000000000000000,401.00000000000000000000,174.15208724320398288810,0.0057300805626276445602505,3.8883472693495962264985e-9,56.502141963820751445740,56.496411883258123801180,9860.6191215417308636091,9859.6191215417308636091,0.00010141351041694506308071,True
0.010000000000000000000000,1.0000000000000000000000e-8,4.1000000000000000000000,410.00000000000000000000,178.06073758033324933696,0.0052800607352572282358412,3.0326836829991377086913e-9,50.284388630991097457973,50.279108570255840229738,9523.4489056575970421763,9522.4489056575970421763,0.00010500397596567455894680,True
0.010000000000000000000000,1.0000000000000000000000e-8,4.5000000000000000000000,450.00000000000000000000,195.43251685646332244301,0.0036914155183861752178658,3.8019088080560239471823e-11,30.175668002658325319519,30.171976587139939144301,8174.5519712856979789758,8173.5519712856979789758,0.00012233086333203891249438,True
0.010000000000000000000000,1.0000000000000000000000e-8,5.0000000000000000000000,500.00000000000000000000,217.14724095162591382556,0.0023951145621132250198571,6.2075908358583120616459e-10,16.173087306843852618164,16.170692192281739393144,6752.5318256903057767452,6751.5318256903057767452,0.00014809260079241030784476,True
0.010000000000000000000000,1.0000000000000000000000e-8,6.0000000000000000000000,600.00000000000000000000,260.57668914195109659068,0.0010748942349940676876940,3.2590951542448781058031e-16,4.8207257531271787758441,4.8196508588921847081564,4484.8372948560694730292,4483.8372948560694730292,0.00022297352930661728667542,True
0.010000000000000000000000,1.0000000000000000000000e-8,8.0000000000000000000000,800.00000000000000000000,347.43558552260146212090,0.00030766670518960390623420,1.3170167760812034885021e-10,0.47203397957094180124926,0.47172631286575219734302,1534.2380946942057490489,1533.2380946942057490489,0.00065178931709378095320899,True
0.010000000000000000000000,1.0000000000000000000000e-8,10.000000000000000000000,1000.0000000000000000000,434.29448190325182765113,0.00014211999039605149164345,4.1826303226574941540594e-12,0.050081619048186195968425,0.049939499057790144476781,352.38968781676479479647,351.38968781676479479647,0.0028377674902904051732730,True
0.010000000000000000000000,1.0000000000000000000000e-8,20.000000000000000000000,2000.0000000000000000000,868.58896380650365530226,0.000027978039675969739619177,1.5587812194492716572070e-11,0.000029415818663642008009080,1.4377789876722683899029e-6,1.0513895542476899394538,0.051389554247689939453810,0.95112225146229347749648,True
0.010000000000000000000000,1.0000000000000000000000e-8,40.000000000000000000000,4000.0000000000000000000,1737.1779276130073106045,6.5886278597482572649824e-6,7.3148463505792824894864e-20,6.6145833344227566870261e-6,2.5955474674499422043661e-8,1.0039394355284608753602,0.0039394355284608753601727,0.99607602272702117045975,True
0.010000000000000000000000,1.0000000000000000000000e-6,4.0000000000000000000000,400.00000000000000000000,173.71779276130073106045,0.0040956134302159355797812,1.3512761172593951153331e-13,0.57635244763070814863697,0.57225683420049221305719,140.72432797944037391376,139.72432797944037391376,0.0071060918489239372409607,True
0.010000000000000000000000,1.0000000000000000000000e-6,4.0100000000000000000000,401.00000000000000000000,174.15208724320398288810,0.0040599330744019679590642,6.8950496879998279241628e-16,0.56892647269326530117508,0.56486653961886333321602,140.13198303202786587513,139.13198303202786587513,0.0071361296569352408042363,True
0.010000000000000000000000,1.0000000000000000000000e-6,4.1000000000000000000000,410.00000000000000000000,178.06073758033324933696,0.0037536608574345133116526,4.1111598368831495625053e-11,0.50644630943513597847614,0.50269264857770146516449,134.92063579267336196846,133.92063579267336196846,0.0074117646579775702244651,True
0.010000000000000000000000,1.0000000000000000000000e-6,4.5000000000000000000000,450.00000000000000000000,195.43251685646332244301,0.0026682390679068591037512,5.2629001400390287811621e-13,0.30429905607691515714325,0.30163081700900829803950,114.04489940087235139983,113.04489940087235139983,0.0087684763216367991939010,True
0.010000000000000000000000,1.0000000000000000000000e-6,5.0000000000000000000000,500.00000000000000000000,217.14724095162591382556,0.0017745266621483699509554,1.5030032373033463954926e-9,0.16341494309043323333085,0.16164041642828486337989,92.089314055496533486809,91.089314055496533486809,0.010859023223882000619766,True
0.010000000000000000000000,1.0000000000000000000000e-6,6.0000000000000000000000,600.00000000000000000000,260.57668914195109659068,0.00084659269353178056386848,2.1758274194717665118838e-16,0.049013662288214441480855,0.048167069594682660916986,57.895210604454028450177,56.895210604454028450177,0.017272585928257551080873,True
0.010000000000000000000000,1.0000000000000000000000e-6,8.0000000000000000000000,800.00000000000000000000,347.43558552260146212090,0.00027676944628912800716591,2.4883490911233388520607e-15,0.0049916536629883019967695,0.0047148842166991739896036,18.035421647567833327278,17.035421647567833327278,0.055446444199703808627254,True
0.010000000000000000000000,1.0000000000000000000000e-6,10.000000000000000000000,1000.0000000000000000000,434.29448190325182765113,0.00013793849956280413948662,1.0116970978968353733762e-11,0.00063900479281031115968025,0.00050106629324750702019363,4.6325340266541673268946,3.6325340266541673268946,0.21586457740975229405139,True
0.010000000000000000000000,1.0000000000000000000000e-6,20.000000000000000000000,2000.0000000000000000000,868.58896380650365530226,0.000027978039493073886490038,1.5586544948329675991383e-11,0.000028344439148747459623978,3.6639965567357313394065e-7,1.0130959732101413800248,0.013095973210141380024769,0.98707331431922990334829,True
0.010000000000000000000000,1.0000000000000000000000e-6,40.000000000000000000000,4000.0000000000000000000,1737.1779276130073106045,6.5886278229660657501654e-6,7.3148463097428463369063e-20,6.6145833333448066729432e-6,2.5955510378740922777799e-8,1.0039394409695244072602,0.0039394409695244072601591,0.99607601732857510779082,True
0.010000000000000000000000,0.00010000000000000000000000,4.0000000000000000000000,400.00000000000000000000,173.71779276130073106045,0.0024083574932643447397140,1.1101376229699535906625e-10,0.0088689031690172187584215,0.0064605456757528740187075,3.6825526084983743514546,2.6825526084983743514546,0.27155077097670238106412,True
0.010000000000000000000000,0.00010000000000000000000000,4.0100000000000000000000,401.00000000000000000000,174.15208724320398288810,0.0023894629528186826212830,3.0575668892254011487346e-10,0.0087675948079494175626795,0.0063781318551307349413965,3.6692742181279262318423,2.6692742181279262318423,0.27253346044826345583144,True
0.010000000000000000000000,0.00010000000000000000000000,4.1000000000000000000000,410.00000000000000000000,178.06073758033324933696,0.0022269437688722481204278,2.4800276554108698914041e-17,0.0079113183120200974805046,0.0056843745431478493600769,3.5525451619402527456488,2.5525451619402527456488,0.28148832862517122724400,True
0.010000000000000000000000,0.00010000000000000000000000,4.5000000000000000000000,450.00000000000000000000,195.43251685646332244301,0.0016447764636765500485867,1.7408816225857956962158e-10,0.0050788942965248875003845,0.0034341178328483374517978,3.0878933451978593322443,2.0878933451978593322443,0.32384538201591420864438,True
0.010000000000000000000000,0.00010000000000000000000000,5.0000000000000000000000,500.00000000000000000000,217.14724095162591382556,0.0011536988653800840438635,7.9834694632907599043392e-14,0.0030110284658129718886921,0.0018573296004328878448287,2.6098911563209294688473,1.6098911563209294688473,0.38315774111042406615240,True
0.010000000000000000000000,0.00010000000000000000000000,6.0000000000000000000000,600.00000000000000000000,260.57668914195109659068,0.00061813802509154677346083,1.5234863741887970532850e-14,0.0011835321311626718359195,0.00056539410607112506245867,1.9146729098042297410745,0.91467290980422974107452,0.52228241956076318252690,True
0.010000000000000000000000,0.00010000000000000000000000,8.0000000000000000000000,800.00000000000000000000,347.43558552260146212090,0.00024581878254431432928584,1.6805744762482532905778e-11,0.00030593626523272134734117,0.000060117482688407018055330,1.2445601677226169576878,0.24456016772261695768780,0.80349670986969620087624,True
0.010000000000000000000000,0.00010000000000000000000000,10.000000000000000000000,1000.0000000000000000000,434.29448190325182765113,0.00013373764370630527764661,5.3840706198959864536846e-16,0.00014250881366696963997252,8.7711699606643623259140e-6,1.0655848997902662414211,0.065584899790266241421087,0.93845173687880243988114,True
0.010000000000000000000000,0.00010000000000000000000000,20.000000000000000000000,2000.0000000000000000000,868.58896380650365530226,0.000027976218569035960825886,7.8226038365736727704658e-12,0.000028333631383162727265651,3.5741281412676643976550e-7,1.0127755941441760980992,0.012775594144176098099203,0.98738556278602681477929,True
0.010000000000000000000000,0.00010000000000000000000000,40.000000000000000000000,4000.0000000000000000000,1737.1779276130073106045,6.5882600321076543181675e-6,7.3144379798635906436450e-20,6.6145833333338334852983e-6,2.6323301226179167130719e-8,1.0039954860764289025260,0.0039954860764289025259610,0.99602041430281415910807,True
0.010000000000000000000000,0.010000000000000000000000,4.0000000000000000000000,400.00000000000000000000,173.71779276130073106045,0.00054086292978957271060381,3.5086015677066127033124e-12,0.0023590360463378546884019,0.0018181731165482819777981,4.3616153306266665009091,3.3616153306266665009091,0.22927285516861992093605,True
0.010000000000000000000000,0.010000000000000000000000,4.0100000000000000000000,401.00000000000000000000,174.15208724320398288810,0.00053803664665645272855370,3.7239926782871995777714e-12,0.0023392830550552365597984,0.0018012464083987838312447,4.3478136100809431709562,3.3478136100809431709562,0.23000066002861217807708,True
0.010000000000000000000000,0.010000000000000000000000,4.1000000000000000000000,410.00000000000000000000,178.06073758033324933696,0.00051353368838734475260473,4.6522928714973260229448e-12,0.0021704004932326724698812,0.0016568668048453277172765,4.2264033349952249202386,3.2264033349952249202386,0.23660780118164699988881,True
0.010000000000000000000000,0.010000000000000000000000,4.5000000000000000000000,450.00000000000000000000,195.43251685646332244301,0.00042207634718442195494222,7.0562421224994557449547e-13,0.0015802203641448167848462,0.0011581440169603948299039,3.7439206785362829492123,2.7439206785362829492123,0.26709967594477945775824,True
0.010000000000000000000000,0.010000000000000000000000,5.0000000000000000000000,500.00000000000000000000,217.14724095162591382556,0.00033774856901174979384450,7.7884685436798752056209e-14,0.0010997983324807016804483,0.00076204976346895188660383,3.2562634852864210234236,2.2562634852864210234236,0.30710045563528467758594,True
0.010000000000000000000000,0.010000000000000000000000,6.0000000000000000000000,600.00000000000000000000,260.57668914195109659068,0.00022944210647867168499185,1.1885340523175330731654e-11,0.00059222158093002783816735,0.00036277947445135615317550,2.5811373074413398821360,1.5811373074413398821360,0.38742611526981946952673,True
0.010000000000000000000000,0.010000000000000000000000,8.0000000000000000000000,800.00000000000000000000,347.43558552260146212090,0.00012481483967217295028007,2.0615920602363920237658e-14,0.00024378495257911988394347,0.00011897011290694693366339,1.9531728215925507546963,0.95317282159255075469632,0.51198746416337801462523,True
0.010000000000000000000000,0.010000000000000000000000,10.000000000000000000000,1000.0000000000000000000,434.29448190325182765113,0.000078089061497621443663775,1.0667229453935788182406e-16,0.00013547401728595355315516,0.000057384955788332109491384,1.7348654816408573233911,0.73486548164085732339111,0.57641356669001655263479,True
0.010000000000000000000000,0.010000000000000000000000,20.000000000000000000000,2000.0000000000000000000,868.58896380650365530226,0.000018589760085461850991351,2.0638779669137464588815e-19,0.000028333429335071093067592,9.7436692496092420762415e-6,1.5241417428097575522162,0.52414174280975755221623,0.65610695640190165265611,True
0.010000000000000000000000,0.010000000000000000000000,40.000000000000000000000,4000.0000000000000000000,1737.1779276130073106045,4.5318476522534121286867e-6,5.0313616076251977883955e-20,6.6145833333335300659177e-6,2.0827356810801179372310e-6,1.4595776029771213056135,0.45957760297712130561352,0.68512972380521988152625,True
0.010000000000000000000000,0.10000000000000000000000,4.0000000000000000000000,400.00000000000000000000,173.71779276130073106045,0.000062383321954271875320330,6.9259400386236655827583e-19,0.0018857901412246762855005,0.0018234068192704044101801,30.229075370609394815474,29.229075370609394815474,0.033080733953651218549877,True
0.010000000000000000000000,0.10000000000000000000000,4.0100000000000000000000,401.00000000000000000000,174.15208724320398288810,0.000062072377307129890107410,6.8914182479595677480778e-19,0.0018708985809176751622068,0.0018088262036105452720993,30.140598154644481605710,29.140598154644481605710,0.033177841888512956523115,True
0.010000000000000000000000,0.10000000000000000000000,4.1000000000000000000000,410.00000000000000000000,178.06073758033324933696,0.000059375471482451253985926,6.5920015537791760347961e-19,0.0017435485589017456967266,0.0016841730874192944427406,29.364795181745395135537,28.364795181745395135537,0.034054383618573621683556,True
0.010000000000000000000000,0.10000000000000000000000,4.5000000000000000000000,450.00000000000000000000,195.43251685646332244301,0.000049282561942589169306033,5.4714634981177977084712e-19,0.0012972709410027658845679,0.0012479883790601767152619,26.323123025016399185854,25.323123025016399185854,0.037989413302123827480413,True
0.010000000000000000000000,0.10000000000000000000000,5.0000000000000000000000,500.00000000000000000000,217.14724095162591382556,0.000039912393762905203686842,4.4311658523482847951840e-19,0.00093009740378789545847806,0.00089018501002499025479122,23.303473334950234311107,22.303473334950234311107,0.042912058027856882482604,True
0.010000000000000000000000,0.10000000000000000000000,6.0000000000000000000000,600.00000000000000000000,260.57668914195109659068,0.000027708659375471918669594,3.0762791620144635922154e-19,0.00053080838650867671026904,0.00050309972713320479159945,19.156768983870634244153,18.156768983870634244153,0.052200869616476918358071,True
0.010000000000000000000000,0.10000000000000000000000,8.0000000000000000000000,800.00000000000000000000,347.43558552260146212090,0.000015578848740230810676621,1.7295996568556860269596e-19,0.00023563607022803144572906,0.00022005722148780063505244,15.125384048406926480159,14.125384048406926480159,0.066114023736496429689319,True
0.010000000000000000000000,0.10000000000000000000000,10.000000000000000000000,1000.0000000000000000000,434.29448190325182765113,9.9671773769945328780296e-6,1.1065789814462304844534e-19,0.00013438369934054794990957,0.00012441652196355341703154,13.482623440686628111204,12.482623440686628111204,0.074169541588048172006987,True
0.010000000000000000000000,0.10000000000000000000000,20.000000000000000000000,2000.0000000000000000000,868.58896380650365530226,2.4898756869602101104988e-6,2.7643173161176039465414e-20,0.000028333380901359952488366,0.000025843505214399742377867,11.379435949250561515031,10.379435949250561515031,0.087877817886558693508822,True
0.010000000000000000000000,0.10000000000000000000000,40.000000000000000000000,4000.0000000000000000000,1737.1779276130073106045,6.2219487933086559117157e-7,6.9077508083699792098212e-21,6.6145833333334312641692e-6,5.9923884540025656729976e-6,10.631047527178351204842,9.6310475271783512048421,0.094064107741357814837651,True
0.010000000000000000000000,0.50000000000000000000000,4.0000000000000000000000,400.00000000000000000000,173.71779276130073106045,0.000012499062664020552104738,1.3876747155828264745746e-19,0.0015864323953226810888510,0.0015739333326586605367462,126.92410926855663064492,125.92410926855663064492,0.0078787237961553583450609,True
0.010000000000000000000000,0.50000000000000000000000,4.0100000000000000000000,401.00000000000000000000,174.15208724320398288810,0.000012436799372962491009109,1.3807621016506667015327e-19,0.0015745330548485204960126,0.0015620962554755580050035,126.60275426421556680434,125.60275426421556680434,0.0078987223130472707333689,True
0.010000000000000000000000,0.50000000000000000000000,4.1000000000000000000000,410.00000000000000000000,178.06073758033324933696,0.000011896772744745968578269,1.3208071019949994344786e-19,0.0014727992395682992644158,0.0014609024668235532958375,123.79821579921655477357,122.79821579921655477357,0.0080776608414281234320254,True
0.010000000000000000000000,0.50000000000000000000000,4.5000000000000000000000,450.00000000000000000000,195.43251685646332244301,9.8757385961839931432234e-6,1.0964272374662789718442e-19,0.0011160647323700794101257,0.0011061889937738954169825,113.01076081553325523291,112.01076081553325523291,0.0088487148726685738177914,True
0.010000000000000000000000,0.50000000000000000000000,5.0000000000000000000000,500.00000000000000000000,217.14724095162591382556,7.9992961266911963846837e-6,8.8810027406473989440083e-20,0.00082036064444107379489653,0.00081236134831438259851185,102.55410369217137407797,101.55410369217137407797,0.0097509506104370209099032,True
0.010000000000000000000000,0.50000000000000000000000,6.0000000000000000000000,600.00000000000000000000,260.57668914195109659068,5.5550001049139405593122e-6,6.1672890182706172142848e-20,0.00049052882555019696959750,0.00048497382544528302903819,88.304017333190736985535,87.304017333190736985535,0.011324513087856208605491,True
0.010000000000000000000000,0.50000000000000000000000,8.0000000000000000000000,800.00000000000000000000,347.43558552260146212090,3.1246289820371996037718e-6,3.4690350392687635766643e-20,0.00023019926796688165268854,0.00022707463898484445308477,73.672512573571547449705,72.672512573571547449705,0.013573583485446766302940,True
0.010000000000000000000000,0.50000000000000000000000,10.000000000000000000000,1000.0000000000000000000,434.29448190325182765113,1.9997360571055338152036e-6,2.2201530137716905639739e-20,0.00013364902046491296722360,0.00013164928440780743340839,66.833330323782720537188,65.833330323782720537188,0.014962594189985304441252,True
0.010000000000000000000000,0.50000000000000000000000,20.000000000000000000000,2000.0000000000000000000,868.58896380650365530226,4.9991852035675288234984e-7,5.5502105173660705682156e-21,0.000028333347641803667310982,0.000027833429121446914428632,56.675931152909409141955,55.675931152909409141955,0.017644174161021541123699,True
0.010000000000000000000000,0.50000000000000000000000,40.000000000000000000000,4000.0000000000000000000,1737.1779276130073106045,1.2497741240597881606789e-7,1.3875280081119137348641e-21,6.6145833333333628024539e-6,6.4896059209273839863860e-6,52.926230476323468874039,51.926230476323468874039,0.018894222977911673842659,True
0.010000000000000000000000,1.0000000000000000000000,4.0000000000000000000000,400.00000000000000000000,173.71779276130073106045,6.2498828176266368883418e-6,6.9387638053382405527049e-20,0.0014589056970486062764675,0.0014526558142309796395792,233.42928813545639214222,232.42928813545639214222,0.0042839525750500992834941,True
0.010000000000000000000000,1.0000000000000000000000,4.0100000000000000000000,401.00000000000000000000,174.15208724320398288810,6.2187500048679456386955e-6,6.9041994397921973518332e-20,0.0014482769634852725830126,0.0014420582134804046373739,232.88875776507863643800,231.88875776507863643800,0.0042938955473699928314313,True
0.010000000000000000000000,1.0000000000000000000000,4.1000000000000000000000,410.00000000000000000000,178.06073758033324933696,5.9487265603855255993249e-6,6.6044131945392220358085e-20,0.0013574234074885320191079,0.0013514746809281464935086,228.18722523372464481564,227.18722523372464481564,0.0043823662739039532085100,True
0.010000000000000000000000,1.0000000000000000000000,4.5000000000000000000000,450.00000000000000000000,195.43251685646332244301,4.9381710149449682867032e-6,5.4824711603284820116990e-20,0.0010387613102448480585812,0.0010338231392299030902944,210.35345011363972969632,209.35345011363972969632,0.0047539034870108747573843,True
0.010000000000000000000000,1.0000000000000000000000,5.0000000000000000000000,500.00000000000000000000,217.14724095162591382556,3.9999120039597815257082e-6,4.4407944032706994744227e-20,0.00077349504406131138454365,0.00076949513205735160301795,193.37801514022725817800,192.37801514022725817800,0.0051712186583094990715794,True
0.010000000000000000000000,1.0000000000000000000000,6.0000000000000000000000,600.00000000000000000000,260.57668914195109659068,2.7777083366124691002044e-6,3.0838757510004079767310e-20,0.00047329922676557509688703,0.00047052151842896262778683,170.39198123399204626162,169.39198123399204626162,0.0058688207787591988664972,True
0.010000000000000000000000,1.0000000000000000000000,8.0000000000000000000000,800.00000000000000000000,347.43558552260146212090,1.5624536156500359179722e-6,1.7346719790034947148993e-20,0.00022786930077653821240607,0.00022630684716088817648809,145.84068192113116321586,144.84068192113116321586,0.0068567973409558495505786,True
0.010000000000000000000000,1.0000000000000000000000,10.000000000000000000000,1000.0000000000000000000,434.29448190325182765113,9.9996700178488862054138e-7,1.1101863892469683876869e-20,0.00013333383273256072066670,0.00013233386573077583204616,133.33823265624448258340,132.33823265624448258340,0.0074997244232122953780503,True
0.010000000000000000000000,1.0000000000000000000000,20.000000000000000000000,2000.0000000000000000000,868.58896380650365530226,2.4998981313628360068080e-7,2.7754444646564246259530e-21,0.000028333333344154389851136,0.000028083343531018106250455,113.33795160968533430593,112.33795160968533430593,0.0088231698720285028528026,True
0.010000000000000000000000,1.0000000000000000000000,40.000000000000000000000,4000.0000000000000000000,1737.1779276130073106045,6.2497175973668335491329e-8,6.9385803740016724277217e-22,6.6145833333333333442198e-6,6.5520861573596650087284e-6,105.83811556733742810345,104.83811556733742810345,0.0094483919582238743264458,True
0.010000000000000000000000,2.7182818284590452353603,4.0000000000000000000000,400.00000000000000000000,173.71779276130073106045,2.2992406729339893989295e-6,2.5526699342459542232603e-20,0.0012753875052897129512429,0.0012730882646167789618440,554.69943634140339272317,553.69943634140339272317,0.0018027781073578114072951,True
0.010000000000000000000000,2.7182818284590452353603,4.0100000000000000000000,401.00000000000000000000,174.15208724320398288810,2.2877874273895985103273e-6,2.5399542773358859109200e-20,0.0012665858797277056104547,0.0012642980923003160119444,553.62918099995857100381,552.62918099995857100381,0.0018062631709437924871052,True
0.010000000000000000000000,2.7182818284590452353603,4.1000000000000000000000,410.00000000000000000000,178.06073758033324933696,2.1884502792100574706941e-6,2.4296678882263585324132e-20,0.0011913788233872499861728,0.0011891903731080399287021,544.39382731477446362652,543.39382731477446362652,0.0018369054714167232199387,True
0.010000000000000000000000,2.7182818284590452353603,4.5000000000000000000000,450.00000000000000000000,195.43251685646332244301,1.8166835901059898681792e-6,2.0169239501943603384574e-20,0.00092748061776094953526286,0.00092566393417084354539468,510.53503362511134608095,509.53503362511134608095,0.0019587294389953764520235,True
0.010000000000000000000000,2.7182818284590452353603,5.0000000000000000000000,500.00000000000000000000,217.14724095162591382556,1.4715133834504376952879e-6,1.6337080393507426983103e-20,0.00070601335339471865496913,0.00070454184001126821727384,479.78724579401558439320,478.78724579401558439320,0.0020842571551585689547063,True
0.010000000000000000000000,2.7182818284590452353603,6.0000000000000000000000,600.00000000000000000000,260.57668914195109659068,1.0218838791741340848378e-6,1.1345190111523952390423e-20,0.00044848123807813989350240,0.00044745935419896575941756,438.87690883292275190723,437.87690883292275190723,0.0022785432085256796432207,True
0.010000000000000000000000,2.7182818284590452353603,8.0000000000000000000000,800.00000000000000000000,347.43558552260146212090,5.7480931738760352237017e-7,6.3816653893278679394318e-21,0.00022451169250467818387628,0.00022393688318729058035391,390.58464383465482370091,389.58464383465482370091,0.0025602645054917401873916,True
0.010000000000000000000000,2.7182818284590452353603,10.000000000000000000000,1000.0000000000000000000,434.29448190325182765113,3.6787779821021410198156e-7,4.0842640182138689222161e-21,0.00013287951775441717752023,0.00013251163995620696341825,361.20559164183827272588,360.20559164183827272588,0.0027685064216601968940484,True
0.010000000000000000000000,2.7182818284590452353603,20.000000000000000000000,2000.0000000000000000000,868.58896380650365530226,9.1969353091389274834633e-8,1.0210649336194119352058e-21,0.000028333312725777953172409,0.000028241343372686563897574,308.07341547377578198720,307.07341547377578198720,0.0032459795288150180385452,True
0.010000000000000000000000,2.7182818284590452353603,40.000000000000000000000,4000.0000000000000000000,1737.1779276130073106045,2.2992324464939786071716e-8,2.5526608010628433443327e-22,6.6145833333332908537957e-6,6.5915910088683510677240e-6,287.68658616572865910378,286.68658616572865910378,0.0034760049584791080915854,True
0.020000000000000000000000,1.0000000000000000000000e-8,4.0000000000000000000000,200.00000000000000000000,86.858896380650365530226,0.012072909696722706485161,1.3976517424201320705102e-9,228.95515050657573815447,228.94307759687901544799,18964.371991345843620010,18963.371991345843620010,0.000052730456903942699501731,True
0.020000000000000000000000,1.0000000000000000000000e-8,4.0100000000000000000000,200.50000000000000000000,87.076043621601991444051,0.011962925596171197897797,8.4004281396576185059370e-9,225.99899184161389399637,225.98702891601772279847,18891.615602285961849367,18890.615602285961849367,0.000052933535228135594602950,True
0.020000000000000000000000,1.0000000000000000000000e-8,4.1000000000000000000000,205.00000000000000000000,89.030368790166624668481,0.011019613599701899395274,7.0469836683873019012836e-10,201.12873508349601105410,201.11771546989630915470,18251.886353704535466972,18250.886353704535466972,0.000054788857470451690288212,True
0.020000000000000000000000,1.0000000000000000000000e-8,4.5000000000000000000000,225.00000000000000000000,97.716258428231661221504,0.0076908378219528750367003,1.6853551818875717114600e-15,120.69650238589214271685,120.68881154807018984182,15693.544081943027143676,15692.544081943027143676,0.000063720469689864304875665,True
0.020000000000000000000000,1.0000000000000000000000e-8,5.0000000000000000000000,250.00000000000000000000,108.57362047581295691278,0.0049770446828416661446681,2.7079032957288973193499e-11,64.688320209297947300182,64.683343164615105634037,12997.335634198859283214,12996.335634198859283214,0.000076938845633006448243428,True
0.020000000000000000000000,1.0000000000000000000000e-8,6.0000000000000000000000,300.00000000000000000000,130.28834457097554829534,0.0022185140732946753890550,1.5180950594384512442048e-9,19.281043304401306974642,19.278824790328012299253,8690.9718250141077517699,8689.9718250141077517699,0.00011506193094790946866751,True
0.020000000000000000000000,1.0000000000000000000000e-8,8.0000000000000000000000,400.00000000000000000000,173.71779276130073106045,0.00062463440936953666948739,2.5598831556602704741243e-11,1.8875566001176981491837,1.8869319657083286125142,3021.8581810484454776423,3020.8581810484454776423,0.00033092221411034124082046,True
0.020000000000000000000000,1.0000000000000000000000e-8,10.000000000000000000000,500.00000000000000000000,217.14724095162591382556,0.00028549873412512192771828,1.8245940799910265184280e-13,0.20004308357383906531515,0.19975758483971394338743,700.67940646689069824566,699.67940646689069824566,0.0014271862292091684865617,True
0.020000000000000000000000,1.0000000000000000000000e-8,20.000000000000000000000,1000.0000000000000000000,434.29448190325182765113,0.000055956079351966913293381,3.1175624556678549481603e-11,0.000060995848630844501737524,5.0397692788775884441423e-6,1.0900665189063221136993,0.090066518906322113699284,0.91737520844444702229383,True
0.020000000000000000000000,1.0000000000000000000000e-8,40.000000000000000000000,2000.0000000000000000000,868.58896380650365530226,0.000013177255719502026565237,1.4629692701164684015242e-19,0.000013229166671022794929889,5.1910951520768364651606e-8,1.0039394356932712010065,0.0039394356932712010065484,0.99607602256350173110151,True
0.020000000000000000000000,1.0000000000000000000000e-6,4.0000000000000000000000,200.00000000000000000000,86.858896380650365530226,0.0086990442952331974879598,2.9216885971683481670880e-11,2.2974323258073025656313,2.2887332815120693681434,264.10169299473772989439,263.10169299473772989439,0.0037864202560031493857953,True
0.020000000000000000000000,1.0000000000000000000000e-6,4.0100000000000000000000,200.50000000000000000000,87.076043621601991444051,0.0086226307164608554272312,4.3928763847124880828870e-11,2.2678000245262545133991,2.2591773938097936579719,263.00558369001673975474,262.00558369001673975474,0.0038022006452099456265111,True
0.020000000000000000000000,1.0000000000000000000000e-6,4.1000000000000000000000,205.00000000000000000000,89.030368790166624668481,0.0079668139384436782046151,4.5953374339178689366976e-10,2.0184921970854101183338,2.0105253831469664401292,253.36253773233265165732,252.36253773233265165732,0.0039469134188119786238941,True
0.020000000000000000000000,1.0000000000000000000000e-6,4.5000000000000000000000,225.00000000000000000000,97.716258428231661221504,0.0056444850049272970886424,1.0633808648445134773889e-15,1.2120497759595852350646,1.2064052909546579379760,214.73168498127613570009,213.73168498127613570009,0.0046569745870861887951782,True
0.020000000000000000000000,1.0000000000000000000000e-6,5.0000000000000000000000,250.00000000000000000000,108.57362047581295691278,0.0037358689520593111410562,4.5439041418404713112977e-17,0.65025134213696888730023,0.64651547318490957615917,174.05625049522492256719,173.05625049522492256719,0.0057452691136043638081803,True
0.020000000000000000000000,1.0000000000000000000000e-6,6.0000000000000000000000,300.00000000000000000000,130.28834457097554829534,0.0017619110328620915121670,2.6690578241388923035831e-11,0.19442324255789837719124,0.19266133152503628567908,110.34793410770150612907,109.34793410770150612907,0.0090622448719699870264756,True
0.020000000000000000000000,1.0000000000000000000000e-6,8.0000000000000000000000,400.00000000000000000000,173.71779276130073106045,0.00056283990486426818122823,5.3493846853514773892480e-13,0.019418193735734749460390,0.018855353830870481279162,34.500385576636662858926,33.500385576636662858926,0.028985183304072711860614,True
0.020000000000000000000000,1.0000000000000000000000e-6,10.000000000000000000000,500.00000000000000000000,217.14724095162591382556,0.00027713575655592222801715,3.1039905888652352672352e-18,0.0022768080403952890531435,0.0019996722838393668251264,8.2154972302747954638535,7.2154972302747954638535,0.12172117791177827132624,True
0.020000000000000000000000,1.0000000000000000000000e-6,20.000000000000000000000,1000.0000000000000000000,434.29448190325182765113,0.000055956079260518954754389,3.1174990939136434930923e-11,0.000056710520410530524105150,7.5444115001156935076162e-7,1.0134827378898199884320,0.013482737889819988431969,0.98669662798806766246655,True
0.020000000000000000000000,1.0000000000000000000000e-6,40.000000000000000000000,2000.0000000000000000000,868.58896380650365530226,0.000013177255701110935248721,1.4629692680746469725485e-19,0.000013229166666711386161445,5.1910965600450912723734e-8,1.0039394367672530217015,0.0039394367672530217015433,0.99607602149793193566834,True
0.020000000000000000000000,0.00010000000000000000000000,4.0000000000000000000000,200.00000000000000000000,86.858896380650365530226,0.0053249919161389925648109,5.9114873911768339720396e-17,0.029185080643493300200417,0.023860088727354307635606,5.4807746383687680468357,4.4807746383687680468357,0.18245596033075134659009,True
0.020000000000000000000000,0.00010000000000000000000000,4.0100000000000000000000,200.50000000000000000000,87.076043621601991444051,0.0052821491997451869986923,5.8511210335622275882808e-17,0.028834660407296074235848,0.023552511207550887237156,5.4588879103769105666484,4.4588879103769105666484,0.18318749467251008229258,True
0.020000000000000000000000,0.00010000000000000000000000,4.1000000000000000000000,205.00000000000000000000,89.030368790166624668481,0.0049138309518442011196719,5.4315729652095701299488e-17,0.025878632406191576574825,0.020964801454347375455153,5.2664881351848527184636,4.2664881351848527184636,0.18987985434147383543731,True
0.020000000000000000000000,0.00010000000000000000000000,4.5000000000000000000000,225.00000000000000000000,97.716258428231661221504,0.0035979674578461987196387,3.9748725572999431694179e-17,0.016192305231107324208550,0.012594337773261125488912,4.5004034696857149907914,3.5004034696857149907914,0.22220229957956077475194,True
0.020000000000000000000000,0.00010000000000000000000000,5.0000000000000000000000,250.00000000000000000000,108.57362047581295691278,0.0024945557595423920247413,1.5313386935389416976250e-11,0.0092562714911869679837696,0.0067617157316445759590283,3.7105891322649621444430,2.7105891322649621444430,0.26949898368014542316050,True
0.020000000000000000000000,0.00010000000000000000000000,6.0000000000000000000000,300.00000000000000000000,130.28834457097554829534,0.0013052211173885833912007,3.8418212103591574556481e-15,0.0033310234421400386141343,0.0020258023247514552229337,2.5520759645726328539159,1.5520759645726328539159,0.39183786606738355084541,True
0.020000000000000000000000,0.00010000000000000000000000,8.0000000000000000000000,400.00000000000000000000,173.71779276130073106045,0.00050101590453437685468430,1.1942592925680099984892e-10,0.00070622139456302414935085,0.00020520549002864729466656,1.4095787941489734962662,0.40957879414897349626618,0.70943178497782754429654,True
0.020000000000000000000000,0.00010000000000000000000000,10.000000000000000000000,500.00000000000000000000,217.14724095162591382556,0.00026876246547745773796123,1.0047829290707292748674e-13,0.00029500561188168594728287,0.000026243146404228209321641,1.0976443877965144455708,0.097644387796514445570766,0.91104187396016993149427,True
0.020000000000000000000000,0.00010000000000000000000000,20.000000000000000000000,1000.0000000000000000000,434.29448190325182765113,0.000055955166103835509261444,2.5685466390339877287841e-11,0.000056667479187455810579875,7.1231308362030131843098e-7,1.0127300682531880648594,0.012730068253188064859431,0.98742994934953834306413,True
0.020000000000000000000000,0.00010000000000000000000000,40.000000000000000000000,2000.0000000000000000000,868.58896380650365530226,0.000013177071794046890218510,1.4629488502889575877440e-19,0.000013229166666667884698752,5.2094872620994480241801e-8,1.0039534483408164924950,0.0039534483408164924949510,0.99606211986487007114753,True
0.020000000000000000000000,0.010000000000000000000000,4.0000000000000000000000,200.00000000000000000000,86.858896380650365530226,0.0017109797382259117171088,5.0809520163056041269778e-10,0.0048325448357302980036395,0.0031215650975043862865307,2.8244313639512111302122,1.8244313639512111302122,0.35405356729967040310521,True
0.020000000000000000000000,0.010000000000000000000000,4.0100000000000000000000,200.50000000000000000000,87.076043621601991444051,0.0017014063760978785676223,3.5840245526122946582628e-10,0.0047915608180244455107017,0.0030901544419265669430794,2.8162353717127462007532,1.8162353717127462007532,0.35508395713098060460604,True
0.020000000000000000000000,0.010000000000000000000000,4.1000000000000000000000,205.00000000000000000000,89.030368790166624668481,0.0016184924411846241138753,2.8154409114613620079361e-10,0.0044413609442868587559005,0.0028228685031022346420252,2.7441344990379385748771,1.7441344990379385748771,0.36441362489724475651716,True
0.020000000000000000000000,0.010000000000000000000000,4.5000000000000000000000,225.00000000000000000000,97.716258428231661221504,0.0013107054927228902647865,9.4000491012583249405424e-11,0.0032207858946702090617701,0.0019100804019473187969836,2.4572918268460697976564,1.4572918268460697976564,0.40695207181944621946578,True
0.020000000000000000000000,0.010000000000000000000000,5.0000000000000000000000,250.00000000000000000000,108.57362047581295691278,0.0010303503185331637723721,2.1831503770303184452928e-11,0.0022319388105570136029605,0.0012015884920238498305885,2.1661941287449356322600,1.1661941287449356322600,0.46163914246198554626222,True
0.020000000000000000000000,0.010000000000000000000000,6.0000000000000000000000,300.00000000000000000000,130.28834457097554829534,0.00067828915821740680927279,6.7661312182394628411686e-13,0.0011940827536582026257577,0.00051579359544079581648486,1.7604332004898012253076,0.76043320048980122530763,0.56804200223091244318790,True
0.020000000000000000000000,0.010000000000000000000000,8.0000000000000000000000,400.00000000000000000000,173.71779276130073106045,0.00035275345826609640909055,7.8220785415430548609406e-12,0.00048851339379921558243362,0.00013575993553311917334306,1.3848578443438246407009,0.38485784434382464070088,0.72209577617247888383689,True
0.020000000000000000000000,0.010000000000000000000000,10.000000000000000000000,500.00000000000000000000,217.14724095162591382556,0.00021471837372936474253038,8.6393097075502541361616e-11,0.00027104791441738457298370,0.000056329540688019830453317,1.2623415020785258480642,0.26234150207852584806415,0.79217866033354379794366,True
0.020000000000000000000000,0.010000000000000000000000,20.000000000000000000000,1000.0000000000000000000,434.29448190325182765113,0.000048720090610236333361627,5.4090166357308266572362e-19,0.000056666860834353489695670,7.9467702241171563340435e-6,1.1631107439370710116093,0.16311074393707101160934,0.85976335891718324496194,True
0.020000000000000000000000,0.010000000000000000000000,40.000000000000000000000,2000.0000000000000000000,868.58896380650365530226,0.000011652426597659211182645,1.2936792301475832248844e-19,0.000013229166666667062309117,1.5767400690078511264720e-6,1.1353143103535699037122,0.13531431035356990371223,0.88081334911437072343886,True
0.020000000000000000000000,0.10000000000000000000000,4.0000000000000000000000,200.00000000000000000000,86.858896380650365530226,0.00024815700971316432266178,2.7550962590568363472787e-18,0.0037830275567548114336845,0.0035348705470416471110227,15.244492029975198487359,14.244492029975198487359,0.065597462876014696326011,True
0.020000000000000000000000,0.10000000000000000000000,4.0100000000000000000000,200.50000000000000000000,87.076043621601991444051,0.00024691779736939250031014,2.7413382382922846074739e-18,0.0037530966326267475635240,0.0035061788352573550632139,15.199781759805925107540,14.199781759805925107540,0.065790418296951144406160,True
0.020000000000000000000000,0.10000000000000000000000,4.1000000000000000000000,205.00000000000000000000,89.030368790166624668481,0.00023616982666113699620747,2.6220117928092644161005e-18,0.0034971531135856427750670,0.0032609832869245057788595,14.807789644540218313086,13.807789644540218313086,0.067532023617630880232539,True
0.020000000000000000000000,0.10000000000000000000000,4.5000000000000000000000,225.00000000000000000000,97.716258428231661221504,0.00019594906050336225723219,2.1754715862450065194655e-18,0.0026005763986435893183436,0.0024046273381402270611114,13.271696184524275694926,12.271696184524275694926,0.075348319167076007532512,True
0.020000000000000000000000,0.10000000000000000000000,5.0000000000000000000000,250.00000000000000000000,108.57362047581295691278,0.00015861678237200155194842,1.7610000388135376602243e-18,0.0018634290221353519411625,0.0017048122397633503892141,11.747994091602992593844,10.747994091602992593844,0.085120914447408596249946,True
0.020000000000000000000000,0.10000000000000000000000,6.0000000000000000000000,300.00000000000000000000,130.28834457097554829534,0.00011002051298329970702778,1.2214730669513030550697e-18,0.0010625807321971681154804,0.00095256021921386840845260,9.6580237937852547767094,8.6580237937852547767094,0.10354085073216324104556,True
0.020000000000000000000000,0.10000000000000000000000,8.0000000000000000000000,400.00000000000000000000,173.71779276130073106045,0.000061772613774532425523489,6.8581378103762995198802e-19,0.00047136648932016047291279,0.00040959387554562804738930,7.6306709481426404137421,6.6306709481426404137421,0.13105007499286902327610,True
0.020000000000000000000000,0.10000000000000000000000,10.000000000000000000000,500.00000000000000000000,217.14724095162591382556,0.000039483142290046892242117,4.3835093654961292654755e-19,0.00026877738666564364648648,0.00022929424437559675424436,6.8073960449039131536396,5.8073960449039131536396,0.14689904824159750591959,True
0.020000000000000000000000,0.10000000000000000000000,20.000000000000000000000,1000.0000000000000000000,434.29448190325182765113,9.8409608565485893194591e-6,1.0925661327375146159594e-19,0.000056666762019141035332780,0.000046825801162592446013321,5.7582549961503594607093,4.7582549961503594607093,0.17366372289322770663229,True
0.020000000000000000000000,0.10000000000000000000000,40.000000000000000000000,2000.0000000000000000000,868.58896380650365530226,2.4560077632981269779577e-6,2.7267163674717121227258e-20,0.000013229166666666862746067,0.000010773158903368735768109,5.3864514861718766654314,4.3864514861718766654314,0.18565098053276905138582,True
0.020000000000000000000000,0.50000000000000000000000,4.0000000000000000000000,200.00000000000000000000,86.858896380650365530226,0.000049985010489271475275785,5.5494509531319151589021e-19,0.0031751542455064539502387,0.0031251692350171824749629,63.522128222578900396737,62.522128222578900396737,0.015742545597591464685229,True
0.020000000000000000000000,0.50000000000000000000000,4.0100000000000000000000,200.50000000000000000000,87.076043621601991444051,0.000049735994650270148934262,5.5218046413363532460311e-19,0.0031513260038553204398474,0.0031015900092050502909131,63.361073323547245343274,62.361073323547245343274,0.015782560924964068841850,True
0.020000000000000000000000,0.50000000000000000000000,4.1000000000000000000000,205.00000000000000000000,89.030368790166624668481,0.000047576212088916811024872,5.2820206085565157099315e-19,0.0029476096782930288051543,0.0029000334662041119941294,61.955535106160620735737,60.955535106160620735737,0.016140607909955148401624,True
0.020000000000000000000000,0.50000000000000000000000,4.5000000000000000000000,225.00000000000000000000,97.716258428231661221504,0.000039493305814794637606969,4.3846377434147582988259e-19,0.0022333363680677703300930,0.0021938430622529756924860,56.549744874260116961689,55.549744874260116961689,0.017683545738774365346760,True
0.020000000000000000000000,0.50000000000000000000000,5.0000000000000000000000,250.00000000000000000000,108.57362047581295691278,0.000031988744102708576377836,3.5514640231669252486099e-19,0.0016413681317940597946343,0.0016093793876913512182565,51.310802528664467542425,50.310802528664467542425,0.019489073464429952859282,True
0.020000000000000000000000,0.50000000000000000000000,6.0000000000000000000000,300.00000000000000000000,130.28834457097554829534,0.000022213340043156019435836,2.4661761569739781981438e-19,0.00098125044293635687818346,0.00095903710289320085874762,44.173926164637378353060,43.173926164637378353060,0.022637788551395088613754,True
0.020000000000000000000000,0.50000000000000000000000,8.0000000000000000000000,400.00000000000000000000,173.71779276130073106045,0.000012494067346838100274198,1.3871201239677000936242e-19,0.00046041740570658282166802,0.00044792333835974472139383,36.850882336815770120238,35.850882336815770120238,0.027136392308331592345182,True
0.020000000000000000000000,0.50000000000000000000000,10.000000000000000000000,500.00000000000000000000,217.14724095162591382556,7.9957796519788608691215e-6,8.8770986694562526011843e-20,0.00026730003852673548378066,0.00025930425887475662291154,33.430140669344469311491,32.430140669344469311491,0.029913125699677439373616,True
0.020000000000000000000000,0.50000000000000000000000,20.000000000000000000000,1000.0000000000000000000,434.29448190325182765113,1.9986973017298257371266e-6,2.2189997636366262217869e-20,0.000056666695326891560693174,0.000054667998025161734956047,28.351814593359315647917,27.351814593359315647917,0.035271111015032678543197,True
0.020000000000000000000000,0.50000000000000000000000,40.000000000000000000000,2000.0000000000000000000,868.58896380650365530226,4.9963889362349162004406e-7,5.5471060369903972822945e-21,0.000013229166666666725648453,0.000012729527773043234028409,26.477455689499844252441,25.477455689499844252441,0.037767979360515733600340,True
0.020000000000000000000000,1.0000000000000000000000,4.0000000000000000000000,200.00000000000000000000,86.858896380650365530226,0.000024998125328041104209476,2.7753494311656529491493e-19,0.0029189561215277584392034,0.0028939579961997173349939,116.76700085399935170452,115.76700085399935170452,0.0085640634142034598500759,True
0.020000000000000000000000,1.0000000000000000000000,4.0100000000000000000000,200.50000000000000000000,87.076043621601991444051,0.000024873598745924982018218,2.7615242033013334030654e-19,0.0028976838740496848899362,0.0028728102753037599079180,116.49636643448747752952,115.49636643448747752952,0.0085839587156768257510111,True
0.020000000000000000000000,1.0000000000000000000000,4.1000000000000000000000,205.00000000000000000000,89.030368790166624668481,0.000023793545489491937156538,2.6416142039899988689571e-19,0.0027158524145552791763772,0.0026920588690657872392206,114.14240117155699645484,113.14240117155699645484,0.0087609861868683796462150,True
0.020000000000000000000000,1.0000000000000000000000,4.5000000000000000000000,225.00000000000000000000,97.716258428231661221504,0.000019751477192367986286447,2.1928544749325579436884e-19,0.0020781260721535018720831,0.0020583745949611338857966,105.21370386193161809746,104.21370386193161809746,0.0095044653243294822904342,True
0.020000000000000000000000,1.0000000000000000000000,5.0000000000000000000000,250.00000000000000000000,108.57362047581295691278,0.000015998592253382392769367,1.7762005481294797888017e-19,0.0015473135095785788715079,0.0015313149173251964787386,96.715603790167770077588,95.715603790167770077587,0.010339593207416456802594,True
0.020000000000000000000000,1.0000000000000000000000,6.0000000000000000000000,300.00000000000000000000,130.28834457097554829534,0.000011110000209827881118624,1.2334578036541234428570e-19,0.00094669484944913166326829,0.00093558484923930378214967,85.211055946847555901054,84.211055946847555901054,0.011735566340402752829137,True
0.020000000000000000000000,1.0000000000000000000000,8.0000000000000000000000,400.00000000000000000000,173.71779276130073106045,6.2492579640743992075436e-6,6.9380700785375271533285e-20,0.00045574803643948618295760,0.00044949877847541178375006,72.928344302552521727526,71.928344302552521727526,0.013712089717152670817829,True
0.020000000000000000000000,1.0000000000000000000000,10.000000000000000000000,500.00000000000000000000,217.14724095162591382556,3.9994721142110676304071e-6,4.4403060275433811279477e-20,0.00026666866426357621600013,0.00026266919214936514836973,66.675965389542175460273,65.675965389542175460273,0.014997908079135896413351,True
0.020000000000000000000000,1.0000000000000000000000,20.000000000000000000000,1000.0000000000000000000,434.29448190325182765113,9.9983704071350576469968e-7,1.1100421034732141136431e-20,0.000056666666709950892737876,0.000055666829669237386973177,56.675902574595865673615,55.675902574595865673615,0.017644183057937487465496,True
0.020000000000000000000000,1.0000000000000000000000,40.000000000000000000000,2000.0000000000000000000,868.58896380650365530226,2.4995482481195763213577e-7,2.7750560162238274697282e-21,0.000013229166666666666710212,0.000012979211841854709078077,52.926230476323233252681,51.926230476323233252681,0.018894222977911757957519,True
0.020000000000000000000000,2.7182818284590452353603,4.0000000000000000000000,200.00000000000000000000,86.858896380650365530226,9.1968926807436970904952e-6,1.0210602009168232488137e-19,0.0025511961322668687441794,0.0025419992395861250470889,277.39761904675927369678,276.39761904675927369678,0.0036049336091505382485313,True
0.020000000000000000000000,2.7182818284590452353603,4.0100000000000000000000,200.50000000000000000000,87.076043621601991444051,9.1510799310648557489571e-6,1.0159739639653393528512e-19,0.0025335874437554384460533,0.0025244363638243735903043,276.86212587377326291675,275.86212587377326291675,0.0036119060952956747903477,True
0.020000000000000000000000,2.7182818284590452353603,4.1000000000000000000000,205.00000000000000000000,89.030368790166624668481,8.7537333561894571428703e-6,9.7185963234707819454823e-20,0.0023831275861853759954764,0.0023743738528291865383335,272.24128142997984414792,271.24128142997984414792,0.0036732122136194061798647,True
0.020000000000000000000000,2.7182818284590452353603,4.5000000000000000000000,225.00000000000000000000,97.716258428231661221504,7.2666742625981160814055e-6,8.0676290787874595236874e-20,0.0018551832329827539087328,0.0018479165587201557926514,255.30017803762878598985,254.30017803762878598985,0.0039169577071450754597850,True
0.020000000000000000000000,2.7182818284590452353603,5.0000000000000000000000,250.00000000000000000000,108.57362047581295691278,5.8860009602584391075197e-6,6.5347737890446996113992e-20,0.0014121456868939172951426,0.0014062596859336588560350,239.91597969972360036265,238.91597969972360036265,0.0041681258632775933785665,True
0.020000000000000000000000,2.7182818284590452353603,6.0000000000000000000000,300.00000000000000000000,130.28834457097554829534,4.0874940287986056337072e-6,4.5380299837900542762098e-20,0.00089699793823271801819067,0.00089291044420391941255696,219.44935745786599715893,218.44935745786599715893,0.0045568600044408822312158,True
0.020000000000000000000000,2.7182818284590452353603,8.0000000000000000000000,400.00000000000000000000,173.71779276130073106045,2.2992095570032299728380e-6,2.5526353886231923276140e-20,0.00044902685591009630561490,0.00044672764635309307564206,195.29618539658214557461,194.29618539658214557461,0.0051204277132670553252890,True
0.020000000000000000000000,2.7182818284590452353603,10.000000000000000000000,500.00000000000000000000,217.14724095162591382556,1.4714914778833902975208e-6,1.6336837192858392860876e-20,0.00026575940294625174044497,0.00026428791146836835014744,180.60546523077593386623,179.60546523077593386623,0.0055369310043979542740149,True
0.020000000000000000000000,2.7182818284590452353603,20.000000000000000000000,1000.0000000000000000000,434.29448190325182765113,3.6787132615369133592509e-7,4.0841921639521862466074e-21,0.000056666625459517594794125,0.000056298754133363903458200,154.03925620406493906300,153.03925620406493906300,0.0064918516529010026382153,True
0.020000000000000000000000,2.7182818284590452353603,40.000000000000000000000,2000.0000000000000000000,868.58896380650365530226,9.1967610622688017452120e-8,1.0210455883306937072995e-21,0.000013229166666666581715601,0.000013137199056043893698149,143.84593203080349136819,142.84593203080349136819,0.0069518823777780365118943,True
0.050000000000000000000000,1.0000000000000000000000e-8,4.0000000000000000000000,80.000000000000000000000,34.743558552260146212090,0.031860519257999309061802,1.5458821694524366163748e-11,1430.9334491758540466542,1430.9015886565960473452,44912.433397223606491983,44911.433397223606491983,0.000022265549300248289965283,True
0.050000000000000000000000,1.0000000000000000000000e-8,4.0100000000000000000000,80.200000000000000000000,34.830417448640796577621,0.031568860190773214556546,1.8182344480399714913910e-8,1412.4577889588276682776,1412.4262200986368950631,44742.121838521544935808,44741.121838521544935808,0.000022350303448037007967680,True
0.050000000000000000000000,1.0000000000000000000000e-8,4.1000000000000000000000,82.000000000000000000000,35.612147516066649867393,0.029067572886571724598652,2.1447329100007879833306e-9,1257.0215213700936486714,1256.9924537972070769468,43244.805002305397156841,43243.805002305397156841,0.000023124164855100852370330,True
0.050000000000000000000000,1.0000000000000000000000e-8,4.5000000000000000000000,90.000000000000000000000,39.086503371292664488602,0.020245001611754154521209,6.0222055341050708238069e-14,754.33000381904654737574,754.30975881743479322122,37260.061435662520658492,37259.061435662520658492,0.000026838388383409250630919,True
0.050000000000000000000000,1.0000000000000000000000e-8,5.0000000000000000000000,100.00000000000000000000,43.429448190325182765113,0.013060003545829408722057,1.7269529990066034841334e-16,404.28689249032168372935,404.27383248677585432063,30956.108937614106671788,30955.108937614106671788,0.000032303801553848434822158,True
0.050000000000000000000000,1.0000000000000000000000e-8,6.0000000000000000000000,120.00000000000000000000,52.115337828390219318135,0.0057734109478382558380518,2.8939866758270900013512e-9,120.49954674710538810875,120.49377333615754985292,20871.465384293171882136,20870.465384293171882136,0.000047912304267459357590666,True
0.050000000000000000000000,1.0000000000000000000000e-8,8.0000000000000000000000,160.00000000000000000000,69.487117104520292424181,0.0015923241531084264543949,2.8315006486058654465443e-13,11.795056307612854473098,11.793463983459746046643,7407.4467090054190054863,7406.4467090054190054863,0.00013499928373217655208389,True
0.050000000000000000000000,1.0000000000000000000000e-8,10.000000000000000000000,200.00000000000000000000,86.858896380650365530226,0.00071790678880014056062464,8.1721371138795788346965e-18,1.2492065500155977136251,1.2484886432267975730645,1740.0678883444389690327,1739.0678883444389690327,0.00057469022139787588139696,True
0.050000000000000000000000,1.0000000000000000000000e-8,20.000000000000000000000,400.00000000000000000000,173.71779276130073106045,0.00013989019837993652561892,7.7939061616289666886009e-11,0.00016872120635381489723904,0.000028831007973878371620125,1.2060974128835991541744,0.20609741288359915417435,0.82912042536361059154651,True
0.050000000000000000000000,1.0000000000000000000000e-8,40.000000000000000000000,800.00000000000000000000,347.43558552260146212090,0.000032943139298758938871003,3.6574231752916004596874e-19,0.000033072916693886598993500,1.2977739512766012249612e-7,1.0039394361888440062426,0.0039394361888440062426065,0.99607602207181052848865,True
0.050000000000000000000000,1.0000000000000000000000e-6,4.0000000000000000000000,80.000000000000000000000,34.743558552260146212090,0.023425855827656332230902,1.5118031999883374538740e-12,14.329036543612403426759,14.305610687784747094528,611.67611757841032647789,610.67611757841032647789,0.0016348521239621730224199,True
0.050000000000000000000000,1.0000000000000000000000e-6,4.0100000000000000000000,80.200000000000000000000,34.830417448640796577621,0.023218123063644414258802,2.7255488277807151466676e-9,14.144103154863565616365,14.120885031799921202106,609.18374478817357472600,608.18374478817357472600,0.0016415408463463215510171,True
0.050000000000000000000000,1.0000000000000000000000e-6,4.1000000000000000000000,82.000000000000000000000,35.612147516066649867393,0.021435573805112173062561,1.6433696314985573102684e-9,12.588227329327061506196,12.566791755521949333133,587.25870572799377873518,586.25870572799377873518,0.0017028270338885015132591,True
0.050000000000000000000000,1.0000000000000000000000e-6,4.5000000000000000000000,90.000000000000000000000,39.086503371292664488602,0.015129119632836176940404,2.3555443681814520720222e-11,7.5560119184421249934977,7.5408827988092888165573,499.43500361003087349033,498.43500361003087349033,0.0020022625422162451685727,True
0.050000000000000000000000,1.0000000000000000000000e-6,5.0000000000000000000000,100.00000000000000000000,43.429448190325182765113,0.0099570642712475461166832,2.1853302658528944713012e-11,4.0512892750131903730395,4.0413322107419428269229,406.87587873785954286585,405.87587873785954286585,0.0024577519884000698644551,True
0.050000000000000000000000,1.0000000000000000000000e-6,6.0000000000000000000000,120.00000000000000000000,52.115337828390219318135,0.0046319033788538770895431,1.5163623620991595639415e-9,1.2090274912557671496996,1.2043955878769132726101,261.02174254656627767559,260.02174254656627767559,0.0038310984757202745460067,True
0.050000000000000000000000,1.0000000000000000000000e-6,8.0000000000000000000000,160.00000000000000000000,69.487117104520292424181,0.0014378379017863560096480,2.7699072148359288325636e-14,0.11930713241252296465236,0.11786929451073660864271,82.976761333316452698505,81.976761333316452698505,0.012051567016251868793536,True
0.050000000000000000000000,1.0000000000000000000000e-6,10.000000000000000000000,200.00000000000000000000,86.858896380650365530226,0.00069699934788813564523480,1.4723787917838166696902e-13,0.013183008511798223136231,0.012486009163910087490997,18.913946694128069082833,17.913946694128069082833,0.052871038296330563540974,True
0.050000000000000000000000,1.0000000000000000000000e-6,20.000000000000000000000,400.00000000000000000000,173.71779276130073106045,0.00013989019834335734149278,7.7938808166455575930642e-11,0.00014193861687409334669183,2.0484185307360051990518e-6,1.0146430454384531505627,0.014643045438453150562748,0.98556827890923401837100,True
0.050000000000000000000000,1.0000000000000000000000e-6,40.000000000000000000000,800.00000000000000000000,347.43558552260146212090,0.000032943139291402501189765,3.6574231744748722541286e-19,0.000033072916666941761520300,1.2977737553926033053476e-7,1.0039394355951112899364,0.0039394355951112899363762,0.99607602266089279905573,True
0.050000000000000000000000,0.00010000000000000000000000,4.0000000000000000000000,80.000000000000000000000,34.743558552260146212090,0.014991104183232040192308,1.8096635301390051608905e-16,0.15881725889967472062785,0.14382615471644268043554,10.594100138221717246432,9.5941001382217172464325,0.094392160443355593105466,True
0.050000000000000000000000,0.00010000000000000000000000,4.0100000000000000000000,80.200000000000000000000,34.830417448640796577621,0.014867297892621264215804,2.2605184992102226806281e-12,0.15683268195371947891829,0.14196538406109821470249,10.548835644946385985395,9.5488356449463859853951,0.094797192188605992642376,True
0.050000000000000000000000,0.00010000000000000000000000,4.1000000000000000000000,82.000000000000000000000,35.612147516066649867393,0.013803488321687183586111,3.6363592684289736156327e-11,0.14011654938161430354068,0.12631306105992711995456,10.150807253661517073426,9.1508072536615170734262,0.098514332408320342198375,True
0.050000000000000000000000,0.00010000000000000000000000,4.5000000000000000000000,90.000000000000000000000,39.086503371292664488602,0.010013160312608199041683,2.6488436552541809951323e-9,0.085739637863199929579737,0.075726477550591730538054,8.5626950120073246540479,7.5626950120073246540480,0.11678566135985418715889,True
0.050000000000000000000000,0.00010000000000000000000000,5.0000000000000000000000,100.00000000000000000000,43.429448190325182765113,0.0068540607525481703987680,1.1275003840571784508029e-10,0.047397287924675101507314,0.040543227172126931108546,6.9152126944678687328656,5.9152126944678687328656,0.14460871186218095307362,True
0.050000000000000000000000,0.00010000000000000000000000,6.0000000000000000000000,120.00000000000000000000,52.115337828390219318135,0.0034903556092660704813903,4.0279342383188476706124e-11,0.015557252453960308602551,0.012066896844694238121161,4.4572112975134896196084,3.4572112975134896196084,0.22435552933240170879565,True
0.050000000000000000000000,0.00010000000000000000000000,8.0000000000000000000000,160.00000000000000000000,69.487117104520292424181,0.0012833383765201436532699,1.8231943732516242562269e-17,0.0024731699671394212833910,0.0011898315906192776301211,1.9271378557583419127350,0.92713785575834191273504,0.51890423770773428549065,True
0.050000000000000000000000,0.00010000000000000000000000,10.000000000000000000000,200.00000000000000000000,86.858896380650365530226,0.00067608744862027156941053,7.5182672700305208657312e-13,0.00081242391381231487324090,0.00013633646519204330383037,1.2016550750502358001910,0.20165507505023580019099,0.83218555870385226189065,True
0.050000000000000000000000,0.00010000000000000000000000,20.000000000000000000000,400.00000000000000000000,173.71779276130073106045,0.00013988983264458045852052,7.5464769544779863267442e-11,0.00014167032112711719681398,1.7804884825367382934542e-6,1.0127277904968293425290,0.012727790496829342529018,0.98743217020776602178921,True
0.050000000000000000000000,0.00010000000000000000000000,40.000000000000000000000,800.00000000000000000000,347.43558552260146212090,0.000032943065727273629361704,3.6574150072159058354708e-19,0.000033072916666671344708047,1.2985093939771534634271e-7,1.0039416774526303875974,0.0039416774526303875973596,0.99607379836781766613441,True
0.050000000000000000000000,0.010000000000000000000000,4.0000000000000000000000,80.000000000000000000000,34.743558552260146212090,0.0063445303700857713646855,6.5637256283922369715089e-11,0.012939907662235159710367,0.0065953772921493883456813,2.0395375082837259387182,1.0395375082837259387182,0.49030723678207889030090,True
0.050000000000000000000000,0.010000000000000000000000,4.0100000000000000000000,80.200000000000000000000,34.830417448640796577621,0.0063047159391000006112372,5.2246967174436163252978e-11,0.012826362354415906710041,0.0065216464153159060988038,2.0344076526700538952336,1.0344076526700538952336,0.49154356978924660296435,True
0.050000000000000000000000,0.010000000000000000000000,4.1000000000000000000000,82.000000000000000000000,35.612147516066649867393,0.0059606316587853231679347,1.4001322875037121877629e-11,0.011857602044378500510787,0.0058969703855931773428527,1.9893197102528024814072,0.98931971025280248140721,0.50268440756208067450535,True
0.050000000000000000000000,0.010000000000000000000000,4.5000000000000000000000,90.000000000000000000000,39.086503371292664488602,0.0046976115553058774678532,3.5340545647661102004439e-13,0.0085045534845298388450089,0.0038069419292239613771558,1.8103994730948073117927,0.81039947309480731179272,0.55236427918891237302066,True
0.050000000000000000000000,0.010000000000000000000000,5.0000000000000000000000,100.00000000000000000000,43.429448190325182765113,0.0035744839314679531128149,3.4968475597779713481827e-16,0.0058224131183596108228802,0.0022479291868916577100652,1.6288821631290669087177,0.62888216312906690871768,0.61391795099469298311594,True
0.050000000000000000000000,0.010000000000000000000000,6.0000000000000000000000,120.00000000000000000000,52.115337828390219318135,0.0022235903166120360749700,2.4640098556020415990517e-17,0.0030575038226316086850663,0.00083391350601957261009630,1.3750301931923149294106,0.37503019319231492941060,0.72725675767043878140153,True
0.050000000000000000000000,0.010000000000000000000000,8.0000000000000000000000,160.00000000000000000000,69.487117104520292424181,0.0010732774044123415124741,2.5235895546131339881252e-13,0.0012283596493053575651842,0.00015508224489301605271011,1.1444940928183699467261,0.14449409281836994672610,0.87374850274452136215742,True
0.050000000000000000000000,0.010000000000000000000000,10.000000000000000000000,200.00000000000000000000,86.858896380650365530226,0.00062907966605301508522530,1.1786773414386962632872e-11,0.00067836888488454243250958,0.000049289218831527347284278,1.0783513146129468849539,0.078351314612946884953930,0.92734156897553414026642,True
0.050000000000000000000000,0.010000000000000000000000,20.000000000000000000000,400.00000000000000000000,173.71779276130073106045,0.00013642695233014980882302,2.7163452470340696417854e-14,0.00014166716831746850094282,5.2402159873186921197954e-6,1.0384104159611914560211,0.038410415961191456021060,0.96301037107217636994305,True
0.050000000000000000000000,0.010000000000000000000000,40.000000000000000000000,800.00000000000000000000,347.43558552260146212090,0.000032231343272934592780743,3.5783979416209138223631e-19,0.000033072916666667672102404,8.4157339373307932166099e-7,1.0261104039818212614827,0.026110403981821261482710,0.97455400132334703660313,True
0.050000000000000000000000,0.10000000000000000000000,4.0000000000000000000000,80.000000000000000000000,34.743558552260146212090,0.0014962343816349671365984,8.8437734182005575399023e-13,0.0095434234491779700543380,0.0080471890675430029177396,6.3782944479257776742380,5.3782944479257776742380,0.15678172404304729962436,True
0.050000000000000000000000,0.10000000000000000000000,4.0100000000000000000000,80.200000000000000000000,34.830417448640796577621,0.0014886715841324563752843,8.2594568072860713045768e-13,0.0094674876125023482021386,0.0079788160283698918268543,6.3596885393763026985243,5.3596885393763026985243,0.15724040474756809649109,True
0.050000000000000000000000,0.10000000000000000000000,4.1000000000000000000000,82.000000000000000000000,35.612147516066649867393,0.0014230821441849425527827,4.3440721136193299273211e-13,0.0088183027523302422997710,0.0073952206081452997469883,6.1966224426073770809711,5.1966224426073770809711,0.16137823617009431441857,True
0.050000000000000000000000,0.10000000000000000000000,4.5000000000000000000000,90.000000000000000000000,39.086503371292664488602,0.0011777665131406498427381,7.6316654923071905329267e-15,0.0065466998713944049149173,0.0053689333582537550721792,5.5585719226613744350416,4.5585719226613744350416,0.17990232273925720069790,True
0.050000000000000000000000,0.10000000000000000000000,5.0000000000000000000000,100.00000000000000000000,43.429448190325182765113,0.00095043036767929542918409,2.4364735502985886608288e-15,0.0046828291645350875344542,0.0037323987968557921052701,4.9270618067153540032511,3.9270618067153540032511,0.20296071761004640382117,True
0.050000000000000000000000,0.10000000000000000000000,6.0000000000000000000000,120.00000000000000000000,52.115337828390219318135,0.00065552527156036112366956,4.9293550950968780033738e-17,0.0026636815243415305007682,0.0020081562527811693770986,4.0634307171729797403031,3.0634307171729797403031,0.24609746532007380214911,True
0.050000000000000000000000,0.10000000000000000000000,8.0000000000000000000000,160.00000000000000000000,69.487117104520292424181,0.00036485122466990503597994,4.0506623019121449097798e-18,0.0011791238397811330431920,0.00081427261511122800721205,3.2317935642067032212625,2.2317935642067032212625,0.30942570437523178078965,True
0.050000000000000000000000,0.10000000000000000000000,10.000000000000000000000,200.00000000000000000000,86.858896380650365530226,0.00023178686135349262364969,2.5733511028024637214438e-18,0.00067201837654821721622123,0.00044023151519472459257154,2.8992945183520906743536,1.8992945183520906743536,0.34491149266490624253141,True
0.050000000000000000000000,0.10000000000000000000000,20.000000000000000000000,400.00000000000000000000,173.71779276130073106045,0.000056979204946013672916649,6.3259625255899980317084e-19,0.00014166690667101106600231,0.000084687701724997393085665,2.4862913900823433077351,1.4862913900823433077351,0.40220547116437589848033,True
0.050000000000000000000000,0.10000000000000000000000,40.000000000000000000000,800.00000000000000000000,347.43558552260146212090,0.000014112868314088936050332,1.5668431345804353180249e-19,0.000033072916666667158498127,0.000018960048352578222447795,2.3434581780693245816430,1.3434581780693245816430,0.42671979784331266548240,True
0.050000000000000000000000,0.50000000000000000000000,4.0000000000000000000000,80.000000000000000000000,34.743558552260146212090,0.00031191660977135930721271,3.4629700193118319039106e-18,0.0079550565252243231696220,0.0076431399154529638624093,25.503792603592120276027,24.503792603592120276027,0.039209854610374830535361,True
0.050000000000000000000000,0.50000000000000000000000,4.0100000000000000000000,80.200000000000000000000,34.830417448640796577621,0.00031036188653564959552796,3.4457091239797856401344e-18,0.0078952642158253969582841,0.0075849023292897473627561,25.438897488202084865702,24.438897488202084865702,0.039309879701499431123449,True
0.050000000000000000000000,0.50000000000000000000000,4.1000000000000000000000,82.000000000000000000000,35.612147516066649867393,0.00029687735741225611802523,3.2960007768895860464190e-18,0.0073841081894057990853065,0.0070872308319935429672813,24.872587972924868508404,23.872587972924868508404,0.040204903530286154769638,True
0.050000000000000000000000,0.50000000000000000000000,4.5000000000000000000000,90.000000000000000000000,39.086503371292664488602,0.00024641280971294574236109,2.7357317490588979192893e-18,0.0055923926951265121490442,0.0053459798854135664066831,22.695219057975400741884,21.695219057975400741884,0.044062143548624913917863,True
0.050000000000000000000000,0.50000000000000000000000,5.0000000000000000000000,100.00000000000000000000,43.429448190325182765113,0.00019956196881452603619778,2.2155829261741426500275e-18,0.0041082716513244910228954,0.0039087096825099649866977,20.586445782877301249945,19.586445782877301249945,0.048575650724116070290138,True
0.050000000000000000000000,0.50000000000000000000000,6.0000000000000000000000,120.00000000000000000000,52.115337828390219318135,0.00013854329687735956250844,1.5381395810072314016772e-18,0.0024545720461106142378721,0.0023160287492332546753636,17.717003286585819247382,16.717003286585819247382,0.056442953914059269042123,True
0.050000000000000000000000,0.50000000000000000000000,8.0000000000000000000000,160.00000000000000000000,69.487117104520292424181,0.000077894243701154075934512,8.6479982842784325999882e-19,0.0011511850375626034263521,0.0010732907938614493504175,14.778820396269506951927,13.778820396269506951927,0.067664398997123043058348,True
0.050000000000000000000000,0.50000000000000000000000,10.000000000000000000000,200.00000000000000000000,86.858896380650365530226,0.000049835886884972674382155,5.5328949072311532111281e-19,0.00066826507829366032945266,0.00061842919140868765507051,13.409314453179049654932,12.409314453179049654932,0.074575027939845372420311,True
0.050000000000000000000000,0.50000000000000000000000,20.000000000000000000000,400.00000000000000000000,173.71779276130073106045,0.000012449378434801050552494,1.3821586580588020521568e-19,0.00014166673864186059726701,0.00012921736020705954671451,11.379422626100330856511,10.379422626100330856511,0.087877920774851721632532,True
0.050000000000000000000000,0.50000000000000000000000,40.000000000000000000000,800.00000000000000000000,347.43558552260146212090,3.1109743966543271231906e-6,3.4538754041849887174421e-20,0.000033072916666666814447726,0.000029961942270012487324535,10.631047527178244157675,9.6310475271782441576754,0.094064107741358761997016,True
0.050000000000000000000000,1.0000000000000000000000,4.0000000000000000000000,80.000000000000000000000,34.743558552260146212090,0.00015617683779339003313780,1.7339112123136995373688e-18,0.0073059757595484902450211,0.0071497989217551002118833,46.780149110290831361993,45.780149110290831361993,0.021376588553455831804984,True
0.050000000000000000000000,1.0000000000000000000000,4.0100000000000000000000,80.200000000000000000000,34.830417448640796577621,0.00015539875069208935587562,1.7252727101634208446033e-18,0.0072526842882177601541733,0.0070972855375256707982977,46.671445271708747067092,45.671445271708747067092,0.021426377395820203201230,True
0.050000000000000000000000,1.0000000000000000000000,4.1000000000000000000000,82.000000000000000000000,35.612147516066649867393,0.00014865018872797292419876,1.6503486214067044807956e-18,0.0067971730332248114771533,0.0066485228444968385529545,45.725963023588967563680,44.725963023588967563680,0.021869413652023536622416,True
0.050000000000000000000000,1.0000000000000000000000,4.5000000000000000000000,90.000000000000000000000,39.086503371292664488602,0.00012339398770597856494594,1.3699484625149090189074e-18,0.0051998410678622978421135,0.0050764470801563192771676,42.140149326014205978502,41.140149326014205978502,0.023730338311418229627090,True
0.050000000000000000000000,1.0000000000000000000000,5.0000000000000000000000,100.00000000000000000000,43.429448190325182765113,0.000099945061787177924550463,1.1096130879370882394938e-18,0.0038707094348661179469247,0.0037707643730789400223742,38.728371023556624007474,37.728371023556624007474,0.025820863970543651730091,True
0.050000000000000000000000,1.0000000000000000000000,6.0000000000000000000000,120.00000000000000000000,52.115337828390219318135,0.000069401092831872127384172,7.7050691196092348735586e-19,0.0023674600930076901793775,0.0022980590001758180519933,34.112720656186053617917,33.112720656186053617917,0.029314577693135667576947,True
0.050000000000000000000000,1.0000000000000000000000,8.0000000000000000000000,160.00000000000000000000,69.487117104520292424181,0.000039033545258980095402079,4.3335940679267821172864e-19,0.0011394408527467886434850,0.0011004073074878085480829,29.191323647053242549663,28.191323647053242549663,0.034256754235978139544530,True
0.050000000000000000000000,1.0000000000000000000000,10.000000000000000000000,200.00000000000000000000,86.858896380650365530226,0.000024979402846531162385446,2.7732708181606071586153e-19,0.00066667915164735135000084,0.00064169974880082018761539,26.689154890663516977798,25.689154890663516977798,0.037468402581372972007069,True
0.050000000000000000000000,1.0000000000000000000000,20.000000000000000000000,400.00000000000000000000,173.71779276130073106045,6.2436427376129102762015e-6,6.9318359248314983131806e-20,0.00014166666693719307961173,0.00013542302419958016933553,22.689745856816198740758,21.689745856816198740758,0.044072772181341609243094,True
0.050000000000000000000000,1.0000000000000000000000,40.000000000000000000000,800.00000000000000000000,347.43558552260146212090,1.5607378643385906927255e-6,1.7327671123929974564800e-20,0.000033072916666666666938827,0.000031512178802328076246101,21.190564682482604883956,20.190564682482604883956,0.047190814165828253627928,True
0.050000000000000000000000,2.7182818284590452353603,4.0000000000000000000000,80.000000000000000000000,34.743558552260146212090,0.000057477516708892457952818,6.3812862448489562479274e-19,0.0063811487433229931731500,0.0063236712266141007151972,111.01991019622031252099,110.01991019622031252099,0.0090073933426226562722945,True
0.050000000000000000000000,2.7182818284590452353603,4.0100000000000000000000,80.200000000000000000000,34.830417448640796577621,0.000057191197193675447766067,6.3494983930296116824276e-19,0.0063370862416388003037118,0.0062798950444451248559457,110.80527340909719657316,109.80527340909719657316,0.0090248412303263108530550,True
0.050000000000000000000000,2.7182818284590452353603,4.1000000000000000000000,82.000000000000000000000,35.612147516066649867393,0.000054707869368300029631449,6.0737936200872012451454e-19,0.0059605935110450101621722,0.0059058856416767101325408,108.95312831354425038663,107.95312831354425038663,0.0091782587198617165890495,True
0.050000000000000000000000,2.7182818284590452353603,4.5000000000000000000000,90.000000000000000000000,39.086503371292664488602,0.000045414085237242908230264,5.0419763072676490498344e-19,0.0046396230634132960583848,0.0045942089781760531501546,102.16264489697266983429,101.16264489697266983429,0.0097883135367967793954540,True
0.050000000000000000000000,2.7182818284590452353603,5.0000000000000000000000,100.00000000000000000000,43.429448190325182765113,0.000036785206245214335796234,4.0839782939022054486127e-19,0.0035312565680183931268887,0.0034944713617731787910925,95.996649970606073693945,94.996649970606073693945,0.010417030180805240781450,True
0.050000000000000000000000,2.7182818284590452353603,6.0000000000000000000000,120.00000000000000000000,52.115337828390219318135,0.000025545022862799516807611,2.8360672546856056314579e-19,0.0022427608111550817793707,0.0022172157882922822625631,87.796390835145813902792,86.796390835145813902792,0.011389989844544834485029,True
0.050000000000000000000000,2.7182818284590452353603,8.0000000000000000000000,160.00000000000000000000,69.487117104520292424181,0.000014368847508398625411469,1.5952625341151965240728e-19,0.0011225931715307902980047,0.0011082243240223916725932,78.126876276933966317520,77.126876276933966317520,0.012799692598169807290693,True
0.050000000000000000000000,2.7182818284590452353603,10.000000000000000000000,200.00000000000000000000,86.858896380650365530226,9.1959593588862714730325e-6,1.0209565813752732341850e-19,0.00066440126314625974164620,0.00065520530378737347017316,72.249260486806436267532,71.249260486806436267532,0.013840972118774997673068,True
0.050000000000000000000000,2.7182818284590452353603,20.000000000000000000000,400.00000000000000000000,173.71779276130073106045,2.2989295706990424406069e-6,2.5523245413817035802256e-20,0.00014166656370850665035512,0.00013936763413780760791451,61.622837651972814254489,60.622837651972814254489,0.016227749939846946720416,True
0.050000000000000000000000,2.7182818284590452353603,40.000000000000000000000,800.00000000000000000000,347.43558552260146212090,5.7472376610208514291500e-7,6.3807155792581804301794e-21,0.000033072916666666454349076,0.000032498192900564369206161,57.545761315866459367879,56.545761315866459367879,0.017377474502614339501108,True
0.10000000000000000000000,1.0000000000000000000000e-8,4.0000000000000000000000,40.000000000000000000000,17.371779276130073106045,0.066260125207002129599232,1.1510069469527952484844e-12,5723.6854747164237642019,5723.6192145912167620723,86382.050393583703223951,86381.050393583703223951,0.000011576479088464403079894,True
0.10000000000000000000000,1.0000000000000000000000e-8,4.0100000000000000000000,40.100000000000000000000,17.415208724320398288810,0.065651542737579269541462,4.0016041580499345640122e-8,5649.7832757669651141775,5649.7176242242275349080,86057.128898709048482551,86056.128898709048482551,0.000011620187807764536042795,True
0.10000000000000000000000,1.0000000000000000000000e-8,4.1000000000000000000000,41.000000000000000000000,17.806073758033324933696,0.060432606418633235773128,3.5329272991449715892789e-9,5028.0419882780327007966,5027.9815556716140675608,83200.813042009260995052,83199.813042009260995052,0.000012019113316778358064198,True
0.10000000000000000000000,1.0000000000000000000000e-8,4.5000000000000000000000,45.000000000000000000000,19.543251685646332244301,0.042030037149451714744098,2.8368633062086443420696e-12,3017.2891671524803966968,3017.2471371153309449821,71788.876998217004419011,71787.876998217004419011,0.000013929734546827312191293,True
0.10000000000000000000000,1.0000000000000000000000e-8,5.0000000000000000000000,50.000000000000000000000,21.714724095162591382556,0.027054084884758651696757,1.0150657487528746969474e-8,1617.1274248708994190550,1617.1003707860146604033,59773.872661349334041617,59772.872661349334041617,0.000016729717441356526334022,True
0.10000000000000000000000,1.0000000000000000000000e-8,6.0000000000000000000000,60.000000000000000000000,26.057668914195109659068,0.011890449912199551915945,3.5996206015909137931885e-15,481.98888844788451179134,481.97699799797231223943,40535.799066220860711810,40534.799066220860711810,0.000024669551927824613447604,True
0.10000000000000000000000,1.0000000000000000000000e-8,8.0000000000000000000000,80.000000000000000000000,34.743558552260146212090,0.0032311533011568205342456,2.1103811832799462735316e-14,47.177328639621072613325,47.174097486319915792790,14600.770759694565151922,14599.770759694565151922,0.000068489535001843908870346,True
0.10000000000000000000000,1.0000000000000000000000e-8,10.000000000000000000000,100.00000000000000000000,43.429448190325182765113,0.0014421073442633110417432,6.8394671723370770166639e-11,4.9954092369678622617078,4.9939671296235989506661,3463.9649099906130515456,3462.9649099906130515456,0.00028868652713999631293890,True
0.10000000000000000000000,1.0000000000000000000000e-8,20.000000000000000000000,200.00000000000000000000,86.858896380650365530226,0.00027978039675987855794403,1.5587812330744620428757e-10,0.00039154769529664193746219,0.00011176729853676337951815,1.3994822361792832474438,0.39948223617928324744376,0.71454997723307518968807,True
0.10000000000000000000000,1.0000000000000000000000e-8,40.000000000000000000000,400.00000000000000000000,173.71779276130073106045,0.000065886278597518965760571,7.3148463505833224039542e-19,0.000066145833442205236882923,2.5955484468627112235162e-7,1.0039394370149787910539,0.0039394370149787910539214,0.99607602125214649317919,True
0.10000000000000000000000,1.0000000000000000000000e-6,4.0000000000000000000000,40.000000000000000000000,17.371779276130073106045,0.049390798369339563578251,7.9272813015036298401640e-10,57.276258850871963562452,57.226868052502623998873,1159.6544445903809267439,1158.6544445903809267439,0.00086232584600081027920660,True
0.10000000000000000000000,1.0000000000000000000000e-6,4.0100000000000000000000,40.100000000000000000000,17.415208724320398288810,0.048950068506569263097176,7.4031542793908076622278e-9,56.536883288220229008952,56.487933219713659745855,1154.9908920072867715091,1153.9908920072867715091,0.00086580769330749930897987,True
0.10000000000000000000000,1.0000000000000000000000e-6,4.1000000000000000000000,41.000000000000000000000,17.806073758033324933696,0.045168608278374376136069,7.5383430794544165207571e-9,50.316444114032577046930,50.271275505754202670794,1113.9693258630432207494,1112.9693258630432207494,0.00089769078625684244275920,True
0.10000000000000000000000,1.0000000000000000000000e-6,4.5000000000000000000000,45.000000000000000000000,19.543251685646332244301,0.031798273138317338432696,2.0678266513680434967188e-8,30.198315432028123006449,30.166517158889805668016,949.68413223794705717293,948.68413223794705717293,0.0010529816873358542187809,True
0.10000000000000000000000,1.0000000000000000000000e-6,5.0000000000000000000000,50.000000000000000000000,21.714724095162591382556,0.020848206351802653557570,3.8665921575642414609320e-13,16.188114948928941262042,16.167266742577138608485,776.47518811752482015401,775.47518811752482015401,0.0012878711584131689906954,True
0.10000000000000000000000,1.0000000000000000000000e-6,6.0000000000000000000000,60.000000000000000000000,26.057668914195109659068,0.0096074347841540684732485,9.2677622183435288189596e-14,4.8279529320482716551376,4.8183454972641175866643,502.52258178335075214072,501.52258178335075214072,0.0019899603246707894365028,True
0.10000000000000000000000,1.0000000000000000000000e-6,8.0000000000000000000000,80.000000000000000000000,34.743558552260146212090,0.0029221808014060685065871,2.4409555848467490157816e-9,0.47448642506899956597601,0.47156424426759349746943,162.37408200091195007117,161.37408200091195007117,0.0061586183439939857369779,True
0.10000000000000000000000,1.0000000000000000000000e-6,10.000000000000000000000,100.00000000000000000000,43.429448190325182765113,0.0014002924633460189340894,2.6195768969804189563177e-15,0.051335978392963114617038,0.049935685929617095682949,36.660897445877168846872,35.660897445877168846872,0.027277019103973368336795,True
0.10000000000000000000000,1.0000000000000000000000e-6,20.000000000000000000000,200.00000000000000000000,86.858896380650365530226,0.00027978039674158887706312,1.5587799633916168528386e-10,0.00028441828657407681481350,4.6378898324879377503745e-6,1.0165768934725315705640,0.016576893472531570563953,0.98369341898387395647220,True
0.10000000000000000000000,1.0000000000000000000000e-6,40.000000000000000000000,400.00000000000000000000,173.71779276130073106045,0.000065886278593840752471067,7.3148463501749590900357e-19,0.000066145833334427843429559,2.5955474058709095849170e-7,1.0039394354352160195683,0.0039394354352160195683209,0.99607602281953568061707,True
0.10000000000000000000000,0.00010000000000000000000000,4.0000000000000000000000,40.000000000000000000000,17.371779276130073106045,0.032521422347319881573924,3.0525620740710131956197e-11,0.60381637543582100834503,0.57129495308850112677111,18.566727155633832107186,17.566727155633832107186,0.053859788621742254319528,True
0.10000000000000000000000,0.00010000000000000000000000,4.0100000000000000000000,40.100000000000000000000,17.415208724320398288810,0.032248545188875477024299,1.3452114775371886487342e-9,0.59615213369236993559881,0.56390358850349445857451,18.486171397834708340479,17.486171397834708340479,0.054094489252497699248015,True
0.10000000000000000000000,0.00010000000000000000000000,4.1000000000000000000000,41.000000000000000000000,17.806073758033324933696,0.029904561992533702101173,1.0619706166421373657027e-9,0.53163299331701314742673,0.50172843132447944532556,17.777655243696477394279,16.777655243696477394279,0.056250387708163909326512,True
0.10000000000000000000000,0.00010000000000000000000000,4.5000000000000000000000,45.000000000000000000000,19.543251685646332244301,0.021566466272180798990087,6.3709961327823686030972e-10,0.32234219167783858935401,0.30077572540565779036392,14.946453795893163632808,13.946453795893163632808,0.066905502379084057406024,True
0.10000000000000000000000,0.00010000000000000000000000,5.0000000000000000000000,50.000000000000000000000,21.714724095162591382556,0.014642292194735239263537,9.9082625783238065242386e-9,0.17564993983837580817426,0.16100764764364056891072,11.996068477689049156356,10.996068477689049156356,0.083360644519481965459657,True
0.10000000000000000000000,0.00010000000000000000000000,6.0000000000000000000000,60.000000000000000000000,26.057668914195109659068,0.0073243974943789168384632,1.7992407332541778449316e-15,0.055213484403287990762485,0.047889086908909073924022,7.5382971016607694581421,6.5382971016607694581421,0.13265595485480255769389,True
0.10000000000000000000000,0.00010000000000000000000000,8.0000000000000000000000,80.000000000000000000000,34.743558552260146212090,0.0026132011070090055415704,2.0508311767211684362167e-9,0.0073050615367183789334949,0.0046918604297093733919245,2.7954456000822459593178,1.7954456000822459593178,0.35772472194435784658875,True
0.10000000000000000000000,0.00010000000000000000000000,10.000000000000000000000,100.00000000000000000000,43.429448190325182765113,0.0013584752273830515534314,6.6960050910610819513424e-11,0.0018745474413182964299276,0.00051607221393524487649615,1.3798907801428219368097,0.37989078014282193680972,0.72469503702060945085547,True
0.10000000000000000000000,0.00010000000000000000000000,20.000000000000000000000,200.00000000000000000000,86.858896380650365530226,0.00027978021385742657400897,1.5461836592380745220715e-10,0.00028334605278249329484225,3.5658389250667208332830e-6,1.0127451433248379729306,0.012745143324837972930609,0.98741525110355432372659,True
0.10000000000000000000000,0.00010000000000000000000000,40.000000000000000000000,400.00000000000000000000,173.71779276130073106045,0.000065886241811683232683094,7.3148422665351414084180e-19,0.000066145833333348132619984,2.5959152166489993688926e-7,1.0039399958857399580528,0.0039399958857399580527558,0.99607546675908270579003,True
0.10000000000000000000000,0.010000000000000000000000,4.0000000000000000000000,40.000000000000000000000,17.371779276130073106045,0.015496962556855944370682,3.4603169093115615506662e-12,0.028741633900835035091627,0.013244671343979090720945,1.8546624085453166944800,0.85466240854531669447995,0.53918168362744710710724,True
0.10000000000000000000000,0.010000000000000000000000,4.0100000000000000000000,40.100000000000000000000,17.415208724320398288810,0.015392078676912419179214,3.0452833678222338181131e-12,0.028477592406681123197704,0.013085513729768704018491,1.8501459747211738151606,0.85014597472117381516064,0.54049789241668077852952,True
0.10000000000000000000000,0.010000000000000000000000,4.1000000000000000000000,41.000000000000000000000,17.806073758033324933696,0.014487091491417495394133,1.8377563987414855239334e-11,0.026229203034294846425029,0.011742111542877351030896,1.8105223570813826152548,0.81052235708138261525476,0.55232678905552459931949,True
0.10000000000000000000000,0.010000000000000000000000,4.5000000000000000000000,45.000000000000000000000,19.543251685646332244301,0.011192248030219383351469,3.4964410855302779855016e-12,0.018517736128574064991963,0.0073254880983546816404944,1.6545144530907158663272,0.65451445309071586632722,0.60440692925465227217238,True
0.10000000000000000000000,0.010000000000000000000000,5.0000000000000000000000,50.000000000000000000000,21.714724095162591382556,0.0083130395731319907781654,3.6556287657347683039966e-14,0.012453379876609477697357,0.0041403403034774869191913,1.4980537223543598811171,0.49805372235435988111705,0.66753280278118968243832,True
0.10000000000000000000000,0.010000000000000000000000,6.0000000000000000000000,60.000000000000000000000,26.057668914195109659068,0.0049572789000593046419378,6.7214752282514685551481e-16,0.0063559974402168911057064,0.0013987185401575864637686,1.2821544981342190354240,0.28215449813421903542398,0.77993720839040224635905,True
0.10000000000000000000000,0.010000000000000000000000,8.0000000000000000000000,80.000000000000000000000,34.743558552260146212090,0.0022698731115478540387720,2.3138166043733580067021e-13,0.0024803065146351104940355,0.00021043340308725645526349,1.0927071218283912629453,0.092707121828391262945307,0.91515830731178227034827,True
0.10000000000000000000000,0.010000000000000000000000,10.000000000000000000000,100.00000000000000000000,43.429448190325182765113,0.0013017547660558394184704,1.8192006278651418060832e-11,0.0013592347659060215318536,0.000057479999850182113383166,1.0441557821403946987250,0.044155782140394698724951,0.95771149966733831919611,True
0.10000000000000000000000,0.010000000000000000000000,20.000000000000000000000,200.00000000000000000000,86.858896380650365530226,0.00027799581124480634564122,1.3172850280732080802243e-11,0.00028333439074021959089778,5.3385794954132452565569e-6,1.0192038127175665608961,0.019203812717566560896096,0.98115802504077939052673,True
0.10000000000000000000000,0.010000000000000000000000,40.000000000000000000000,400.00000000000000000000,173.71779276130073106045,0.000065521493843719202931908,7.2743471073132502863318e-19,0.000066145833333335398636847,6.2433948961619570493891e-7,1.0095287737350030519653,0.0095287737350030519653090,0.99056116677115702106381,True
0.10000000000000000000000,0.10000000000000000000000,4.0000000000000000000000,40.000000000000000000000,17.371779276130073106045,0.0054086292978957284383057,3.5086015030183677083225e-11,0.019373028755992411675765,0.013964399458096683237460,3.5818740181601366745085,2.5818740181601366745085,0.27918346511630228093592,True
0.10000000000000000000000,0.10000000000000000000000,4.0100000000000000000000,40.100000000000000000000,17.415208724320398288810,0.0053803664665645266227214,3.7239926453999382018141e-11,0.019217461994789627382040,0.013837095528225100759318,3.5717756614189084366322,2.5717756614189084366322,0.27997279078909010906970,True
0.10000000000000000000000,0.10000000000000000000000,4.1000000000000000000000,41.000000000000000000000,17.806073758033324933696,0.0051353368838734464693210,4.6522929919559927357677e-11,0.017888005399214269139887,0.012752668515340822670566,3.4833168307590811569614,2.4833168307590811569614,0.28708269979049850946215,True
0.10000000000000000000000,0.10000000000000000000000,4.5000000000000000000000,45.000000000000000000000,19.543251685646332244301,0.0042207634718442195494222,7.0562421224987864843545e-12,0.013244262658740248560029,0.0090234991868960290106070,3.1378831690261248105212,2.1378831690261248105212,0.31868617986512243660124,True
0.10000000000000000000000,0.10000000000000000000000,5.0000000000000000000000,50.000000000000000000000,21.714724095162591382556,0.0033774856901174963752510,7.7884670100542181814252e-13,0.0094465136930592006740679,0.0060690280029417042988170,2.7969070959203898887233,1.7969070959203898887233,0.35753779646761052937113,True
0.10000000000000000000000,0.10000000000000000000000,6.0000000000000000000000,60.000000000000000000000,26.057668914195109659068,0.0022944210647867165538590,1.1885340565353256930843e-10,0.0053514620281784283750937,0.0030570409633917118212347,2.3323800981036959055848,1.3323800981036959055848,0.42874658414939910651315,True
0.10000000000000000000000,0.10000000000000000000000,8.0000000000000000000000,80.000000000000000000000,34.743558552260146212090,0.0012481483967217293917784,2.0615923513351006559099e-13,0.0023606064011647056227507,0.0011124580044429762309723,1.8912866509822510387288,0.89128665098225103872878,0.52874057958408579497216,True
0.10000000000000000000000,0.10000000000000000000000,10.000000000000000000000,100.00000000000000000000,43.429448190325182765113,0.00078089061497621470309127,1.0667342482119036518222e-15,0.0013442864527101280991259,0.00056339583773391339603463,1.7214785616946798340480,0.72147856169467983404797,0.58089599385749380086990,True
0.10000000000000000000000,0.10000000000000000000000,20.000000000000000000000,200.00000000000000000000,86.858896380650365530226,0.00018589760085461846106369,2.0638779669137460802283e-18,0.00028333381875255039090584,0.000097436217897931929842148,1.5241391898012287521251,0.52413918980122875212510,0.65610805541350551908275,True
0.10000000000000000000000,0.10000000000000000000000,40.000000000000000000000,400.00000000000000000000,173.71779276130073106045,0.000045318476522534129058428,5.0313616076251984194842e-19,0.000066145833333334322439459,0.000020827356810800193381031,1.4595776029770994698637,0.45957760297709946986373,0.68512972380523013128700,True
0.10000000000000000000000,0.50000000000000000000000,4.0000000000000000000000,40.000000000000000000000,17.371779276130073106045,0.0012407850485658215855533,1.3775481295284181736394e-17,0.015967349421975940652662,0.014726564373410119067109,12.868747443751051366597,11.868747443751051366597,0.077707640496557499376985,True
0.10000000000000000000000,0.50000000000000000000000,4.0100000000000000000000,40.100000000000000000000,17.415208724320398288810,0.0012345889868469627224892,1.3706691191461424607232e-17,0.015847025785607780112121,0.014612436798760817389631,12.835871658048531551615,11.835871658048531551615,0.077906668642403082875202,True
0.10000000000000000000000,0.50000000000000000000000,4.1000000000000000000000,41.000000000000000000000,17.806073758033324933696,0.0011808491333056846640195,1.3110058964046318326256e-17,0.014818496357722355078682,0.013637647224416670414663,12.549017431413325940415,11.549017431413325940415,0.079687513820544240776484,True
0.10000000000000000000000,0.50000000000000000000000,4.5000000000000000000000,45.000000000000000000000,19.543251685646332244301,0.00097974530251681150546428,1.0877357931225034155571e-17,0.011214957973443312044127,0.010235212670926500538663,11.446809639846039416268,10.446809639846039416268,0.087360586177569218914963,True
0.10000000000000000000000,0.50000000000000000000000,5.0000000000000000000000,50.000000000000000000000,21.714724095162591382556,0.00079308391186000788408705,8.8050001940676903206054e-18,0.0082327143754467871668228,0.0074396304635867792827357,10.380634699976103137737,9.3806346999761031377368,0.096333223247158679205551,True
0.10000000000000000000000,0.50000000000000000000000,6.0000000000000000000000,60.000000000000000000000,26.057668914195109659068,0.00055010256491649848579565,6.1073653347565143988363e-18,0.0049139638881203019504556,0.0043638613232038034646600,8.9328139905441187040672,7.9328139905441187040672,0.11194680657837000909946,True
0.10000000000000000000000,0.50000000000000000000000,8.0000000000000000000000,80.000000000000000000000,34.743558552260146212090,0.00030886306887266207210629,3.4290689051881493655097e-18,0.0023028418194456947599775,0.0019939787505730326878712,7.4558665361027975647578,6.4558665361027975647578,0.13412257249479988896739,True
0.10000000000000000000000,0.50000000000000000000000,10.000000000000000000000,100.00000000000000000000,43.429448190325182765113,0.00019741571145023444344702,2.1917546827480644434112e-18,0.0013365800965100593922420,0.0011391643850598249487950,6.7703836067120285940728,5.7703836067120285940728,0.14770211823870942245823,True
0.10000000000000000000000,0.50000000000000000000000,20.000000000000000000000,200.00000000000000000000,86.858896380650365530226,0.000049204804282742942156403,5.4628306636875724487085e-19,0.00028333347836582684631426,0.00023412867408308390415785,5.7582482543314834303090,4.7582482543314834303090,0.17366392622057890281704,True
0.10000000000000000000000,0.50000000000000000000000,40.000000000000000000000,400.00000000000000000000,173.71779276130073106045,0.000012280038816490637665346,1.3633581837358563769073e-19,0.000066145833333333629984092,0.000053865794516842992318746,5.3864514861718197684902,4.3864514861718197684902,0.18565098053277101241210,True
0.10000000000000000000000,1.0000000000000000000000,4.0000000000000000000000,40.000000000000000000000,17.371779276130073106045,0.00062383321954271861442542,6.9259400386236638078212e-18,0.014640569704860627646751,0.014016736485317909032326,23.468724085569598737092,22.468724085569598737092,0.042609900578910378989299,True
0.10000000000000000000000,1.0000000000000000000000,4.0100000000000000000000,40.100000000000000000000,17.415208724320398288810,0.00062072377307129919105592,6.8914182479595712802688e-18,0.014533617253414013406123,0.013912893480342714215067,23.413985228087301241425,22.413985228087301241425,0.042709516994159752450397,True
0.10000000000000000000000,1.0000000000000000000000,4.1000000000000000000000,41.000000000000000000000,17.806073758033324933696,0.00059375471482451223605046,6.5920015537791720928380e-18,0.013619486055905001408341,0.013025731341080489172291,22.937899634077553598584,21.937899634077553598584,0.043595970684009619273657,True
0.10000000000000000000000,1.0000000000000000000000,4.5000000000000000000000,45.000000000000000000000,19.543251685646332244301,0.00049282561942589148472218,5.4714634981177958385787e-18,0.010414768427319739557247,0.0099219428078938480725244,21.132765864429370354950,20.132765864429370354950,0.047319882613340169508354,True
0.10000000000000000000000,1.0000000000000000000000,5.0000000000000000000000,50.000000000000000000000,21.714724095162591382556,0.00039912393762905207239555,4.4311658523482853000550e-18,0.0077495044061311384543653,0.0073503804685020863819697,19.416285708559954626754,18.416285708559954626754,0.051503156422916424117369,True
0.10000000000000000000000,1.0000000000000000000000,6.0000000000000000000000,60.000000000000000000000,26.057668914195109659068,0.00027708659375471912501688,3.0762791620144628033545e-18,0.0047373300839649170961107,0.0044602434902101979710938,17.096929951647054545611,16.096929951647054545611,0.058490033171345111874438,True
0.10000000000000000000000,1.0000000000000000000000,8.0000000000000000000000,80.000000000000000000000,34.743558552260146212090,0.00015578848740230815186902,1.7295996568556865199976e-18,0.0022791175776538212406067,0.0021233290902515130887376,14.629563555413620288756,13.629563555413620288756,0.068354739101560784263258,True
0.10000000000000000000000,1.0000000000000000000000,10.000000000000000000000,100.00000000000000000000,43.429448190325182765113,0.000099671773769945348764310,1.1065789814462306422256e-18,0.0013333832732560720666700,0.0012337114994861267179057,13.377741990763441560458,12.377741990763441560458,0.074751030531941957164691,True
0.10000000000000000000000,1.0000000000000000000000,20.000000000000000000000,200.00000000000000000000,86.858896380650365530226,0.000024898756869602101104988,2.7643173161176041043135e-19,0.00028333333441543898511358,0.00025843457754583688400859,11.379416888131846821766,10.379416888131846821766,0.087877965086501853239779,True
0.10000000000000000000000,1.0000000000000000000000,40.000000000000000000000,400.00000000000000000000,173.71779276130073106045,6.2219487933086542463812e-6,6.9077508083699774348841e-20,0.000066145833333333334421974,0.000059923884540024680175593,10.631047527178196829501,9.6310475271781968295010,0.094064107741359180759370,True
0.10000000000000000000000,2.7182818284590452353603,4.0000000000000000000000,40.000000000000000000000,17.371779276130073106045,0.00022986634102668147133786,2.5520290439416000660584e-18,0.012772825528832057388639,0.012542959187805375917301,55.566315067195794210788,54.566315067195794210788,0.017996514593251503341196,True
0.10000000000000000000000,2.7182818284590452353603,4.0100000000000000000000,40.100000000000000000000,17.415208724320398288810,0.00022872120816743409210031,2.5393155152756874293711e-18,0.012684564590778281236019,0.012455843382610847143919,55.458628836433113223426,54.458628836433113223426,0.018031459143163269255830,True
0.10000000000000000000000,2.7182818284590452353603,4.1000000000000000000000,41.000000000000000000000,17.806073758033324933696,0.00021878915708853665832910,2.4290475973802369173769e-18,0.011930435507361920902615,0.011711646350273384244286,54.529372781184363975530,53.529372781184363975530,0.018338740187106187667501,True
0.10000000000000000000000,2.7182818284590452353603,4.5000000000000000000000,45.000000000000000000000,19.543251685646332244301,0.00018161880664017738530026,2.0163738083686920874378e-18,0.0092847960633479630719459,0.0091031772567077856866457,51.122437346166314965758,50.122437346166314965758,0.019560882694787834939634,True
0.10000000000000000000000,2.7182818284590452353603,5.0000000000000000000000,50.000000000000000000000,21.714724095162591382556,0.00014710799051016651972645,1.6332267817072591052318e-18,0.0070654876386487858838850,0.0069183796481386193641586,48.029258058286748770377,47.029258058286748770377,0.020820642259067014014830,True
0.10000000000000000000000,2.7182818284590452353603,6.0000000000000000000000,60.000000000000000000000,26.057668914195109659068,0.00010215418138426113964851,1.1341392423454126445980e-18,0.0044864081742211193383880,0.0043842539928368581987395,43.918008185540007040140,42.918008185540007040140,0.022769702937694923609427,True
0.10000000000000000000000,2.7182818284590452353603,8.0000000000000000000000,80.000000000000000000000,34.743558552260146212090,0.000057458084044215368760278,6.3791287856735239230553e-19,0.0022452731155800790425677,0.0021878150315358636738074,39.076713972089423036658,38.076713972089423036658,0.025590688119636949778019,True
0.10000000000000000000000,2.7182818284590452353603,10.000000000000000000000,100.00000000000000000000,43.429448190325182765113,0.000036771526401516801962899,4.0824595261575782046808e-19,0.0013288117122279541184050,0.0012920401858264373164421,36.136974508981533182603,35.136974508981533182603,0.027672488181086068208515,True
0.10000000000000000000000,2.7182818284590452353603,20.000000000000000000000,200.00000000000000000000,86.858896380650365530226,9.1919182551492478738808e-6,1.0205079287338990224928e-19,0.00028333312761605551194293,0.00027414120936090626406904,30.824156585306259570125,29.824156585306259570125,0.032442087984872735166836,True
0.10000000000000000000000,2.7182818284590452353603,40.000000000000000000000,400.00000000000000000000,173.71779276130073106045,2.2978417068707481657475e-6,2.5511167699118743930345e-20,0.000066145833333332908898396,0.000063847991626462160732649,28.786070483250028897347,27.786070483250028897347,0.034739024229857203051888,True
0.25000000000000000000000,1.0000000000000000000000e-8,4.0000000000000000000000,16.000000000000000000000,6.9487117104520292424181,0.17404153809820963050292,2.2965978788407753752310e-8,35772.853009526426942206,35772.678967988328732575,205542.04128752424041749,205541.04128752424041749,4.8651847268615059481597e-6,True
0.25000000000000000000000,1.0000000000000000000000e-8,4.0100000000000000000000,16.040000000000000000000,6.9660834897281593155241,0.17243658784014167602998,1.4587070524572880301655e-7,35310.965923287236117611,35310.793486699395975935,204776.52895812615374445,204775.52895812615374445,4.8833721573847243739881e-6,True
0.25000000000000000000000,1.0000000000000000000000e-8,4.1000000000000000000000,16.400000000000000000000,7.1224295032133299734785,0.15867421048293770827685,2.9502713552777175430924e-8,31425.097062228922277895,31424.938388018439340187,198047.91822555230948398,198046.91822555230948398,5.0492830672480108725195e-6,True
0.25000000000000000000000,1.0000000000000000000000e-8,4.5000000000000000000000,18.000000000000000000000,7.8173006742585328977203,0.11016462815702331585535,4.8291317789599194255083e-14,18857.941614239105756332,18857.831449610948733016,171179.64204771708351857,171178.64204771708351857,5.8418161648056581994946e-6,True
0.25000000000000000000000,1.0000000000000000000000e-8,5.0000000000000000000000,20.000000000000000000000,8.6858896380650365530226,0.070722171405615128492173,4.3821273866540000341274e-13,10106.970861354168934610,10106.900139182763319482,142910.92397866768176655,142909.92397866768176655,6.9973657167682299238785e-6,True
0.25000000000000000000000,1.0000000000000000000000e-8,6.0000000000000000000000,24.000000000000000000000,10.423067565678043863627,0.030861753603756530366869,1.2762544238316441014251e-11,3012.3956832722642962821,3012.3648215186605397518,97609.349162375264769898,97608.349162375264769898,0.000010244920272303817518936,True
0.25000000000000000000000,1.0000000000000000000000e-8,8.0000000000000000000000,32.000000000000000000000,13.897423420904058484836,0.0082315739013045802902058,4.2063677087571604644965e-10,294.84744178201790903678,294.83921020811660445649,35819.084578137485625067,35818.084578137485625067,0.000027918078079816684744101,True
0.25000000000000000000000,1.0000000000000000000000e-8,10.000000000000000000000,40.000000000000000000000,17.371779276130073106045,0.0036260681280939643933436,2.9878501745222302288241e-15,31.215994119444656912701,31.212368051316562948308,8608.7720960315445196356,8607.7720960315445196356,0.00011616058467397204170985,True
0.25000000000000000000000,1.0000000000000000000000e-8,20.000000000000000000000,80.000000000000000000000,34.743558552260146212090,0.00069945099189970008635164,3.8969530831540476369232e-10,0.0013846588576591959160363,0.00068520786575949582968462,1.9796367060663962954389,0.97963670606639629543887,0.50514318962444029543205,True
0.25000000000000000000000,1.0000000000000000000000e-8,40.000000000000000000000,160.00000000000000000000,69.487117104520292424181,0.00016471569649379826094648,1.8287115876458400673194e-18,0.00016536458401375338392673,6.4888751995512298024928e-7,1.0039394394934277217230,0.0039394394934277217229546,0.99607601879311016825592,True
0.25000000000000000000000,1.0000000000000000000000e-6,4.0000000000000000000000,16.000000000000000000000,6.9487117104520292424181,0.13186822102154491243020,2.2183329561567977777914e-14,357.82704035453358422314,357.69517213351203931071,2713.5198881318876354275,2712.5198881318876354275,0.00036852503067093647375138,True
0.25000000000000000000000,1.0000000000000000000000e-6,4.0100000000000000000000,16.040000000000000000000,6.9660834897281593155241,0.13068290227999090700362,1.8053678232195188057720e-8,353.20728555924880584405,353.07660265696881493705,2702.7811549707907376551,2701.7811549707907376551,0.00036998926019624667442446,True
0.25000000000000000000000,1.0000000000000000000000e-6,4.1000000000000000000000,16.400000000000000000000,7.1224295032133299734785,0.12051421514913899735530,9.5084490375541027264009e-9,314.34103120041984787636,314.22051698527070887900,2608.3315633049254293769,2607.3315633049254293769,0.00038338684163793006353162,True
0.25000000000000000000000,1.0000000000000000000000e-6,4.5000000000000000000000,18.000000000000000000000,7.8173006742585328977203,0.084585218327411683923328,3.3933075827956790705269e-14,188.64297554364935516203,188.55839032532194347810,2230.2120781133632966553,2229.2120781133632966553,0.00044838785056080629614466,True
0.25000000000000000000000,1.0000000000000000000000e-6,5.0000000000000000000000,20.000000000000000000000,8.6858896380650365530226,0.055207475085263055802898,1.5519107183618614104192e-8,101.11181036409155702483,101.05660288900629396903,1831.4876782162799677898,1830.4876782162799677898,0.00054600421935348135332917,True
0.25000000000000000000000,1.0000000000000000000000e-6,6.0000000000000000000000,24.000000000000000000000,10.423067565678043863627,0.025154215790854170562183,3.2433197884538273096501e-13,30.144116951646209305882,30.118962735855355135319,1198.3723604138880973273,1197.3723604138880973273,0.00083446517379174599532107,True
0.25000000000000000000000,1.0000000000000000000000e-6,8.0000000000000000000000,32.000000000000000000000,13.897423420904058484836,0.0074591426545883385973434,4.6308741770314772526196e-16,2.9552572645021511899747,2.9477981218475628513774,396.19261909199246964560,395.19261909199246964560,0.0025240248096792755351932,True
0.25000000000000000000000,1.0000000000000000000000e-6,10.000000000000000000000,40.000000000000000000000,17.371779276130073106045,0.0035215309264633298802494,1.0456824392677932088636e-10,0.31561465625265779912691,0.31209312532619446924666,89.624275022235654367052,88.624275022235654367052,0.011157691370467447922475,True
0.25000000000000000000000,1.0000000000000000000000e-6,20.000000000000000000000,80.000000000000000000000,34.743558552260146212090,0.00069945099189238427173088,3.8969525684680297650036e-10,0.00071510361262936794775755,0.000015652620736983676026675,1.0223784381156356240353,0.022378438115635624035279,0.97811139468386898677896,True
0.25000000000000000000000,1.0000000000000000000000e-6,40.000000000000000000000,160.00000000000000000000,69.487117104520292424181,0.00016471569649232690318863,1.8287115876295047301246e-18,0.00016536458334015201149109,6.4888684782510830246096e-7,1.0039394354129166795696,0.0039394354129166795695540,0.99607602284166035976998,True
0.25000000000000000000000,0.00010000000000000000000000,4.0000000000000000000000,16.000000000000000000000,6.9487117104520292424181,0.089694881585773503229753,1.2732681350730687446426e-10,3.6559048708630892740327,3.5662099892773157708029,40.759347760184255634274,39.759347760184255634274,0.024534249318308508338369,True
0.25000000000000000000000,0.00010000000000000000000000,4.0100000000000000000000,16.040000000000000000000,6.9660834897281593155241,0.088929194406316915889908,6.8317706955934279129634e-10,3.6090311076179071722137,3.5201019132115902563238,40.583198034250342019155,39.583198034250342019155,0.024640739232922113571918,True
0.25000000000000000000000,0.00010000000000000000000000,4.1000000000000000000000,16.400000000000000000000,7.1224295032133299734785,0.082354197942018915606013,1.4050911255786566953261e-10,3.2145816924459169211572,3.1322274945038980055512,39.033610584236737884860,38.033610584236737884860,0.025618946980114572756470,True
0.25000000000000000000000,0.00010000000000000000000000,4.5000000000000000000000,18.000000000000000000000,7.8173006742585328977203,0.059005789006939735327110,5.2609338882195296927528e-12,1.9373273488303869498441,1.8783215598234472145169,32.832835242700267311417,31.832835242700267311417,0.030457314837661796409341,True
0.25000000000000000000000,0.00010000000000000000000000,5.0000000000000000000000,20.000000000000000000000,8.6858896380650365530226,0.039692762663762879427054,3.7727103912033044252894e-8,1.0455400795136315591329,1.0058473168498686797058,26.340824103638096679201,25.340824103638096679201,0.037963884351738399802395,True
0.25000000000000000000000,0.00010000000000000000000000,6.0000000000000000000000,24.000000000000000000000,10.423067565678043863627,0.019446668013625681117576,1.1188635573589067462308e-8,0.31877605722347527858659,0.29932938920984959746901,16.392322684797144524046,15.392322684797144524046,0.061004167574582798023324,True
0.25000000000000000000000,0.00010000000000000000000000,8.0000000000000000000000,32.000000000000000000000,13.897423420904058484836,0.0066867082348416959775017,2.3318581919564180669931e-12,0.035953065860092470084084,0.029266357625250774106582,5.3767959655777681039477,4.3767959655777681039477,0.18598436808872738474566,True
0.25000000000000000000000,0.00010000000000000000000000,10.000000000000000000000,40.000000000000000000000,17.371779276130073106045,0.0034169927162683028099011,2.5523331603164584047150e-10,0.0065591157059982412006621,0.0031421229897299383907610,1.9195580004517687111665,0.91955800045176871116655,0.52095326099271270610386,True
0.25000000000000000000000,0.00010000000000000000000000,20.000000000000000000000,80.000000000000000000000,34.743558552260146212090,0.00069945091873475140342720,3.8918881713269025526608e-10,0.00070840571091817499621287,8.9547921834235927856697e-6,1.0128026026466904465818,0.012802602646690446581833,0.98735923208211131478523,True
0.25000000000000000000000,0.00010000000000000000000000,40.000000000000000000000,160.00000000000000000000,69.487117104520292424181,0.00016471568177945344890745,1.8287114242837960721397e-18,0.00016536458333341115557913,6.4890155395770667168483e-7,1.0039395250467199312187,0.0039395250467199312187023,0.99607593390992689612367,True
0.25000000000000000000000,0.010000000000000000000000,4.0000000000000000000000,16.000000000000000000000,6.9487117104520292424181,0.047432850100036477725141,5.2809595232527399653183e-16,0.093317724074822955260768,0.045884873974786477535628,1.9673648932757508970548,0.96736489327575089705478,0.50829411636748030627992,True
0.25000000000000000000000,0.010000000000000000000000,4.0100000000000000000000,16.040000000000000000000,6.9660834897281593155241,0.047086915042636083990921,7.3587762435553519648173e-10,0.092380488750572631326428,0.045293573707936547335507,1.9619142317334718437013,0.96191423173347184370130,0.50970627758606884626488,True
0.25000000000000000000000,0.010000000000000000000000,4.1000000000000000000000,16.400000000000000000000,7.1224295032133299734785,0.044106824294289074592296,1.9216199702444080735777e-8,0.084427999677270956588475,0.040321175382981881996180,1.9141709027598852504948,0.91417090275988525049478,0.52241939241589265843449,True
0.25000000000000000000000,0.010000000000000000000000,4.5000000000000000000000,18.000000000000000000000,7.8173006742585328977203,0.033346542764055375488537,4.2928355914599266352076e-14,0.057609059017793067244498,0.024262516253737691755961,1.7275871572476934227374,0.72758715724769342273743,0.57884199694627889882618,True
0.25000000000000000000000,0.010000000000000000000000,5.0000000000000000000000,20.000000000000000000000,8.6858896380650365530226,0.024110134669535994156320,2.0872689167339419924474e-12,0.037197601990700614630364,0.013087467321164620474044,1.5428201667285208989450,0.54282016672852089894502,0.64816368204497478139204,True
0.25000000000000000000000,0.010000000000000000000000,6.0000000000000000000000,24.000000000000000000000,10.423067565678043863627,0.013694411624856902800731,4.7047570523874092321405e-11,0.017697417062694780781070,0.0040030054378378779803386,1.2923094140512010963311,0.29230941405120109633109,0.77380849286328897455133,True
0.25000000000000000000000,0.010000000000000000000000,8.0000000000000000000000,32.000000000000000000000,13.897423420904058484836,0.0058974181373110980131091,1.3420425526696551539463e-9,0.0063776704067707414625922,0.00048025226945964344948303,1.0814343257130165726546,0.081434325713016572654602,0.92469785378846293375299,True
0.25000000000000000000000,0.010000000000000000000000,10.000000000000000000000,40.000000000000000000000,17.371779276130073106045,0.0033057368292608646509478,1.4525766775795893523404e-14,0.0034168143857920788308925,0.00011107755653121417994462,1.0336014517392935361720,0.033601451739293536171966,0.96749090117593133144261,True
0.25000000000000000000000,0.010000000000000000000000,20.000000000000000000000,80.000000000000000000000,34.743558552260146212090,0.00069872959206812079724358,2.1170000472745006433606e-10,0.00070833638264016839483552,9.6067905720475975919418e-6,1.0137489390475264269368,0.013748939047526426936804,0.98643753051870582404435,True
0.25000000000000000000000,0.010000000000000000000000,40.000000000000000000000,160.00000000000000000000,69.487117104520292424181,0.00016456875131462180700259,1.8270801684330463076119e-18,0.00016536458333333890483241,7.9583201871709782981701e-7,1.0048358635060408869186,0.0048358635060408869186140,0.99518740952460857842006,True
0.25000000000000000000000,0.10000000000000000000000,4.0000000000000000000000,16.000000000000000000000,6.9487117104520292424181,0.024002721025848595265417,8.4090406421864651151290e-11,0.050578935822254565942584,0.026576214796405970677166,2.1072167512919044887424,1.1072167512919044887424,0.47455962913493084417854,True
0.25000000000000000000000,0.10000000000000000000000,4.0100000000000000000000,16.040000000000000000000,6.9660834897281593155241,0.023864677838989893716876,9.2646888266795538127338e-11,0.050162305760361050788316,0.026297627921371157071440,2.1019477446457010882482,1.1019477446457010882482,0.47574922000192608542391,True
0.25000000000000000000000,0.10000000000000000000000,4.1000000000000000000000,16.400000000000000000000,7.1224295032133299734785,0.022669669659408259140589,8.7179763032565667492291e-11,0.046605512707189056902309,0.023935843047780797761720,2.0558531909549487999177,1.0558531909549487999177,0.48641605558201243516871,True
0.25000000000000000000000,0.10000000000000000000000,4.5000000000000000000000,18.000000000000000000000,7.8173006742585328977203,0.018244742237724019146074,4.3739904369828152934374e-12,0.034242128516486411876532,0.015997386278762392730458,1.8768217204891584249971,0.87682172048915842499714,0.53281565802604241595529,True
0.25000000000000000000000,0.10000000000000000000000,5.0000000000000000000000,20.000000000000000000000,8.6858896380650365530226,0.014235927454496593025368,2.5376778269690252777535e-13,0.024222699462565693723867,0.0099867720080691006984990,1.7015188887405193791026,0.70151888874051937910265,0.58771019623544091412486,True
0.25000000000000000000000,0.10000000000000000000000,6.0000000000000000000000,24.000000000000000000000,10.423067565678043863627,0.0092506265276399743699740,1.1172155119798206362281e-9,0.013559397416661326239415,0.0043087708890213518694407,1.4657815204350929726335,0.46578152043509297263350,0.68222991357072543722957,True
0.25000000000000000000000,0.10000000000000000000000,8.0000000000000000000000,32.000000000000000000000,13.897423420904058484836,0.0047261951218051040726764,5.6434015851401058886557e-13,0.0059192064149300605796271,0.0011930112931249565069507,1.2524253151590792854338,0.25242531515907928543382,0.79845080412877395138339,True
0.25000000000000000000000,0.10000000000000000000000,10.000000000000000000000,40.000000000000000000000,17.371779276130073106045,0.0028485744190504397321817,8.0931700073382431396586e-12,0.0033625888788780227479406,0.00051401445982758301575891,1.1804462107045557082277,0.18044621070455570822767,0.84713728667326958423785,True
0.25000000000000000000000,0.10000000000000000000000,20.000000000000000000000,80.000000000000000000000,34.743558552260146212090,0.00063725890696527121015436,1.5531973671207757835604e-17,0.00070833458746033791902371,0.000071075680495066708869357,1.1115334438141327232957,0.11153344381413272329568,0.89965804048916857417640,True
0.25000000000000000000000,0.10000000000000000000000,40.000000000000000000000,160.00000000000000000000,69.487117104520292424181,0.00015172823923366419995862,1.6845218468304802104695e-18,0.00016536458333333584692268,0.000013636344099671646964059,1.0898734748952792720092,0.089873474895279272009165,0.91753769867285302614054,True
0.25000000000000000000000,0.50000000000000000000000,4.0000000000000000000000,16.000000000000000000000,6.9487117104520292424181,0.0074811719081748382850772,4.4218859864042736254267e-12,0.040347646341394558982289,0.032866474433219720697212,5.3932253979227256520198,4.3932253979227256520198,0.18541780219034858883311,True
0.25000000000000000000000,0.50000000000000000000000,4.0100000000000000000000,16.040000000000000000000,6.9660834897281593155241,0.0074433579206622820490298,4.1297281328401342568413e-12,0.040041294618696846746945,0.032597936698034564697915,5.3794665049687846594037,4.3794665049687846594037,0.18589203949431462875647,True
0.25000000000000000000000,0.50000000000000000000000,4.1000000000000000000000,16.400000000000000000000,7.1224295032133299734785,0.0071154107209247117732324,2.1720359294464529347692e-12,0.037423340736136564507223,0.030307930015211852733991,5.2594772394632848380176,4.2594772394632848380176,0.19013296464080662984586,True
0.25000000000000000000000,0.50000000000000000000000,4.5000000000000000000000,18.000000000000000000000,7.8173006742585328977203,0.0058888325657032471577222,3.8158454331331386273465e-14,0.028263689307535438205610,0.022374856741832191047888,4.7995403150267993942692,3.7995403150267993942692,0.20835328684897529777671,True
0.25000000000000000000000,0.50000000000000000000000,5.0000000000000000000000,20.000000000000000000000,8.6858896380650365530226,0.0047521518383964778120543,1.2182402573928045560630e-14,0.020703068984600506324796,0.015950917146204028512742,4.3565672328320129067929,3.3565672328320129067929,0.22953852116955485281049,True
0.25000000000000000000000,0.50000000000000000000000,6.0000000000000000000000,24.000000000000000000000,10.423067565678043863627,0.0032776263578018062351384,2.4645283715506973191284e-16,0.012321058189543805936475,0.0090434318317419997013368,3.7591405622595509274805,2.7591405622595509274805,0.26601825162901549305326,True
0.25000000000000000000000,0.50000000000000000000000,8.0000000000000000000000,32.000000000000000000000,13.897423420904058484836,0.0018242561233495257003168,2.0253311509560731944470e-17,0.0057606426310178962044937,0.0039363865076683705041770,3.1578036424187804000121,2.1578036424187804000121,0.31667580167651930939782,True
0.25000000000000000000000,0.50000000000000000000000,10.000000000000000000000,40.000000000000000000000,17.371779276130073106045,0.0011589343067674633125375,1.2866755514012321762663e-17,0.0033418247906956889806302,0.0021828904839282256680927,2.8835325446675348844925,1.8835325446675348844925,0.34679684883365790289880,True
0.25000000000000000000000,0.50000000000000000000000,20.000000000000000000000,80.000000000000000000000,34.743558552260146212090,0.00028489602473006834376656,3.1629812627949987200314e-18,0.00070833370403035950413747,0.00042343767930029116037090,2.4862884791091327833637,1.4862884791091327833637,0.40220594207085417864593,True
0.25000000000000000000000,0.50000000000000000000000,40.000000000000000000000,160.00000000000000000000,69.487117104520292424181,0.000070564341570444645557192,7.8342156729021721527820e-19,0.00016536458333333408312504,0.000094800241762889437567845,2.3434581780693015096420,1.3434581780693015096420,0.42671979784331686665813,True
0.25000000000000000000000,1.0000000000000000000000,4.0000000000000000000000,16.000000000000000000000,6.9487117104520292424181,0.0038616785360134574765778,4.2873244243829073544405e-17,0.036816060655378922792195,0.032954382119365465315617,9.5336937842022962554007,8.5336937842022962554007,0.10489113901025845192528,True
0.25000000000000000000000,1.0000000000000000000000,4.0100000000000000000000,16.040000000000000000000,6.9660834897281593155241,0.0038423681702246165692060,4.2658856116702022356894e-17,0.036545908210873731748629,0.032703540040649115179423,9.5112978745962640668400,8.5112978745962640668400,0.10513812238715613119757,True
0.25000000000000000000000,1.0000000000000000000000,4.1000000000000000000000,16.400000000000000000000,7.1224295032133299734785,0.0036748857522253028348937,4.0799427749874695259601e-17,0.034237265060677841926112,0.030562379308452539091218,9.3165522329355931216977,8.3165522329355931216977,0.10733584431210832526248,True
0.25000000000000000000000,1.0000000000000000000000,4.5000000000000000000000,18.000000000000000000000,7.8173006742585328977203,0.0030481689541409112755553,3.3841473558348225812429e-17,0.026150068255262927940762,0.023101899301122016665207,8.5789431782441998176062,7.5789431782441998176062,0.11656447411097830874137,True
0.25000000000000000000000,1.0000000000000000000000,5.0000000000000000000000,20.000000000000000000000,8.6858896380650365530226,0.0024665587957782061923062,2.7384303666646638879639e-17,0.019434402538319615339783,0.016967843742541409147477,7.8791564067249437019483,6.8791564067249437019483,0.12691714041194681399108,True
0.25000000000000000000000,1.0000000000000000000000,6.0000000000000000000000,24.000000000000000000000,10.423067565678043863627,0.0017097570929132594756848,1.8982116910684737082828e-17,0.011861399444533818270445,0.010151642351620558794760,6.9374763781930855887452,5.9374763781930855887452,0.14414463494871848748462,True
0.25000000000000000000000,1.0000000000000000000000,8.0000000000000000000000,32.000000000000000000000,13.897423420904058484836,0.00095899989932334863112356,1.0647037688419887737133e-17,0.0056995629853363827537917,0.0047405630860130341226682,5.9432362707836379461286,4.9432362707836379461286,0.16825849662344759133853,True
0.25000000000000000000000,1.0000000000000000000000,10.000000000000000000000,40.000000000000000000000,17.371779276130073106045,0.00061252862372465730067539,6.8004338130107340389683e-18,0.0033336454578504504166876,0.0027211168341257931160123,5.4424321227296381307578,4.4424321227296381307578,0.18374138206035218631811,True
0.25000000000000000000000,1.0000000000000000000000,20.000000000000000000000,80.000000000000000000000,34.743558552260146212090,0.00015241931405857677556126,1.6921943186540475967411e-18,0.00070833334009649365695985,0.00055591402603791688139859,4.6472676016916839402810,3.6472676016916839402810,0.21518020602815794407790,True
0.25000000000000000000000,1.0000000000000000000000,40.000000000000000000000,160.00000000000000000000,69.487117104520292424181,0.000038004143259159077657128,4.2193074877471346963358e-19,0.00016536458333333334013734,0.00012736044007417426248021,4.3512251336827631612059,3.3512251336827631612059,0.22982033089003283810830,True
0.25000000000000000000000,2.7182818284590452353603,4.0000000000000000000000,16.000000000000000000000,6.9487117104520292424181,0.0014347583846458487628200,1.5929017934078178454083e-17,0.032011024138475676289135,0.030576265753829827526315,22.311090481187309169050,21.311090481187309169050,0.044820758574897944763310,True
0.25000000000000000000000,2.7182818284590452353603,4.0100000000000000000000,16.040000000000000000000,6.9660834897281593155241,0.0014276076330344677312163,1.5849628643254873768033e-17,0.031789352283200807804514,0.030361744650166340073298,22.267569567158019812740,21.267569567158019812740,0.044908358632676258681447,True
0.25000000000000000000000,2.7182818284590452353603,4.1000000000000000000000,16.400000000000000000000,7.1224295032133299734785,0.0013655872474182839921903,1.5161064042182692642743e-17,0.029895452407944056593569,0.028529865160525772601379,21.892012000304641404580,20.892012000304641404580,0.045678761732182695581677,True
0.25000000000000000000000,2.7182818284590452353603,4.5000000000000000000000,18.000000000000000000000,7.8173006742585328977203,0.0011334812558745495695522,1.2584169882529633930865e-17,0.023253614682280189843687,0.022120133426405640274135,20.515217663955647035737,19.515217663955647035737,0.048744303686183007800205,True
0.25000000000000000000000,2.7182818284590452353603,5.0000000000000000000000,20.000000000000000000000,8.6858896380650365530226,0.00091799365552041239935122,1.0191776928185762978767e-17,0.017686027866211961935520,0.016768034210691549536169,19.265958713174023120885,18.265958713174023120885,0.051905021436395067508730,True
0.25000000000000000000000,2.7182818284590452353603,6.0000000000000000000000,24.000000000000000000000,10.423067565678043863627,0.00063733439288291400151884,7.0758331736410662056603e-18,0.011222669574884966693320,0.010585335182002052691801,17.608761899888095576831,16.608761899888095576831,0.056789909800890376176766,True
0.25000000000000000000000,2.7182818284590452353603,8.0000000000000000000000,32.000000000000000000000,13.897423420904058484836,0.00035835901138051761078210,3.9785842551655915390462e-18,0.0056138335828389359556060,0.0052554745714584183448239,15.665389747595824447904,14.665389747595824447904,0.063834990135082373079869,True
0.25000000000000000000000,2.7182818284590452353603,10.000000000000000000000,40.000000000000000000000,17.371779276130073106045,0.00022928578499848934618699,2.5455835772457616544380e-18,0.0033220981750856450593572,0.0030928123900871557131702,14.488897229749906943440,13.488897229749906943440,0.069018365175971436847966,True
0.25000000000000000000000,2.7182818284590452353603,20.000000000000000000000,80.000000000000000000000,34.743558552260146212090,0.000057284075986567027996554,6.3598100104663745121712e-19,0.00070833282053295536410247,0.00065104874454638833610592,12.365265710126102622337,11.365265710126102622337,0.080871695234262933372752,True
0.25000000000000000000000,2.7182818284590452353603,40.000000000000000000000,160.00000000000000000000,69.487117104520292424181,0.000014315679587128180266092,1.5893597090786060206251e-19,0.00016536458333333227374782,0.00015104890374620409348173,11.551291178800789275504,10.551291178800789275504,0.086570408841846558205036,True
0.50000000000000000000000,1.0000000000000000000000e-8,4.0000000000000000000000,8.0000000000000000000000,3.4743558552260146212090,0.36077850965148366979562,7.6206992105642967771928e-12,143091.17042817074565675,143090.80964966109417308,396617.77683598315690544,396616.77683598315690544,2.5213191601685035138621e-6,True
0.50000000000000000000000,1.0000000000000000000000e-8,4.0100000000000000000000,8.0200000000000000000000,3.4830417448640796577621,0.35744228745882447346857,2.0627642752493774536089e-7,141243.62429280721667578,141243.26685051975785131,395150.85161566889606031,395149.85161566889606031,2.5306790961255948164602e-6,True
0.50000000000000000000000,1.0000000000000000000000e-8,4.1000000000000000000000,8.2000000000000000000000,3.5612147516066649867393,0.32883572419698826241573,1.7676724476377647334281e-8,125700.16776290397964214,125699.83892717978265387,382258.24785266819612201,382257.24785266819612201,2.6160325005869455753769e-6,True
0.50000000000000000000000,1.0000000000000000000000e-8,4.5000000000000000000000,9.0000000000000000000000,3.9086503371292664488602,0.22802942594760481038795,1.4121823136999656312110e-10,75431.612216337894061299,75431.384186911946456488,330797.71131674077392525,330796.71131674077392525,3.0229955220049695530921e-6,True
0.50000000000000000000000,1.0000000000000000000000e-8,5.0000000000000000000000,10.000000000000000000000,4.3429448190325182765113,0.14611473177562311676070,1.2032232957974019899039e-10,40427.782719964739159128,40427.636605232963536011,276685.19271586180878174,276684.19271586180878174,3.6142158175661273824497e-6,True
0.50000000000000000000000,1.0000000000000000000000e-8,6.0000000000000000000000,12.000000000000000000000,5.2115337828390219318135,0.063441647289336618638818,9.9971836640603751733084e-9,12049.536240386371981910,12049.472798739082645292,189931.01149206254595103,189930.01149206254595103,5.2650696278832340564667e-6,True
0.50000000000000000000000,1.0000000000000000000000e-8,8.0000000000000000000000,16.000000000000000000000,6.9487117104520292424181,0.016695672777308150080966,1.3969142682868085358905e-13,1179.3752841739199097518,1179.3585885011426016017,70639.578285030994290901,70638.578285030994290901,0.000014156369903073257472988,True
0.50000000000000000000000,1.0000000000000000000000e-8,10.000000000000000000000,20.000000000000000000000,8.6858896380650365530226,0.0072836050894951431811108,8.1079560614243227254731e-13,124.85689166230598468684,124.84960805721648954366,17142.183043721324639679,17141.183043721324639679,0.000058335627233094472488281,True
0.50000000000000000000000,1.0000000000000000000000e-8,20.000000000000000000000,40.000000000000000000000,17.371779276130073106045,0.0013989019837994012829263,7.7939061569498211626966e-10,0.0041219497800436954066752,0.0027230477962442941237489,2.9465608225449280136680,1.9465608225449280136680,0.33937870630354259006462,True
0.50000000000000000000000,1.0000000000000000000000e-8,40.000000000000000000000,80.000000000000000000000,34.743558552260146212090,0.00032943139298759666067085,3.6574231752916816137530e-18,0.00033072916938830774025155,1.2977764007110795807074e-6,1.0039394436241841160437,0.0039394436241841160436892,0.99607601469470820786893,True
0.50000000000000000000000,1.0000000000000000000000e-6,4.0000000000000000000000,8.0000000000000000000000,3.4743558552260146212090,0.27643187550428316434648,1.4082138233284524631017e-13,1431.1087248002460861696,1430.8322929247418030053,5177.0756255570527373253,5176.0756255570527373253,0.00019315924130283496020837,True
0.50000000000000000000000,1.0000000000000000000000e-6,4.0100000000000000000000,8.0200000000000000000000,3.4830417448640796577621,0.27393491634750800837628,4.0351659241593232345021e-9,1412.6314955808250560937,1412.3575606644775480853,5156.8143061718747346161,5155.8143061718747346161,0.00019391817130261241673070,True
0.50000000000000000000000,1.0000000000000000000000e-6,4.1000000000000000000000,8.2000000000000000000000,3.5612147516066649867393,0.25251573352827668124269,1.0470888824145190161374e-7,1257.1817987853010466162,1256.9292830517727699349,4978.6275936921846540041,4977.6275936921846540041,0.00020085856617734950613864,True
0.50000000000000000000000,1.0000000000000000000000e-6,4.5000000000000000000000,9.0000000000000000000000,3.9086503371292664488602,0.17687060628872251931575,1.3216399004007868185269e-8,754.44324096589553581039,754.26637035960681329108,4265.5094410336724002068,4264.5094410336724002068,0.00023443858554856868505135,True
0.50000000000000000000000,1.0000000000000000000000e-6,5.0000000000000000000000,10.000000000000000000000,4.3429448190325182765113,0.11508533913941038306916,6.7716032128850578430956e-10,404.36203070074712694874,404.24694536160771656567,3513.5842125895550077484,3512.5842125895550077484,0.00028460965768712503284011,True
0.50000000000000000000000,1.0000000000000000000000e-6,6.0000000000000000000000,12.000000000000000000000,5.2115337828390219318135,0.052026571666545846146019,2.4568310113588054696996e-10,120.53568264171085250522,120.48365607004430665908,2316.8100218915207020652,2315.8100218915207020652,0.00043162796714059738250064,True
0.50000000000000000000000,1.0000000000000000000000e-6,8.0000000000000000000000,16.000000000000000000000,6.9487117104520292424181,0.015150810284578569708813,2.6923179397703167481382e-15,11.807318535103143296732,11.792167724818564727023,779.31927819869549947773,778.31927819869549947773,0.0012831711314923222919589,True
0.50000000000000000000000,1.0000000000000000000000e-6,10.000000000000000000000,20.000000000000000000000,8.6858896380650365530226,0.0070745306864378854072584,4.5627861282012197041702e-12,1.2554783467394823068682,1.2484038160530444214609,177.46454180293213780922,176.46454180293213780922,0.0056349284755174546826835,True
0.50000000000000000000000,1.0000000000000000000000e-6,20.000000000000000000000,40.000000000000000000000,17.371779276130073106045,0.0013989019837957430980602,7.7939058949276328195147e-10,0.0014437335459059889312611,0.000044831562110245833200958,1.0320476792724255603626,0.032047679272425560362565,0.96894748186923051962009,True
0.50000000000000000000000,1.0000000000000000000000e-6,40.000000000000000000000,80.000000000000000000000,34.743558552260146212090,0.00032943139298686099913915,3.6574231752835139451556e-18,0.00033072916669391203270616,1.2977737070510335670094e-6,1.0039394354474978461228,0.0039394354474978461228354,0.99607602280735005216635,True
0.50000000000000000000000,0.00010000000000000000000000,4.0000000000000000000000,8.0000000000000000000000,3.4743558552260146212090,0.19208522916003875624646,2.5861065567657492980658e-10,14.466356182637967725299,14.274270953477928969052,75.312173902685151723435,74.312173902685151723435,0.013278065791755698858606,True
0.50000000000000000000000,0.00010000000000000000000000,4.0100000000000000000000,8.0200000000000000000000,3.4830417448640796577621,0.19042753306133471948039,2.0986193779296038338921e-15,14.280231459859088788483,14.089803926797754069003,74.990371561761372947117,73.990371561761372947117,0.013335045275464588083489,True
0.50000000000000000000000,0.00010000000000000000000000,4.1000000000000000000000,8.2000000000000000000000,3.5612147516066649867393,0.17619573094332387608583,2.2111443362557574306236e-9,12.714160748736447350949,12.537965017793123474863,72.159300799553178871425,71.159300799553178871425,0.013858227406856915509497,True
0.50000000000000000000000,0.00010000000000000000000000,4.5000000000000000000000,9.0000000000000000000000,3.9086503371292664488602,0.12571177602168933829512,8.9302710282324291683291e-13,7.6462275964467421545515,7.5205158204250528162564,60.823479219063145981514,59.823479219063145981514,0.016441019370141234006589,True
0.50000000000000000000000,0.00010000000000000000000000,5.0000000000000000000000,10.000000000000000000000,4.3429448190325182765113,0.084055937751967313431578,1.0636007049050211215047e-15,4.1124642587529032472566,4.0284083210009359338250,48.925327213503745532660,47.925327213503745532660,0.020439311435488830813836,True
0.50000000000000000000000,0.00010000000000000000000000,6.0000000000000000000000,12.000000000000000000000,5.2115337828390219318135,0.040611490653688557076843,7.2474289430794511313887e-15,1.2400266018311348961078,1.1994151111774463390309,30.533885407097434799673,29.533885407097434799673,0.032750499540669510237088,True
0.50000000000000000000000,0.00010000000000000000000000,8.0000000000000000000000,16.000000000000000000000,6.9487117104520292424181,0.013605946093706012406388,4.7264173966517014028460e-12,0.13087417178117334933599,0.11726822568746733692960,9.6188953623529757633607,8.6188953623529757633607,0.10396204162006601096433,True
0.50000000000000000000000,0.00010000000000000000000000,10.000000000000000000000,20.000000000000000000000,8.6858896380650365530226,0.0068654557539266225507646,7.7506070595686820876025e-17,0.019360721754338149487468,0.012495266000411526936703,2.8200198862639229461874,1.8200198862639229461874,0.35460742843371954957477,True
0.50000000000000000000000,0.00010000000000000000000000,20.000000000000000000000,40.000000000000000000000,17.371779276130073106045,0.0013989019472166427937587,7.7913718507349575843196e-10,0.0014169466850428225227832,0.000018044737826179729024470,1.0128992156041264033774,0.012899215604126403377360,0.98726505519462478112901,True
0.50000000000000000000000,0.00010000000000000000000000,40.000000000000000000000,80.000000000000000000000,34.743558552260146212090,0.00032943138563042352606747,3.6574230936106514810351e-18,0.00033072916666695839125550,1.2977810365348651880354e-6,1.0039394577843617975890,0.0039394577843617975889702,0.99607600064544134915748,True
0.50000000000000000000000,0.010000000000000000000000,4.0000000000000000000000,8.0000000000000000000000,3.4743558552260146212090,0.10768409612146787046605,3.2507703126571918517129e-11,0.25818091255876380229387,0.15049681643729593182782,2.3975770040130645600446,1.3975770040130645600446,0.41708775081100624872179,True
0.50000000000000000000000,0.010000000000000000000000,4.0100000000000000000000,8.0200000000000000000000,3.4830417448640796577621,0.10686574857435241458847,7.4302024704932619963767e-11,0.25538266994737800709341,0.14851692137302559250494,2.3897523140418948385133,1.3897523140418948385133,0.41845340796371291307305,True
0.50000000000000000000000,0.010000000000000000000000,4.1000000000000000000000,8.2000000000000000000000,3.5612147516066649867393,0.099822172256073582140020,7.3538905984198661236321e-9,0.23170597299298804826330,0.13188380073691446612328,2.3211874451959757432800,1.3211874451959757432800,0.43081397931461365033724,True
0.50000000000000000000000,0.010000000000000000000000,4.5000000000000000000000,9.0000000000000000000000,3.9086503371292664488602,0.074504376555377326162165,4.4577343663369831978053e-10,0.15293384702344581703763,0.078429470468068490875466,2.0526827294470914204831,1.0526827294470914204831,0.48716734722533521093216,True
0.50000000000000000000000,0.010000000000000000000000,5.0000000000000000000000,10.000000000000000000000,4.3429448190325182765113,0.052985564697305029824292,4.1587117357330498357282e-10,0.094609044978657630550637,0.041623480281352600726344,1.7855626436962305060090,0.78556264369623050600903,0.56004755897554796940570,True
0.50000000000000000000000,0.010000000000000000000000,6.0000000000000000000000,12.000000000000000000000,5.2115337828390219318135,0.029169913199017183380590,2.7333911094729219926069e-8,0.041419578999231404951486,0.012249665800214221570895,1.4199417981342141034992,0.41994179813421410349916,0.70425421754186515717816,True
0.50000000000000000000000,0.010000000000000000000000,8.0000000000000000000000,16.000000000000000000000,6.9487117104520292424181,0.012051521819128656332065,6.2641779851918717725301e-13,0.013345021214151367016863,0.0012934993950227106847974,1.1073307931094326053959,0.10733079310943260539586,0.90307251114362754133594,True
0.50000000000000000000000,0.010000000000000000000000,10.000000000000000000000,20.000000000000000000000,8.6858896380650365530226,0.0066527619567297935354588,2.8675813336380574493324e-12,0.0068960536750075743326464,0.00024329171827778079718752,1.0365700320949665171175,0.036570032094966517117494,0.96472015304064268671880,True
0.50000000000000000000000,0.010000000000000000000000,20.000000000000000000000,40.000000000000000000000,17.371779276130073106045,0.0013985395344491852176461,9.6603499037208825724510e-11,0.0014166741179124015149746,0.000018134583463216297328558,1.0129668007349957417208,0.012966800734995741720831,0.98719918488386075721345,True
0.50000000000000000000000,0.010000000000000000000000,40.000000000000000000000,80.000000000000000000000,34.743558552260146212090,0.00032935784606769193116893,3.6566066404529966537629e-18,0.00033072916666667917046579,1.3713205989872392968596e-6,1.0041636190403838015244,0.0041636190403838015243890,0.99585364480306236235087,True
0.50000000000000000000000,0.10000000000000000000000,4.0000000000000000000000,8.0000000000000000000000,3.4743558552260146212090,0.063445303700857699769067,6.5637257804109340811327e-10,0.10831241808542092106240,0.044867114384563221293334,1.7071778645131881526836,0.70717786451318815268358,0.58576204670106585762368,True
0.50000000000000000000000,0.10000000000000000000000,4.0100000000000000000000,8.0200000000000000000000,3.4830417448640796577621,0.063047159390999986780250,5.2246966051403882053324e-10,0.10738678076534537602069,0.044339621374345389240437,1.7032770675577001831680,0.70327706755770018316801,0.58710354236958222774093,True
0.50000000000000000000000,0.10000000000000000000000,4.1000000000000000000000,8.2000000000000000000000,3.5612147516066649867393,0.059606316587853234321163,1.4001323206812016301510e-10,0.099496022778222727313252,0.039889706190369492992089,1.6692194464252190479346,0.66921944642521904793455,0.59908240473808783451168,True
0.50000000000000000000000,0.10000000000000000000000,4.5000000000000000000000,9.0000000000000000000000,3.9086503371292664488602,0.046976115553058770292466,3.5340497233349276324568e-12,0.072255829931758792007927,0.025279714378700021715462,1.5381397350776478980415,0.53813973507764789804147,0.65013599037509963742420,True
0.50000000000000000000000,0.10000000000000000000000,5.0000000000000000000000,10.000000000000000000000,4.3429448190325182765113,0.035744839314679528463614,3.4973911787472555801060e-15,0.050466783024857027576725,0.014721943710177499113111,1.4118620755453097827204,0.41186207554530978272045,0.70828448282652931417936,True
0.50000000000000000000000,0.10000000000000000000000,6.0000000000000000000000,12.000000000000000000000,5.2115337828390219318135,0.022235903166120359516119,2.4748318661735177605463e-16,0.027721269320706836817764,0.0054853661545864773016452,1.2466896043577052632787,0.24668960435770526327868,0.80212427897415588267577,True
0.50000000000000000000000,0.10000000000000000000000,8.0000000000000000000000,16.000000000000000000000,6.9487117104520292424181,0.010732774044123417206409,2.5235890426995078921282e-12,0.011897380869921109568422,0.0011646068257976923620132,1.1085093957079397203721,0.10850939570793972037205,0.90211233560303640492737,True
0.50000000000000000000000,0.10000000000000000000000,10.000000000000000000000,20.000000000000000000000,8.6858896380650365530226,0.0062907966605301501861192,1.1786773341135553354320e-10,0.0067314202480983871629674,0.00044062358756823697684821,1.0700425735158166586587,0.070042573515816658658704,0.93454225537430793088403,True
0.50000000000000000000000,0.10000000000000000000000,20.000000000000000000000,40.000000000000000000000,17.371779276130073106045,0.0013642695233014981437414,2.7163461151360152419638e-13,0.0014166693101838823105778,0.000052399786882384166836400,1.0384086765755625709637,0.038408676575562570963703,0.96301198416193351077789,True
0.50000000000000000000000,0.10000000000000000000000,40.000000000000000000000,80.000000000000000000000,34.743558552260146212090,0.00032231343272934601107416,3.5783979416209147098316e-18,0.00033072916666667182992545,8.4157339373258188512946e-6,1.0261104039818058214205,0.026110403981805821420529,0.97455400132336170088713,True
0.50000000000000000000000,0.50000000000000000000000,4.0000000000000000000000,8.0000000000000000000000,3.4743558552260146212090,0.027043146489478635252635,1.7543007616164044972732e-10,0.082126201970971475800024,0.055083055481492840547390,3.0368582296044348581897,2.0368582296044348581897,0.32928767969858597176476,True
0.50000000000000000000000,0.50000000000000000000000,4.0100000000000000000000,8.0200000000000000000000,3.4830417448640796577621,0.026901832332822632423174,1.8619963381141872436638e-10,0.081495023086318348382701,0.054593190753495715959527,3.0293484130776905831253,2.0293484130776905831253,0.33010399057533367604758,True
0.50000000000000000000000,0.50000000000000000000000,4.1000000000000000000000,8.2000000000000000000000,3.5612147516066649867393,0.025676684419367244895230,2.3261464099347670717586e-10,0.076103680945042051716174,0.050426996525674806820944,2.9639216536711046383875,1.9639216536711046383875,0.33739083445792264538170,True
0.50000000000000000000000,0.50000000000000000000000,4.5000000000000000000000,9.0000000000000000000000,3.9086503371292664488602,0.021103817359221096650594,3.5281208832140477860470e-11,0.057281693194828070062193,0.036177875835606973411599,2.7142811283760196797075,1.7142811283760196797075,0.36842167509682740561455,True
0.50000000000000000000000,0.50000000000000000000000,5.0000000000000000000000,10.000000000000000000000,4.3429448190325182765113,0.016887428450587487205325,3.8942346765482140427683e-12,0.041810414789146140675391,0.024922986338558653470065,2.4758307584534353294180,1.4758307584534353294180,0.40390482935298248712072,True
0.50000000000000000000000,0.50000000000000000000000,6.0000000000000000000000,12.000000000000000000000,5.2115337828390219318135,0.011472105323933586161643,5.9426702870701635474114e-10,0.024762611276564448740737,0.013290505952630862579094,2.1585062704143460867055,1.1585062704143460867055,0.46328334260897947725402,True
0.50000000000000000000000,0.50000000000000000000000,8.0000000000000000000000,16.000000000000000000000,6.9487117104520292424181,0.0062407419836086469588921,1.0307960301181957291551e-12,0.011533078870047990090821,0.0052923368864393431319290,1.8480300740424301253017,0.84803007404243012530166,0.54111673508244019470845,True
0.50000000000000000000000,0.50000000000000000000000,10.000000000000000000000,20.000000000000000000000,8.6858896380650365530226,0.0039044530748810735154564,5.3336429839887562187618e-15,0.0066848980794598462946776,0.0027804450045787727792213,1.7121215062018546314638,0.71212150620185463146378,0.58407069613790753054315,True
0.50000000000000000000000,0.50000000000000000000000,20.000000000000000000000,40.000000000000000000000,17.371779276130073106045,0.00092948800427309213878502,1.0319389834568728428989e-17,0.0014166674351133603027810,0.00048717943084026816399598,1.5241374053248462999621,0.52413740532484629996214,0.65610882359183716528739,True
0.50000000000000000000000,0.50000000000000000000000,40.000000000000000000000,80.000000000000000000000,34.743558552260146212090,0.00022659238261267058284210,2.5156808038125984208812e-18,0.00033072916666666819346609,0.00010413678405399761062400,1.4595776029770847845487,0.45957760297708478454873,0.68512972380523702461408,True
0.50000000000000000000000,1.0000000000000000000000,4.0000000000000000000000,8.0000000000000000000000,3.4743558552260146212090,0.014962343816349676570154,8.8437719728085472508533e-12,0.074347575954849024502113,0.059385232138499347931959,4.9689792500027850503448,3.9689792500027850503448,0.20124857635488003146381,True
0.50000000000000000000000,1.0000000000000000000000,4.0100000000000000000000,8.0200000000000000000000,3.4830417448640796577621,0.014886715841324564098060,8.2594562656802685136827e-12,0.073798033346209790941664,0.058911317504885226843604,4.9573078530424557990686,3.9573078530424557990686,0.20172239240422975495213,True
0.50000000000000000000000,1.0000000000000000000000,4.1000000000000000000000,8.2000000000000000000000,3.5612147516066649867393,0.014230821441849423546465,4.3440718588929058695383e-12,0.069103029857740145203087,0.054872208415890721656623,4.8558707689581960958387,3.8558707689581960958387,0.20593628775968130399741,True
0.50000000000000000000000,1.0000000000000000000000,4.5000000000000000000000,9.0000000000000000000000,3.9086503371292664488602,0.011777665131406494315444,7.6316908662662772546931e-14,0.052677293800404452707011,0.040899628668997958391567,4.4726431947818256128785,3.4726431947818256128785,0.22358143863715463297680,True
0.50000000000000000000000,1.0000000000000000000000,5.0000000000000000000000,10.000000000000000000000,4.3429448190325182765113,0.0095043036767929556241086,2.4364805147856091121261e-14,0.039070943486611794692465,0.029566639809818839068356,4.1108685933523888301099,3.1108685933523888301099,0.24325759320477475094890,True
0.50000000000000000000000,1.0000000000000000000000,6.0000000000000000000000,12.000000000000000000000,5.2115337828390219318135,0.0065552527156036124702767,4.9290567431013946382569e-16,0.023783046337806054974783,0.017227793622202442504506,3.6280899256858161649613,2.6280899256858161649613,0.27562712625183083391040,True
0.50000000000000000000000,1.0000000000000000000000,8.0000000000000000000000,16.000000000000000000000,6.9487117104520292424181,0.0036485122466990514006335,4.0506623019121463888940e-17,0.011405022774678864348500,0.0077565105279798129478667,3.1259379175710386443715,2.1259379175710386443715,0.31990398605773796673664,True
0.50000000000000000000000,1.0000000000000000000000,10.000000000000000000000,20.000000000000000000000,8.6858896380650365530226,0.0023178686135349266250749,2.5733511028024643525326e-17,0.0066679151647351350000839,0.0043500465512002083750090,2.8767442320926272091536,1.8767442320926272091536,0.34761519249577880959830,True
0.50000000000000000000000,1.0000000000000000000000,20.000000000000000000000,40.000000000000000000000,17.371779276130073106045,0.00056979204946013668753313,6.3259625255899974400628e-18,0.0014166666937193079611727,0.00084687464425917127363961,2.4862872254212097526329,1.4862872254212097526329,0.40220614487957514611283,True
0.50000000000000000000000,1.0000000000000000000000,40.000000000000000000000,80.000000000000000000000,34.743558552260146212090,0.00014112868314088929111438,1.5668431345804344305564e-18,0.00033072916666666669388269,0.00018960048352577740276830,2.3434581780692910768415,1.3434581780692910768415,0.42671979784331876636453,True
0.50000000000000000000000,2.7182818284590452353603,4.0000000000000000000000,8.0000000000000000000000,3.4743558552260146212090,0.0057121796558738200527694,6.3417933747465185644734e-17,0.064285249331603128636732,0.058573069675729308583963,11.254066434254876339544,10.254066434254876339544,0.088856770647472127011767,True
0.50000000000000000000000,2.7182818284590452353603,4.0100000000000000000000,8.0200000000000000000000,3.4830417448640796577621,0.0056836657528613356799806,6.3101365831001291870230e-17,0.063838507253918631323914,0.058154841501057295643934,11.231924963529096282783,10.231924963529096282783,0.089031933817851800651139,True
0.50000000000000000000000,2.7182818284590452353603,4.1000000000000000000000,8.2000000000000000000000,3.5612147516066649867393,0.0054363579105802861316314,6.0355697224293416043907e-17,0.060022116947685627643908,0.054585759037105341512277,11.040869261177611525304,10.040869261177611525304,0.090572578693259581941138,True
0.50000000000000000000000,2.7182818284590452353603,4.5000000000000000000000,9.0000000000000000000000,3.9086503371292664488602,0.0045108769676751701866371,5.0080794707642814467601e-17,0.046645977777594653566782,0.042135100809919483380145,10.340778104093404878774,9.3407781040934048787744,0.096704521645634117155673,True
0.50000000000000000000000,2.7182818284590452353603,5.0000000000000000000000,10.000000000000000000000,4.3429448190325182765113,0.0036518205889272176145610,4.0543352996271957596984e-17,0.035446418297723914623731,0.031794597708796697009170,9.7065059562898415110250,8.7065059562898415110250,0.10302368375429650432590,True
0.50000000000000000000000,2.7182818284590452353603,6.0000000000000000000000,12.000000000000000000000,5.2115337828390219318135,0.0025334479886786987232503,2.8126922887213842066187e-17,0.022467502947543827877807,0.019934054958865129154557,8.8683497936192444916854,7.8683497936192444916854,0.11276054996381598528085,True
0.50000000000000000000000,2.7182818284590452353603,8.0000000000000000000000,16.000000000000000000000,6.9487117104520292424181,0.0014228393242766200574995,1.5796689781540031867243e-17,0.011229836478640333075168,0.0098069971543637130176685,7.8925541957097991197586,6.8925541957097991197586,0.12670169569992635925388,True
0.50000000000000000000000,2.7182818284590452353603,10.000000000000000000000,20.000000000000000000000,8.6858896380650365530226,0.00090961400960896207634754,1.0098744169894779888273e-17,0.0066444259985571559965300,0.0057348119889481939201824,7.3046654167228110240532,6.3046654167228110240532,0.13689880958964486967665,True
0.50000000000000000000000,2.7182818284590452353603,20.000000000000000000000,40.000000000000000000000,17.371779276130073106045,0.00022682004719550251381488,2.5182083884301154684616e-18,0.0014166656460419660090221,0.0011898455988464634952072,6.2457691176693145020397,5.2457691176693145020397,0.16010838395722867972279,True
0.50000000000000000000000,2.7182818284590452353603,40.000000000000000000000,80.000000000000000000000,34.743558552260146212090,0.000056622104659417964167556,6.2863164295621176696182e-19,0.00033072916666666455250175,0.00027410706200724658833420,5.8409903456609558352628,4.8409903456609558352628,0.17120384400957982071146,True
0.75000000000000000000000,1.0000000000000000000000e-8,4.0000000000000000000000,5.3333333333333333333333,2.3162372368173430808060,0.55230729322382599022490,8.4657157553656020576582e-8,321954.95225593295614362,321954.39994863973231763,582927.21498692702401113,582926.21498692702401113,1.7154800364268915276594e-6,True
0.75000000000000000000000,1.0000000000000000000000e-8,4.0100000000000000000000,5.3466666666666666666667,2.3220278299093864385080,0.54719211975965829253969,3.6160150507957180817323e-7,317797.97510855994167451,317797.42791644018201621,580779.51716144136448285,580778.51716144136448285,1.7218238082628978373474e-6,True
0.75000000000000000000000,1.0000000000000000000000e-8,4.1000000000000000000000,5.4666666666666666666667,2.3741431677377766578262,0.50333304873189081905118,5.5343146611449011245605e-8,282825.21210202517209272,282824.70876897644020190,561904.71262433829248854,561903.71262433829248854,1.7796611730297954540421e-6,True
0.75000000000000000000000,1.0000000000000000000000e-8,4.5000000000000000000000,6.0000000000000000000000,2.6057668914195109659068,0.34880060464917628237913,1.7380717201792577442407e-7,169721.01180629636491490,169720.66300569171573862,486584.62612758883371243,486583.62612758883371243,2.0551409689170634845772e-6,True
0.75000000000000000000000,1.0000000000000000000000e-8,5.0000000000000000000000,6.6666666666666666666667,2.8952965460216788510075,0.22327010127532834093955,5.8654817148304314727847e-14,90962.435575831710673555,90962.212305730435345214,407409.83703707034270426,407408.83703707034270426,2.4545308166160202495304e-6,True
0.75000000000000000000000,1.0000000000000000000000e-8,6.0000000000000000000000,8.0000000000000000000000,3.4743558552260146212090,0.096670042214226412080613,5.2110083014841014560810e-9,27111.421671342323056884,27111.325001300108830472,280453.18953375278875439,280452.18953375278875439,3.5656574334650207922764e-6,True
0.75000000000000000000000,1.0000000000000000000000e-8,8.0000000000000000000000,10.666666666666666666667,4.6324744736346861616120,0.025247536751875658631722,1.5505499261256978568713e-9,2653.5835271757060021450,2653.5582796389541264864,105102.67014379409792018,105101.67014379409792018,9.5145061360655269081981e-6,True
0.75000000000000000000000,1.0000000000000000000000e-8,10.000000000000000000000,13.333333333333333333333,5.7905930920433577020150,0.010953019765384882783232,5.7925287124584320073983e-9,280.92269262858398332242,280.91173960881859843964,25647.967286281302742543,25646.967286281302742543,0.000038989444615163884231552,True
0.75000000000000000000000,1.0000000000000000000000e-8,20.000000000000000000000,26.666666666666666666667,11.581186184086715404030,0.0020983529756991017162227,1.1690859221387193522378e-9,0.0082118727671534984719168,0.0061135197914543967556941,3.9134849390234616912505,2.9134849390234616912505,0.25552672760496981455502,True
0.75000000000000000000000,1.0000000000000000000000e-8,40.000000000000000000000,53.333333333333333333333,23.162372368173430808060,0.00049414708948139522519394,5.4861347629375250090794e-18,0.00049609375612366306897446,1.9466666422678437805215e-6,1.0039394477549404574989,0.0039394477549404574988646,0.99607601059630633365956,True
0.75000000000000000000000,1.0000000000000000000000e-6,4.0000000000000000000000,5.3333333333333333333333,2.3162372368173430808060,0.42578734201120685409769,1.5760879008147599122935e-9,3219.8450533371375058395,3219.4192659951262989854,7562.0966986200125025450,7561.0966986200125025450,0.00013223845711765196251790,True
0.75000000000000000000000,1.0000000000000000000000e-6,4.0100000000000000000000,5.3466666666666666666667,2.3220278299093864385080,0.42193106297752605498977,2.0911355632195855808933e-7,3178.2726300647287507489,3177.8506990017512246939,7532.6822529632473100979,7531.6822529632473100979,0.00013275483638070815853043,True
0.75000000000000000000000,1.0000000000000000000000e-6,4.1000000000000000000000,5.4666666666666666666667,2.3741431677377766578262,0.38885306273539251342345,2.6390720209922935203767e-8,2828.5223027546435962194,2828.1334496919082037060,7274.0131782873520547549,7273.0131782873520547549,0.00013747569264583700720364,True
0.75000000000000000000000,1.0000000000000000000000e-6,4.5000000000000000000000,6.0000000000000000000000,2.6057668914195109659068,0.27206237515787910928743,1.1781981262574028697531e-8,1697.4007962667385419451,1697.1287338915806628358,6239.0133706718125508942,6238.0133706718125508942,0.00016028175299331354160246,True
0.75000000000000000000000,1.0000000000000000000000e-6,5.0000000000000000000000,6.6666666666666666666667,2.8952965460216788510075,0.17672601232292099782129,6.2737027571271213391424e-11,909.75066100996670977174,909.57393499764378877392,5147.8027996672787088976,5146.8027996672787088976,0.00019425763552260270173861,True
0.75000000000000000000000,1.0000000000000000000000e-6,6.0000000000000000000000,8.0000000000000000000000,3.4743558552260146212090,0.079547428779400533582766,1.9022195508513995657746e-14,271.17469707019392959802,271.09514964141452906444,3408.9687276028821992506,3407.9687276028821992506,0.00029334384674839178028508,True
0.75000000000000000000000,1.0000000000000000000000e-6,8.0000000000000000000000,10.666666666666666666667,4.6324744736346861616120,0.022930243013101922217728,2.8866655647861311217994e-11,26.556183811802976320271,26.533253568789874398053,1158.1291919422422923893,1157.1291919422422923893,0.00086346152653569547393185,True
0.75000000000000000000000,1.0000000000000000000000e-6,10.000000000000000000000,13.333333333333333333333,5.7905930920433577020150,0.010639408160854497559233,8.0720543801492822266752e-9,2.8195910714604735232239,2.8089516632996190256647,265.01390197948941088651,264.01390197948941088651,0.0037733869526489760878733,True
0.75000000000000000000000,1.0000000000000000000000e-6,20.000000000000000000000,26.666666666666666666667,11.581186184086715404030,0.0020983529756966639787108,1.1690859084528819157654e-9,0.0021858897998298629505107,0.000087536824133198971799938,1.0417169204357223531611,0.041716920435722353161115,0.95995368836067932925750,True
0.75000000000000000000000,1.0000000000000000000000e-6,40.000000000000000000000,53.333333333333333333333,23.162372368173430808060,0.00049414708948090452396429,5.4861347629320770617122e-18,0.00049609375006128006364522,1.9466605803755396809265e-6,1.0039394354875599547104,0.0039394354875599547103543,0.99607602276760173232099,True
0.75000000000000000000000,0.00010000000000000000000000,4.0000000000000000000000,5.3333333333333333333333,2.3162372368173430808060,0.29926738226244067875292,5.7510882371726510236144e-14,32.431353935324635353799,32.132086553062194675046,108.36915700650651006507,107.36915700650651006507,0.0092277178084901016734998,True
0.75000000000000000000000,0.00010000000000000000000000,4.0100000000000000000000,5.3466666666666666666667,2.3220278299093864385080,0.29666999793108524488021,3.2622955027355953342962e-15,32.013601056723544848808,31.716931058792459603928,107.90980308079593037630,106.90980308079593037630,0.0092669986548975927783094,True
0.75000000000000000000000,0.00010000000000000000000000,4.1000000000000000000000,5.4666666666666666666667,2.3741431677377766578262,0.27437306840497130443850,1.1671074042927939792807e-7,28.498737168871591289375,28.224364100466619984937,103.86856601686504675222,102.86856601686504675222,0.0096275518027044956867702,True
0.75000000000000000000000,0.00010000000000000000000000,4.5000000000000000000000,6.0000000000000000000000,2.6057668914195109659068,0.19532413826364841074539,1.3613208305362053643053e-8,17.126700742849065614122,16.931376604585417203377,87.683482927908555221979,86.683482927908555221979,0.011404656459896536744451,True
0.75000000000000000000000,0.00010000000000000000000000,5.0000000000000000000000,6.6666666666666666666667,2.8952965460216788510075,0.13018191726223661053297,3.9994930617348600776495e-10,9.2007725377178150643712,9.0705906204555784538382,70.676271568376959475658,69.676271568376959475658,0.014149020283738836073696,True
0.75000000000000000000000,0.00010000000000000000000000,6.0000000000000000000000,8.0000000000000000000000,3.4743558552260146212090,0.062424811591348529360435,1.0901212387209174847769e-14,2.7637516338229788525635,2.7013268222316303232031,44.273287549753820961748,43.273287549753820961748,0.022586983152678944028170,True
0.75000000000000000000000,0.00010000000000000000000000,8.0000000000000000000000,10.666666666666666666667,4.6324744736346861616120,0.020612948098494696634597,7.8825009189858595993333e-9,0.28476331776324263775572,0.26415036966474794112112,13.814778769274544999674,12.814778769274544999674,0.072386247851040539352651,True
0.75000000000000000000000,0.00010000000000000000000000,10.000000000000000000000,13.333333333333333333333,5.7905930920433577020150,0.010325796193543550494098,2.6934942575889677870982e-12,0.038404818145019724860418,0.028079021951476174366319,3.7193081700598787972686,2.7193081700598787972686,0.26886720709241486569647,True
0.75000000000000000000000,0.00010000000000000000000000,20.000000000000000000000,26.666666666666666666667,11.581186184086715404030,0.0020983529513105611541413,1.1689169472204904091223e-9,0.0021256229223739425797110,0.000027269971063381425569728,1.0129958933011481755945,0.012995893301148175594520,0.98717083318196168105010,True
0.75000000000000000000000,0.00010000000000000000000000,40.000000000000000000000,53.333333333333333333333,23.162372368173430808060,0.00049414708457661270755990,5.4861347084834994971820e-18,0.00049609375000064170702911,1.9466654240289994692182e-6,1.0039394453287059470576,0.0039394453287059470575544,0.99607601300353717131252,True
0.75000000000000000000000,0.010000000000000000000000,4.0000000000000000000000,5.3333333333333333333333,2.3162372368173430808060,0.17270713981148233528984,1.4726527737107114601756e-7,0.49458956545182254109931,0.32188242564034020580947,2.8637470691234273863317,1.8637470691234273863317,0.34919284973937760815249,True
0.75000000000000000000000,0.010000000000000000000000,4.0100000000000000000000,5.3466666666666666666667,2.3220278299093864385080,0.17136871694779934759867,1.0630779024870484892781e-7,0.48900654359041612730096,0.31763782664261677970229,2.8535344857566535268345,1.8535344857566535268345,0.35044258444798026771505,True
0.75000000000000000000000,0.010000000000000000000000,4.1000000000000000000000,5.4666666666666666666667,2.3741431677377766578262,0.15985351497059040711436,3.3611544843290547258378e-10,0.44183391994715127502446,0.28198040497656086791010,2.7639925217061330795685,1.7639925217061330795685,0.36179547959946315781528,True
0.75000000000000000000000,0.010000000000000000000000,4.5000000000000000000000,6.0000000000000000000000,2.6057668914195109659068,0.11855014409670832580761,1.2919574456668707361429e-11,0.28597436401695824937940,0.16742421992024992357178,2.4122650056306311975510,1.4122650056306311975510,0.41454815190944288582373,True
0.75000000000000000000000,0.010000000000000000000000,5.0000000000000000000000,6.6666666666666666666667,2.8952965460216788510075,0.083607774639453866782901,1.1837561570619652140390e-15,0.17223432896387104776082,0.088626554324417180977916,2.0600276673623482690282,1.0600276673623482690282,0.48543037350580648508661,True
0.75000000000000000000000,0.010000000000000000000000,6.0000000000000000000000,8.0000000000000000000000,3.4743558552260146212090,0.045282919364188288502415,1.4041487339705560730314e-8,0.071166485809609872511247,0.025883566445421584008832,1.5715966816815136584632,0.57159668168151365846317,0.63629556594002242041660,True
0.75000000000000000000000,0.010000000000000000000000,8.0000000000000000000000,10.666666666666666666667,4.6324744736346861616120,0.018288842221560531672853,2.3619823506738826107698e-9,0.020902052422141876662811,0.0026132102005813449899586,1.1428854909962894116798,0.14288549099628941167976,0.87497829649431316846373,True
0.75000000000000000000000,0.010000000000000000000000,10.000000000000000000000,13.333333333333333333333,5.7905930920433577020150,0.010009672311839729746952,1.1269996900507202341503e-16,0.010437717867646486505262,0.00042804555580675675830994,1.0427631936862160914048,0.042763193686216091404769,0.95899050336150988893695,True
0.75000000000000000000000,0.010000000000000000000000,20.000000000000000000000,26.666666666666666666667,11.581186184086715404030,0.0020981106238214592557556,3.8258615444450103818965e-10,0.0021250132058166993604173,0.000026902581995240104661688,1.0128222895827295547724,0.012822289582729554772373,0.98734004008935053958888,True
0.75000000000000000000000,0.010000000000000000000000,40.000000000000000000000,53.333333333333333333333,23.162372368173430808060,0.00049409804901253483178092,5.4855903043608528952928e-18,0.00049609375000002079690014,1.9957009874859651192248e-6,1.0040390788659749108726,0.0040390788659749108725786,0.99597716966302058540987,True
0.75000000000000000000000,0.10000000000000000000000,4.0000000000000000000000,5.3333333333333333333333,2.3162372368173430808060,0.10769371380410842908848,2.5477727361153038173822e-14,0.17320044678949906535945,0.065506732985390636270972,1.6082688642769380172992,0.60826886427693801729920,0.62178658196531724735751,True
0.75000000000000000000000,0.10000000000000000000000,4.0100000000000000000000,5.3466666666666666666667,2.3220278299093864385080,0.10698592018732924958536,5.5461371677902920133674e-14,0.17167342501495297569711,0.064687504827623726111749,1.6046356821005771367981,0.60463568210057713679812,0.62319441799457684611648,True
0.75000000000000000000000,0.10000000000000000000000,4.1000000000000000000000,5.4666666666666666666667,2.3741431677377766578262,0.10087491924467578884907,7.4676876742452216242751e-14,0.15867153021310101123283,0.057796610968425222383756,1.5729532315980093968540,0.57295323159800939685400,0.63574681046560464029563,True
0.75000000000000000000000,0.10000000000000000000000,4.5000000000000000000000,6.0000000000000000000000,2.6057668914195109659068,0.078554441844932148480356,2.5397609859144200229587e-9,0.11404110424581714039419,0.035486662400884991913829,1.4517460956687374649236,0.45174609566873746492360,0.68882568582997046538211,True
0.75000000000000000000000,0.10000000000000000000000,5.0000000000000000000000,6.6666666666666666666667,2.8952965460216788510075,0.058914872882419970778756,4.2915647738631101937301e-10,0.078732250686874001558574,0.019817377804454030779818,1.3363730894235278834171,0.33637308942352788341709,0.74829402650675242292307,True
0.75000000000000000000000,0.10000000000000000000000,6.0000000000000000000000,8.0000000000000000000000,3.4743558552260146212090,0.035737135148604201595468,3.9899995200182170052017e-16,0.042485615712136531735048,0.0067484805635323301395798,1.1888366410869369315387,0.18883664108693693153874,0.84115846150713676095278,True
0.75000000000000000000000,0.10000000000000000000000,8.0000000000000000000000,10.666666666666666666667,4.6324744736346861616120,0.016713747601350110701460,1.4478036086341010331988e-8,0.017934523364973146966385,0.0012207757636230362649251,1.0730402177142141290534,0.073040217714214129053389,0.93193151896039451226673,True
0.75000000000000000000000,0.10000000000000000000000,10.000000000000000000000,13.333333333333333333333,5.7905930920433577020150,0.0096659113081710996973062,7.1161034752176429395154e-14,0.010106494107661093245080,0.00044058279948999354777408,1.0455810927126494420559,0.045581092712649442055905,0.95640597077516568035657,True
0.75000000000000000000000,0.10000000000000000000000,20.000000000000000000000,26.666666666666666666667,11.581186184086715404030,0.0020747499907699262777783,6.6724565202243607890979e-12,0.0021250041681706331746622,0.000050254177400706896883946,1.0242217990718283590803,0.024221799071828359080257,0.97635102172812698377545,True
0.75000000000000000000000,0.10000000000000000000000,40.000000000000000000000,53.333333333333333333333,23.162372368173430808060,0.00048931464449600525247475,5.4324838460573812645407e-18,0.00049609375000000794900832,6.7791055040026965335746e-6,1.0138542869710862310236,0.013854286971086231023618,0.98633503142500265744000,True
0.75000000000000000000000,0.50000000000000000000000,4.0000000000000000000000,5.3333333333333333333333,2.3162372368173430808060,0.054048604885385480300908,2.7551261750540304018564e-9,0.12533566688873075045321,0.071287062003345270152299,2.3189436092664252562773,1.3189436092664252562773,0.43123083976860483156318,True
0.75000000000000000000000,0.50000000000000000000000,4.0100000000000000000000,5.3466666666666666666667,2.3220278299093864385080,0.053755801495226864996098,4.4699643253616243637141e-9,0.12436118540286450490727,0.070605383907637639911171,2.3134467712086275687023,1.3134467712086275687023,0.43225546074594322021956,True
0.75000000000000000000000,0.50000000000000000000000,4.1000000000000000000000,5.4666666666666666666667,2.3741431677377766578262,0.051218554283119449177625,6.5659497552865570465187e-11,0.11604102062671646162685,0.064822466343597012449225,2.2656051552193288788896,1.2656051552193288788896,0.44138317645344160719291,True
0.75000000000000000000000,0.50000000000000000000000,4.5000000000000000000000,6.0000000000000000000000,2.6057668914195109659068,0.041774116002414435961438,1.3849818973772549907417e-12,0.087054011661877895569748,0.045279895659463459608310,2.0839222942945435073135,1.0839222942945435073135,0.47986434174529689721130,True
0.75000000000000000000000,0.50000000000000000000000,5.0000000000000000000000,6.6666666666666666666667,2.8952965460216788510075,0.033119582777566757281207,1.4582331293186098254699e-8,0.063322037413636903051784,0.030202454636070145770577,1.9119213499430765400312,0.91192134994307654003116,0.52303406729035841813877,True
0.75000000000000000000000,0.50000000000000000000000,6.0000000000000000000000,8.0000000000000000000000,3.4743558552260146212090,0.022131775002281476455446,6.5783306124735897337229e-10,0.037324659261061928412786,0.015192884258780451957341,1.6864738258551010068724,0.68647382585510100687235,0.59295316931050806430063,True
0.75000000000000000000000,0.50000000000000000000000,8.0000000000000000000000,10.666666666666666666667,4.6324744736346861616120,0.011754766337782601628298,1.2151566214052480366845e-9,0.017317308717090281658982,0.0055625423793076800306840,1.4732159040395683616596,0.47321590403956836165957,0.67878713314049418870924,True
0.75000000000000000000000,0.50000000000000000000000,10.000000000000000000000,13.333333333333333333333,5.7905930920433577020150,0.0072443541313018552929570,4.8943271844620032704605e-12,0.010029219866292471942142,0.0027848657349906166491853,1.3844187741951481647526,0.38441877419514816475258,0.72232478975255477352007,True
0.75000000000000000000000,0.50000000000000000000000,20.000000000000000000000,26.666666666666666666667,11.581186184086715404030,0.0016772027577257126937371,1.8620691185918943414047e-17,0.0021250011932490023959306,0.00044779843552328970219349,1.2669912349360219742853,0.26699123493602197428529,0.78927144278981221891617,True
0.75000000000000000000000,0.50000000000000000000000,40.000000000000000000000,53.333333333333333333333,23.162372368173430808060,0.00040408425736023736302149,4.4862364640989291276918e-18,0.00049609375000000233102317,0.000092009492639764968001675,1.2276987805484818967686,0.22769878054848189676857,0.81453204633244314069351,True
0.75000000000000000000000,1.0000000000000000000000,4.0000000000000000000000,5.3333333333333333333333,2.3162372368173430808060,0.032139403332236725959609,2.7402507639345421114502e-8,0.11259454589841030512976,0.080455142566173579170146,3.5033178660623984618937,2.5033178660623984618937,0.28544369601379150230140,True
0.75000000000000000000000,1.0000000000000000000000,4.0100000000000000000000,5.3466666666666666666667,2.3220278299093864385080,0.031974418483811205188096,2.6028530988578229591614e-8,0.11175637540600817757910,0.079781956922196972391007,3.4951808572403261472124,2.4951808572403261472124,0.28610822754092484776656,True
0.75000000000000000000000,1.0000000000000000000000,4.1000000000000000000000,5.4666666666666666666667,2.3741431677377766578262,0.030543763647143848141648,1.5841841455827034669436e-8,0.10459729439118690983093,0.074053530744043061689278,3.4245057550714716294372,2.4245057550714716294372,0.29201294187316363824525,True
0.75000000000000000000000,1.0000000000000000000000,4.5000000000000000000000,6.0000000000000000000000,2.6057668914195109659068,0.025197575789988121049608,4.8163317855595909465966e-10,0.079581676635424574298746,0.054384100845436453249138,3.1583068664504289469719,2.1583068664504289469719,0.31662534461823342641557,True
0.75000000000000000000000,1.0000000000000000000000,5.0000000000000000000000,6.6666666666666666666667,2.8952965460216788510075,0.020254356866580523199861,2.4878866914538436258422e-10,0.058909622844876538058046,0.038655265978296014858185,2.9084914042408721979949,1.9084914042408721979949,0.34382085453025568407449,True
0.75000000000000000000000,1.0000000000000000000000,6.0000000000000000000000,8.0000000000000000000000,3.4743558552260146212090,0.013871061600635859259456,6.1452186278154598234776e-12,0.035764940679816710113014,0.021893879079180850853558,2.5783852533808385635896,1.5783852533808385635896,0.38783963672177258991163,True
0.75000000000000000000000,1.0000000000000000000000,8.0000000000000000000000,10.666666666666666666667,4.6324744736346861616120,0.0076375177131949514722567,5.9763852274168509457045e-15,0.017116379368027444784126,0.0094788616548324933118688,2.2410919373000399627991,1.2410919373000399627991,0.44621105602867503036695,True
0.75000000000000000000000,1.0000000000000000000000,10.000000000000000000000,13.333333333333333333333,5.7905930920433577020150,0.0048166125561114934289231,5.3475141604936088411550e-17,0.010002809120654053750189,0.0051861965645425603212657,2.0767311059641127336366,1.0767311059641127336366,0.48152598915099057192701,True
0.75000000000000000000000,1.0000000000000000000000,20.000000000000000000000,26.666666666666666666667,11.581186184086715404030,0.0011654340168400643962254,1.2938916791772219718587e-17,0.0021250000608684429126387,0.00095956604402837851641324,1.8233551021877048160698,0.82335510218770481606982,0.54843952162701396848785,True
0.75000000000000000000000,1.0000000000000000000000,40.000000000000000000000,53.333333333333333333333,23.162372368173430808060,0.00028631876912739807027053,3.1787768986757175372683e-18,0.00049609375000000006123604,0.00020977498087260199096551,1.7326623452312419729046,0.73266234523124197290459,0.57714649524892832237528,True
0.75000000000000000000000,2.7182818284590452353603,4.0000000000000000000000,5.3333333333333333333333,2.3162372368173430808060,0.012754528719153697315786,1.4160371452247241083511e-16,0.096822675579382357042792,0.084068146860228659727006,7.5912389796090280760877,6.5912389796090280760877,0.13173080213732160032065,True
0.75000000000000000000000,2.7182818284590452353603,4.0100000000000000000000,5.3466666666666666666667,2.3220278299093864385080,0.012690697127606505913985,1.4089504149613082138344e-16,0.096147464912153470558202,0.083456767784546964644216,7.5762161798819241996296,6.5762161798819241996296,0.13199200976543215035286,True
0.75000000000000000000000,2.7182818284590452353603,4.1000000000000000000000,5.4666666666666666666667,2.3741431677377766578262,0.012137075586324583375256,1.3474860767553425257203e-16,0.090379993619224713151016,0.078242918032900129775761,7.4466038360229150297168,6.4466038360229150297168,0.13428940521348861968503,True
0.75000000000000000000000,2.7182818284590452353603,4.5000000000000000000000,6.0000000000000000000000,2.6057668914195109659068,0.010065497303352581119166,1.1174946860484458598403e-16,0.070177089285943391169285,0.060111591982590810050119,6.9720439210260429315953,5.9720439210260429315953,0.14342996276661933313299,True
0.75000000000000000000000,2.7182818284590452353603,5.0000000000000000000000,6.6666666666666666666667,2.8952965460216788510075,0.0081432146608223190953346,9.0407844109100736708027e-17,0.053281171294535858064634,0.045137956633713538969299,6.5430144621970965372192,5.5430144621970965372192,0.15283475312145455554290,True
0.75000000000000000000000,2.7182818284590452353603,6.0000000000000000000000,8.0000000000000000000000,3.4743558552260146212090,0.0056424879382697811641689,6.2644200252368400878099e-17,0.033734500117976583553460,0.028092012179706802389291,5.9786570192157058542301,4.9786570192157058542301,0.16726164367448232177496,True
0.75000000000000000000000,2.7182818284590452353603,8.0000000000000000000000,10.666666666666666666667,4.6324744736346861616120,0.0031629581392418446190995,3.5115889521118375948543e-17,0.016848008687404191358686,0.013685050548162346739587,5.3266619239679943277973,4.3266619239679943277973,0.18773483548868992940534,True
0.75000000000000000000000,2.7182818284590452353603,10.000000000000000000000,13.333333333333333333333,5.7905930920433577020150,0.0020193796547728683210554,2.2419617881884382438688e-17,0.0099669834704145328115183,0.0079476038156416644904629,4.9356659837872729846462,3.9356659837872729846462,0.20260690315852215533534,True
0.75000000000000000000000,2.7182818284590452353603,20.000000000000000000000,26.666666666666666666667,11.581186184086715404030,0.00050200645427287202485211,5.5733912404417828415314e-18,0.0021249984765270319347590,0.0016229920222541599099069,4.2330102699674890059743,3.2330102699674890059743,0.23623850078863152592535,True
0.75000000000000000000000,2.7182818284590452353603,40.000000000000000000000,53.333333333333333333333,23.162372368173430808060,0.00012510181394638783883289,1.3889091426565229057997e-18,0.00049609374999999683626179,0.00037099193605360899742891,3.9655200380435485583990,2.9655200380435485583990,0.25217373519901961402369,True
1.0000000000000000000000,1.0000000000000000000000e-8,4.0000000000000000000000,4.0000000000000000000000,1.7371779276130073106045,0.74694788621497076874789,5.1153994606616423428385e-9,572364.19849281305840284,572363.45154492684343207,766270.59137039619428958,766269.59137039619428958,1.3050220265032001050907e-6,True
1.0000000000000000000000,1.0000000000000000000000e-8,4.0100000000000000000000,4.0100000000000000000000,1.7415208724320398288810,0.74002279847221889771380,4.1397488270379321355961e-7,564974.01837054541111379,564973.27834774693889489,763454.88211570961389069,763453.88211570961389069,1.3098350975617174540521e-6,True
1.0000000000000000000000,1.0000000000000000000000e-8,4.1000000000000000000000,4.1000000000000000000000,1.7806073758033324933696,0.68064605484003821469799,3.8005285580146752438723e-8,502800.23007959249962965,502799.54943353765959144,738710.26872808057785088,738709.26872808057785088,1.3537107067995831978207e-6,True
1.0000000000000000000000,1.0000000000000000000000e-8,4.5000000000000000000000,4.5000000000000000000000,1.9543251685646332244301,0.47145919112054088970951,6.6367860821903817009962e-9,301726.14038411451831713,301725.66892492339777624,639983.57878438375450185,639982.57878438375450185,1.5625400918871217288733e-6,True
1.0000000000000000000000,1.0000000000000000000000e-8,5.0000000000000000000000,5.0000000000000000000000,2.1714724095162591382556,0.30157024147887558029879,1.5075300903444333044945e-12,161710.92942895508347789,161710.62785871360460231,536229.73087774851077014,536228.73087774851077014,1.8648723530549323875228e-6,True
1.0000000000000000000000,1.0000000000000000000000e-8,6.0000000000000000000000,6.0000000000000000000000,2.6057668914195109659068,0.13031957474388391718081,3.1203258808921003789358e-13,48198.051976140117521204,48197.921656565373637287,369845.06794826017176705,369844.06794826017176705,2.7038348937504175477417e-6,True
1.0000000000000000000000,1.0000000000000000000000e-8,8.0000000000000000000000,8.0000000000000000000000,3.4743558552260146212090,0.033856395502663637342433,2.6114006402601364076332e-8,4717.4721707873761862165,4717.4383143918735225791,139337.69678512383557934,139336.69678512383557934,7.1768087392898788522342e-6,True
1.0000000000000000000000,1.0000000000000000000000e-8,10.000000000000000000000,10.000000000000000000000,4.3429448190325182765113,0.014630147845596890299191,1.0295036782163695388004e-14,499.41339701827865281943,499.39876687043305592914,34135.909102831302237047,34134.909102831302237047,0.000029294664366125170846750,True
1.0000000000000000000000,1.0000000000000000000000e-8,20.000000000000000000000,20.000000000000000000000,8.6858896380650365530226,0.0027978039675988031209641,1.5587812313899642325393e-9,0.013654427818988605111761,0.010856623851389801990797,4.8804090555019936240389,3.8804090555019936240389,0.20490085741330161432922,True
1.0000000000000000000000,1.0000000000000000000000e-8,40.000000000000000000000,40.000000000000000000000,17.371779276130073106045,0.00065886278597519359889745,7.3148463505833661857345e-18,0.00066145834421981937009546,2.5955582446257711980071e-6,1.0039394518856973276096,0.0039394518856973276095881,0.99607600649790396866153,True
1.0000000000000000000000,1.0000000000000000000000e-6,4.0000000000000000000000,4.0000000000000000000000,1.7371779276130073106045,0.57825461792272259131664,2.1423128027395964235666e-10,5724.0360259652078432327,5723.4577713472851206414,9898.8159342813284504846,9897.8159342813284504846,0.00010102218352569071880311,True
1.0000000000000000000000,1.0000000000000000000000e-6,4.0100000000000000000000,4.0100000000000000000000,1.7415208724320398288810,0.57300805626276450905030,3.8883472670900911468721e-7,5650.1306890109598898097,5649.5576809546971253006,9860.4733864683700736850,9859.4733864683700736850,0.00010141500928062037818176,True
1.0000000000000000000000,1.0000000000000000000000e-6,4.1000000000000000000000,4.1000000000000000000000,1.7806073758033324933696,0.52800607352572290812222,3.0326836837941397549895e-7,5028.3625431084474966861,5027.8345370349217737780,9523.3043618834062778360,9522.3043618834062778361,0.00010500556970566378609458,True
1.0000000000000000000000,1.0000000000000000000000e-6,4.5000000000000000000000,4.5000000000000000000000,1.9543251685646332244301,0.36914155183861744283739,3.8019088528355011413625e-9,3017.5156414461783735661,3017.1464998943397561233,8174.4133826619066405302,8173.4133826619066405302,0.00012233293732379865792672,True
1.0000000000000000000000,1.0000000000000000000000e-6,5.0000000000000000000000,5.0000000000000000000000,2.1714724095162591382556,0.23951145621132251761765,6.2075908341084617969585e-8,1617.2777012917503054938,1617.0381898355389829762,6752.4022728366515263088,6751.4022728366515263088,0.00014809544212476322712589,True
1.0000000000000000000000,1.0000000000000000000000e-6,6.0000000000000000000000,6.0000000000000000000000,2.6057668914195109659068,0.10748942349940677271686,3.2586684122697878112578e-14,482.06116023709544058428,481.95367081359603381156,4484.7310976577700728755,4483.7310976577700728755,0.00022297880925843416568715,True
1.0000000000000000000000,1.0000000000000000000000e-6,8.0000000000000000000000,8.0000000000000000000000,3.4743558552260146212090,0.030766670518960391456087,1.3170167758886491826686e-8,47.201853094601650260592,47.171086424082689869136,1534.1878824851342767651,1533.1878824851342767651,0.00065181064941026845629233,True
1.0000000000000000000000,1.0000000000000000000000e-6,10.000000000000000000000,10.000000000000000000000,4.3429448190325182765113,0.014211999039605149874887,4.1826303356499631254037e-10,5.0079528304156314481939,4.9937408313760262983191,352.37497669819479187284,351.37497669819479187284,0.0028378859627608823189287,True
1.0000000000000000000000,1.0000000000000000000000e-6,20.000000000000000000000,20.000000000000000000000,8.6858896380650365530226,0.0027978039675969734734196,1.5587812173530189339358e-9,0.0029415723744009900055064,0.00014376840680401653208681,1.0513861615999847342810,0.051386161599984734280980,0.95112532057509108422328,True
1.0000000000000000000000,1.0000000000000000000000e-6,40.000000000000000000000,40.000000000000000000000,17.371779276130073106045,0.00065886278597482569874266,7.3148463505792818583977e-18,0.00066145833344225610430825,2.5955474674304055655865e-6,1.0039394355284312234663,0.0039394355284312234662516,0.99607602272705059010352,True
1.0000000000000000000000,0.00010000000000000000000000,4.0000000000000000000000,4.0000000000000000000000,1.7371779276130073106045,0.40956134302159369342533,1.3512734432509195328653e-11,57.550898128923092159532,57.141336785901498466107,140.51838414322413541778,139.51838414322413541778,0.0071165065418112444515025,True
1.0000000000000000000000,0.00010000000000000000000000,4.0100000000000000000000,4.0100000000000000000000,1.7415208724320398288810,0.40599330744019677823134,6.9112334354250390045090e-14,56.809139898211275353189,56.403146590771078574958,139.92629646137533607432,138.92629646137533607432,0.0071466195081925560483098,True
1.0000000000000000000000,0.00010000000000000000000000,4.1000000000000000000000,4.1000000000000000000000,1.7806073758033324933696,0.37536608574345131003073,4.1111598482756570423969e-9,50.568310952851348736436,50.192944867107897426405,134.71731430583448936774,133.71731430583448936774,0.0074229508296892381880490,True
1.0000000000000000000000,0.00010000000000000000000000,4.5000000000000000000000,4.5000000000000000000000,1.9543251685646332244301,0.26682390679068588054987,5.2629032548635279327768e-11,30.378746788037357328557,30.111922881246671448007,113.85316688233799342853,112.85316688233799342853,0.0087832427273055475347384,True
1.0000000000000000000000,0.00010000000000000000000000,5.0000000000000000000000,5.0000000000000000000000,2.1714724095162591382556,0.17745266621483700930639,1.5030032376017743445118e-7,16.310464916408367010476,16.133012250193530001170,91.914453946055341950601,90.914453946055341950601,0.010879681672122000610360,True
1.0000000000000000000000,0.00010000000000000000000000,6.0000000000000000000000,6.0000000000000000000000,2.6057668914195109659068,0.084659269353178036156117,2.1738012624518256011975e-14,4.8899511531990071479539,4.8052918838458291117978,57.760375096072602562660,56.760375096072602562660,0.017312906959774827820097,True
1.0000000000000000000000,0.00010000000000000000000000,8.0000000000000000000000,8.0000000000000000000000,3.4743558552260146212090,0.027676944628912798773701,2.4883420018599109835127e-13,0.49762050380630033534327,0.46994355917738753656957,17.979603980074435797243,16.979603980074435797243,0.055618577645438216533591,True
1.0000000000000000000000,0.00010000000000000000000000,10.000000000000000000000,10.000000000000000000000,4.3429448190325182765113,0.013793849956280417323740,1.0116970984921924703315e-9,0.063691404878042967319511,0.049897554921762549995772,4.6173769527661066890990,3.6173769527661066890990,0.21657317785175314397167,True
1.0000000000000000000000,0.00010000000000000000000000,20.000000000000000000000,20.000000000000000000000,8.6858896380650365530226,0.0027978039493073880716878,1.5586544912769274525473e-9,0.0028344344229115351669962,0.000036630473604147095308431,1.0130925805624140221756,0.013092580562414022175624,0.98707661983355387722205,True
1.0000000000000000000000,0.00010000000000000000000000,40.000000000000000000000,40.000000000000000000000,17.371779276130073106045,0.00065886278229660685812341,7.3148463097428489007042e-18,0.00066145833333446110289996,2.5955510378542447765529e-6,1.0039394409694942816907,0.0039394409694942816907035,0.99607601732860499739971,True
1.0000000000000000000000,0.010000000000000000000000,4.0000000000000000000000,4.0000000000000000000000,1.7371779276130073106045,0.24083574932643442290114,1.1101376167275350687340e-8,0.80254368275399917167709,0.56170793342756474877594,3.3323278832089526800458,2.3323278832089526800458,0.30009051781453862475343,True
1.0000000000000000000000,0.010000000000000000000000,4.0100000000000000000000,4.0100000000000000000000,1.7415208724320398288810,0.23894629528186825550015,3.0575668933884958395602e-8,0.79325210967968699194906,0.55430581439781873644891,3.3197924610797705916384,2.3197924610797705916384,0.30122364928642182710256,True
1.0000000000000000000000,0.010000000000000000000000,4.1000000000000000000000,4.1000000000000000000000,1.7806073758033324933696,0.22269437688722484057439,2.4485821845825544860241e-15,0.71481184053976063687197,0.49211746365253579629758,3.2098333623473129096580,2.2098333623473129096580,0.31154265256583659835946,True
1.0000000000000000000000,0.010000000000000000000000,4.5000000000000000000000,4.5000000000000000000000,1.9543251685646332244301,0.16447764636765497503342,1.7408816248821686913095e-8,0.45673060999833036426980,0.29225296363067538923638,2.7768552145828116343599,1.7768552145828116343599,0.36011960391324821340803,True
1.0000000000000000000000,0.010000000000000000000000,5.0000000000000000000000,5.0000000000000000000000,2.1714724095162591382556,0.11536988653800840154418,7.9834576970083670488520e-12,0.27007345394634086626091,0.15470356740833246471673,2.3409354212840077014357,1.3409354212840077014357,0.42717966113370954300296,True
1.0000000000000000000000,0.010000000000000000000000,6.0000000000000000000000,6.0000000000000000000000,2.6057668914195109659068,0.061813802509154679319813,1.5234839979037438716874e-12,0.10693813749383018346035,0.045124334984675504140542,1.7300041924777649758125,0.73000419247776497581247,0.57803328127648603024434,True
1.0000000000000000000000,0.010000000000000000000000,8.0000000000000000000000,8.0000000000000000000000,3.4743558552260146212090,0.024581878254431432234695,1.6805744734206540247357e-9,0.029048764030742270400438,0.0044668857763108381657435,1.1817145838115760052439,0.18171458381157600524389,0.84622802637717947060943,True
1.0000000000000000000000,0.010000000000000000000000,10.000000000000000000000,10.000000000000000000000,4.3429448190325182765113,0.013373764370630525366579,5.3836330602937201850189e-14,0.014041806963708815348738,0.00066804259307828998215954,1.0499517244782139191205,0.049951724478213919120489,0.95242474171558885082308,True
1.0000000000000000000000,0.010000000000000000000000,20.000000000000000000000,20.000000000000000000000,8.6858896380650365530226,0.0027976218569035971039938,7.8226038392509728160813e-10,0.0028333536463530619311635,0.000035731789449464827169761,1.0127722012756265452501,0.012772201275626545250109,0.98738887060729011535745,True
1.0000000000000000000000,0.010000000000000000000000,40.000000000000000000000,40.000000000000000000000,17.371779276130073106045,0.00065882600321076553728794,7.3144379798635919058225e-18,0.00066145833333336378413547,2.6323301225982468475282e-6,1.0039954860763990459525,0.0039954860763990459525160,0.99602041430284377852077,True
1.0000000000000000000000,0.10000000000000000000000,4.0000000000000000000000,4.0000000000000000000000,1.7371779276130073106045,0.15496962556855942150236,3.4603172296933035201327e-11,0.24524302193448899883374,0.090273396365929577331379,1.5825231624244463719365,0.58252316242444637193651,0.63190228348252849670294,True
1.0000000000000000000000,0.10000000000000000000000,4.0100000000000000000000,4.0100000000000000000000,1.7415208724320398288810,0.15392078676912418626867,3.0452849790121588629582e-11,0.24302223850918384981760,0.089101451740059663548923,1.5788786141907443252085,0.57887861419074432520848,0.63336091261996788317311,True
1.0000000000000000000000,0.10000000000000000000000,4.1000000000000000000000,4.1000000000000000000000,1.7806073758033324933696,0.14487091491417497507585,1.8377563977611242495860e-10,0.22413203501182390866104,0.079261120097648933585188,1.5471154796296077322407,0.54711547962960773224070,0.64636416167163441971371,True
1.0000000000000000000000,0.10000000000000000000000,4.5000000000000000000000,4.5000000000000000000000,1.9543251685646332244301,0.11192248030219383351469,3.4964420436705237985556e-11,0.15959795145866145703531,0.047675471156467623520619,1.4259686796409668125896,0.42596867964096681258962,0.70127767480263448622457,True
1.0000000000000000000000,0.10000000000000000000000,5.0000000000000000000000,5.0000000000000000000000,2.1714724095162591382556,0.083130395731319914887081,3.6555893017243667325600e-13,0.10901910244861661566941,0.025888706717296700782333,1.3114228735415842954916,0.31142287354158429549157,0.76253054615360931818260,True
1.0000000000000000000000,0.10000000000000000000000,6.0000000000000000000000,6.0000000000000000000000,2.6057668914195109659068,0.049572789000593056288027,6.7102958991840624649841e-15,0.057852436590950410991266,0.0082796475903573547032396,1.1670200074935929555541,0.16702000749359295555409,0.85688333839939765525750,True
1.0000000000000000000000,0.10000000000000000000000,8.0000000000000000000000,8.0000000000000000000000,3.4743558552260146212090,0.022698731115478536224384,2.3138165035764372834404e-12,0.024030633900086172773515,0.0013319027846076365491319,1.0586774114302537427194,0.058677411430253742719372,0.94457479606466559312919,True
1.0000000000000000000000,0.10000000000000000000000,10.000000000000000000000,10.000000000000000000000,4.3429448190325182765113,0.013017547660558390631991,1.8192005960242924045289e-10,0.013487810457566140994279,0.00047026279700775036228856,1.0361252986561048115219,0.036125298656104811521860,0.96513423742962290170618,True
1.0000000000000000000000,0.10000000000000000000000,20.000000000000000000000,20.000000000000000000000,8.6858896380650365530226,0.0027799581124480626792561,1.3172850311476737419675e-10,0.0028333391614205905112770,0.000053381048972527832020885,1.0192021055042156279732,0.019202105504215627973213,0.98115966852843574296871,True
1.0000000000000000000000,0.10000000000000000000000,40.000000000000000000000,40.000000000000000000000,17.371779276130073106045,0.00065521493843719219585253,7.2743471073132524556992e-18,0.00066145833333334420417129,6.2433948961520083187578e-6,1.0095287737349878656243,0.0095287737349878656242977,0.99056116677117192207512,True
1.0000000000000000000000,0.50000000000000000000000,4.0000000000000000000000,4.0000000000000000000000,1.7371779276130073106045,0.085548986911295588075888,2.5404760099938993251137e-8,0.16997604109467238294184,0.084427054183376794865948,1.9868854936986909292208,0.98688549369869092922080,0.50330026726323713139556,True
1.0000000000000000000000,0.50000000000000000000000,4.0100000000000000000000,4.0100000000000000000000,1.7415208724320398288810,0.085070318804893938323350,1.7920122759500956620246e-8,0.16863978156833531632065,0.083569462763441377997298,1.9823574654175832376223,0.98235746541758323762226,0.50444988729081219609750,True
1.0000000000000000000000,0.50000000000000000000000,4.1000000000000000000000,4.1000000000000000000000,1.7806073758033324933696,0.080924622059231231055197,1.4077204598013474069057e-8,0.15723535978115979423925,0.076310737721928563184058,1.9429854076559588578802,0.94298540765595885788022,0.51467190441044645756307,True
1.0000000000000000000000,0.50000000000000000000000,4.5000000000000000000000,4.5000000000000000000000,1.9543251685646332244301,0.065535274636144525958919,4.7000245797030208459464e-9,0.11758064470868491472828,0.052045370072540388769357,1.7941581134968788277662,0.79415811349687882776619,0.55736447778895247881518,True
1.0000000000000000000000,0.50000000000000000000000,5.0000000000000000000000,5.0000000000000000000000,2.1714724095162591382556,0.051517515926658195013488,1.0915751693028039916167e-9,0.085237936858072793453974,0.033720420931414598440487,1.6545428350897188328520,0.65454283508971883285203,0.60439656126870492654437,True
1.0000000000000000000000,0.50000000000000000000000,6.0000000000000000000000,6.0000000000000000000000,2.6057668914195109659068,0.033914457910870363408249,3.3830652340134494835434e-11,0.050007202143036244952622,0.016092744232165881544374,1.4745098469348609894012,0.47450984693486098940119,0.67819146957801002825372,True
1.0000000000000000000000,0.50000000000000000000000,8.0000000000000000000000,8.0000000000000000000000,3.4743558552260146212090,0.017637672913304817262636,3.9110393136132045289956e-10,0.023113332172144770908976,0.0054756592588399536463400,1.3104524778157916830552,0.31045247781579168305520,0.76309520331996997686796,True
1.0000000000000000000000,0.50000000000000000000000,10.000000000000000000000,10.000000000000000000000,4.3429448190325182765113,0.010735918686468233218534,4.3196548587971592813851e-9,0.013374790151193565923024,0.0026388714647253327044903,1.2457983840778730108205,0.24579838407787301082052,0.80269810330520663278987,True
1.0000000000000000000000,0.50000000000000000000000,20.000000000000000000000,20.000000000000000000000,8.6858896380650365530226,0.0024360045305118172009884,2.7045083178654139281524e-17,0.0028333349784372857835863,0.00039733044792546858259790,1.1631074338938061795484,0.16310743389380617954843,0.85976580568506779537901,True
1.0000000000000000000000,0.50000000000000000000000,40.000000000000000000000,40.000000000000000000000,17.371779276130073106045,0.00058262132988296064239897,6.4683961507379167160679e-18,0.00066145833333333649579626,0.000078837003450375853397293,1.1353143103535412157933,0.13531431035354121579328,0.88081334911439298044886,True
1.0000000000000000000000,1.0000000000000000000000,4.0000000000000000000000,4.0000000000000000000000,1.7371779276130073106045,0.054086292978957270505269,3.5086015232328089945464e-10,0.15155697048606276467512,0.097470677507105494169851,2.8021327056936086414606,1.8021327056936086414606,0.35687103539675904320235,True
1.0000000000000000000000,1.0000000000000000000000,4.0100000000000000000000,4.0100000000000000000000,1.7415208724320398288810,0.053803664665645264846348,3.7239926762283744873276e-10,0.15042093439026889166095,0.096617269724623626814601,2.7957377127568732384467,1.7957377127568732384467,0.35768734507426354049276,True
1.0000000000000000000000,1.0000000000000000000000,4.1000000000000000000000,4.1000000000000000000000,1.7806073758033324933696,0.051353368838734489790459,4.6522928198695341435172e-10,0.14072005866101813580963,0.089366689822283646019169,2.7402303265229351847978,1.7402303265229351847978,0.36493282711344016583759,True
1.0000000000000000000000,1.0000000000000000000000,4.5000000000000000000000,4.5000000000000000000000,1.9543251685646332244301,0.042207634718442193301188,7.0562417664280955720939e-11,0.10686321676032329271597,0.064655582041881099414779,2.5318456595159668033802,1.5318456595159668033802,0.39496878344123788446650,True
1.0000000000000000000000,1.0000000000000000000000,5.0000000000000000000000,5.0000000000000000000000,2.1714724095162591382556,0.033774856901174974410651,7.7884693530964280855367e-12,0.078950440613113845436526,0.045175583711938871025875,2.3375507065543565092862,1.3375507065543565092862,0.42779820655699918730839,True
1.0000000000000000000000,1.0000000000000000000000,6.0000000000000000000000,6.0000000000000000000000,2.6057668914195109659068,0.022944210647867172323286,1.1885340574140327094823e-9,0.047807082470565783685139,0.024862871822698611361853,2.0836228887660509798420,1.0836228887660509798420,0.47993329569930632695696,True
1.0000000000000000000000,1.0000000000000000000000,8.0000000000000000000000,8.0000000000000000000000,3.4743558552260146212090,0.012481483967217293917784,2.0615920602363914583103e-12,0.022833632765382124060668,0.010352148798164830142884,1.8294004803719511490273,0.82940048037195114902730,0.54662716596460136357345,True
1.0000000000000000000000,1.0000000000000000000000,10.000000000000000000000,10.000000000000000000000,4.3429448190325182765113,0.0078089061497621470309127,1.0667285967977512437524e-14,0.013338327325607206667002,0.0055294211758450596360895,1.7080916417485029366713,0.70809164174850293667126,0.58544868176764875487532,True
1.0000000000000000000000,1.0000000000000000000000,20.000000000000000000000,20.000000000000000000000,8.6858896380650365530226,0.0018589760085461842775700,2.0638779669137456857978e-17,0.0028333334415438985113576,0.00097435743299771423378758,1.5241366367926998245977,0.52413663679269982459772,0.65610915442879124412527,True
1.0000000000000000000000,1.0000000000000000000000,40.000000000000000000000,40.000000000000000000000,17.371779276130073106045,0.00045318476522534116568419,5.0313616076251968417624e-18,0.00066145833333333344219741,0.00020827356810799227651322,1.4595776029770782866808,0.45957760297707828668075,0.68512972380524007473110,True
1.0000000000000000000000,2.7182818284590452353603,4.0000000000000000000000,4.0000000000000000000000,1.7371779276130073106045,0.022440943134939904390901,1.8994945651945906011005e-14,0.12962330288181336150731,0.10718235974687345711641,5.7761967535131622519257,4.7761967535131622519257,0.17312429660429871199914,True
1.0000000000000000000000,2.7182818284590452353603,4.0100000000000000000000,4.0100000000000000000000,1.7415208724320398288810,0.022328241307784263199114,1.7609644345749541556918e-14,0.12871622525790532550738,0.10638798395012106230826,5.7647274356996119473475,4.7647274356996119473475,0.17346873918222626211239,True
1.0000000000000000000000,2.7182818284590452353603,4.1000000000000000000000,4.1000000000000000000000,1.7806073758033324933696,0.021350777217595793266205,8.7888686942156423821263e-15,0.12096908242256131311489,0.099618305204965519848690,5.6657929212463137961796,4.6657929212463137961796,0.17649780249646475850255,True
1.0000000000000000000000,2.7182818284590452353603,4.5000000000000000000000,4.5000000000000000000000,1.9543251685646332244301,0.017693771171627069322332,2.7920054306015382479849e-16,0.093846949207326402651195,0.076153178035699333328863,5.3039540467108065202097,4.3039540467108065202097,0.18853858672100296384197,True
1.0000000000000000000000,2.7182818284590452353603,5.0000000000000000000000,5.0000000000000000000000,2.1714724095162591382556,0.014301847185333746992342,1.5878240039828014737570e-16,0.071190286856647792258228,0.056888439671314045265886,4.9776987499665065307886,3.9776987499665065307886,0.20089604659316289591676,True
1.0000000000000000000000,2.7182818284590452353603,6.0000000000000000000000,6.0000000000000000000000,2.6057668914195109659068,0.0098936303346345844111909,1.0984136194641208226116e-16,0.045023661086183233720281,0.035130030751548649309090,4.5507725236679925884408,3.5507725236679925884408,0.21974291063750746047381,True
1.0000000000000000000000,2.7182818284590452353603,8.0000000000000000000000,8.0000000000000000000000,3.4743558552260146212090,0.0055319248895005510360812,6.1416703828204869163781e-17,0.022468350209130510806160,0.016936425319629959770079,4.0615790448953587025307,3.0615790448953587025307,0.24620966105702460811827,True
1.0000000000000000000000,2.7182818284590452353603,10.000000000000000000000,10.000000000000000000000,4.3429448190325182765113,0.0035255808639960584116579,3.9141810503862766297911e-17,0.013289770590657775504322,0.0097641897266617170926642,3.7695265272101934764010,2.7695265272101934764010,0.26528530646529092835217,True
1.0000000000000000000000,2.7182818284590452353603,20.000000000000000000000,20.000000000000000000000,8.6858896380650365530226,0.00087289363913375717096699,9.6910661621513974512750e-18,0.0028333313119881531413130,0.0019604376728543959703460,3.2459067003855092176318,2.2459067003855092176318,0.30808032771897978271936,True
1.0000000000000000000000,2.7182818284590452353603,40.000000000000000000000,40.000000000000000000000,17.371779276130073106045,0.00021703985466145676169747,2.4096264390644688686154e-18,0.00066145833333332912502794,0.00044441847867187236333047,3.0476353495770878829560,2.0476353495770878829560,0.32812324484251939659635,True
0.10116528525971616146868,0.00020742613829572642128460,5.0663692818461809242737,50.080116601654068137979,21.749518293169794112948,0.013181842624297959228525,8.7172108176307313644143e-9,0.086479681425797750627633,0.073297838801499791399109,6.5605153915576730619934,5.5605153915576730619934,0.15242704883930902448563,True
0.15924334982231690666080,0.00049451866422228290141608,14.121194867512610965285,88.676826274183403986318,38.511856323571150535509,0.00094808022942239778740578,5.9934824887228336439225e-11,0.00096883763013998704397797,0.000020757400717589256572186,1.0218941394129011211846,0.021894139412901121184569,0.97857494375544638343429,True
0.77043416973945008500000,0.021596038581141146559372,6.9501482867612673742616,9.0210800088367173586969,3.9178052686455245844078,0.027673472406034731884913,3.0867789905464282280825e-10,0.032109684283259029994085,0.0044362118772242981091720,1.1603055739494728876427,0.16030557394947288764275,0.86184193410032380335568,True
0.11962917815422867030000,0.077411551432526690325874,8.8885761301650262000000,74.301071588953580596956,32.268545390581019327606,0.0015105784727025169324526,1.6760433765442305064767e-10,0.0021558135517736183784710,0.00064523507907110144601837,1.4271443627266424452269,0.42714436272664244522693,0.70069996148773747292016,True
0.68259505324878390700000,5.9305736002729205240716e-7,9.8794740885008500000000,14.473404167639199054647,6.2857195643612317154474,0.010069623727599864849633,5.0626612423818575973541e-9,4.4949308868009135896721,4.4848612630733137248225,446.38518860250385656072,445.38518860250385656072,0.0022402176988235106871943,True
0.80708454208508910400000,2.7001887937897992010309,4.7684791978979240475008,5.9082771992865079981050,2.5659321852049297398644,0.010415433340233879380405,1.1563453905776154848199e-16,0.064905353637865254043216,0.054489920297631374662811,6.2316517726767765178477,5.2316517726767765178477,0.16047109762849517088385,True
0.13028699692514711885856,2.9096577890526603890084e-6,9.2588488598821324000000,71.065026275811348734490,30.863148767894467418258,0.0022793609513416512880988,1.0557641919619536868733e-12,0.068751309067186550938444,0.066471948115844899650345,30.162537015788984319874,29.162537015788984319874,0.033153709831389070333393,True
0.58164912518790894400000,1.6168083917520544451064e-8,9.2385161788569328800049,15.883314834991483847143,6.8980359871688602706790,0.011002027284238977403511,2.1775195736512592021101e-16,244.04956211709427194050,244.03856008981003296309,22182.235674575083961856,22181.235674575083961856,0.000045081118723582206749913,True
0.062740309002904432842028,0.00087119735070527239132101,4.6986876618315267400000,74.891050689820649636942,32.524770058525829427452,0.0085570001071473198873781,1.2647894860449693312903e-11,0.020414929788171198786129,0.011857929681023878898751,2.3857578044342227580469,1.3857578044342227580469,0.41915403069891573149118,True
0.75264532244270424100000,0.0011533747272308479555970,9.5005278225832894000000,12.622848424473567470051,5.4820334166500265921933,0.011696126039725941017958,6.2438176338307390364566e-9,0.015981389885664323252283,0.0042852638459383822343254,1.3663831794718580884521,0.36638317947185808845206,0.73185912635906823588028,True
0.069172313500443252073198,0.64881800623886539018571,7.1079234095740234000000,102.75676856649411110556,44.626697566637912983356,0.00014550885805486646746956,1.6154728449942641706344e-18,0.0021411703559444201243382,0.0019956614978895536568687,14.715051609690024671091,13.715051609690024671091,0.067957627776275613621298,True
0.028122228815543325011404,1.2246565364928185494896e-7,8.2279758389241934000000,292.57908016083496431558,127.06548003417980624185,0.00075327197640949782696975,4.1636770676257149491296e-12,0.23581147720101801894144,0.23505820522460852111448,313.04958180579506313425,312.04958180579506313425,0.0031943821621853013243515,True
0.11155061654846703100000,0.0017731408283026640883778,6.8926786877649790000000,61.789696023510689314280,26.834924021489994476941,0.0042413713727943818466462,1.3825382475122204360246e-15,0.0055892327188226702943209,0.0013478613460282884476748,1.3177890421654504913548,0.31778904216545049135477,0.75884680172841232640257,True
0.59134703269757615456640,0.0019298502126217588971699,6.8164362183745192000000,11.526964441302182220495,5.0060970499525378904930,0.025350065673163097928799,5.2979139494183811461217e-15,0.057560519343988968691815,0.032210453670825870763016,2.2706260443705886523563,1.2706260443705886523563,0.44040717425893759316156,True
0.98735336556343670800000,0.00039996613553642767618320,18.698808021247130439267,18.938313954676793115070,8.2248052470674820808464,0.0031891184464004175553219,1.1997314151944367238933e-9,0.0032346913008856796488923,0.000045572854485262093570387,1.0142901103396459055578,0.014290110339645905557848,0.98591121988278017511506,True
0.39774433732094479920361,0.00017106814013153740001677,9.3067005754387990000000,23.398700376541395750974,10.161926457239468922457,0.0066349353588768095742499,1.6285687452611125812596e-12,0.016592662777143844154951,0.0099577274182670345807016,2.5008024765372727841150,1.5008024765372727841150,0.39987164495480123957878,True
0.038792546432385965008625,1.8583533974343425086683e-6,7.9338562584836038000000,204.52012018112897956743,88.821959632854208520331,0.0011260111852578984138191,1.0992952831763306180464e-11,0.042277237217042240137887,0.041151226031784341724068,37.546018876676772464184,36.546018876676772464184,0.026633982241488469181032,True
0.46364517961078482100000,0.00025715690816798088458505,9.5290583312438830000000,20.552480108265592719486,8.9258287004460946208207,0.0072147698708230805699475,3.9345563890559176194862e-13,0.014253818615882650787508,0.0070390487450595702175606,1.9756442507647906989409,0.97564425076479069894091,0.50616400174924735529864,True
0.093570354676219023037947,0.00020519869334291292786895,25.705098241394379644913,274.71412639549767524686,119.30682919443710035636,0.00015416738860947768839158,1.4605134772545396939172e-12,0.00015548769946748523828911,1.3203108580075498975314e-6,1.0085641384336608115973,0.0085641384336608115973162,0.99150858323501245003478,True
0.90819355996909544500000,0.10287197557463042714935,9.5008701747015694000000,10.461283357949455958382,4.5432776359837695123221,0.013321341624791683651738,2.8263912301141226138631e-10,0.013889585584150486078701,0.00056824395935880242696267,1.0426566614207439865802,0.042656661420743986580171,0.95908848713188174457074,True
0.23914772982827390762210,0.041843683888634300758593,11.349603661282193077123,47.458546520312209616170,20.610984872920365915356,0.0022667782668429976327296,5.7107831548000874490030e-11,0.0023863459187853440983672,0.00011956765194234646563761,1.0527478376210442117374,0.052747837621044211737409,0.94989508813407626479553,True
0.96759510682164699700000,0.12746329911830606760452,4.3857709310299857400000,4.5326510025834573157486,1.9685053188152375563169,0.10897662779387761150622,2.3556268539372496469743e-14,0.15854673552627157323774,0.049570107732393961731519,1.4548691653971224045889,0.45486916539712240458885,0.68734703008640580723634,True
0.099275369160549251851084,6.5355233597561577735297e-8,10.312663073672925998836,103.87937270719356810385,45.114238350305428879224,0.0012926654643470492966505,1.5721333036487544836599e-11,0.53399893099573768826079,0.53270626553139063896414,413.09909309402880322912,412.09909309402880322912,0.0024207266893524309104581,True
0.010667559816868061007560,1.0041640720249983140961e-8,34.216716457905549386380,3207.5485908033460540802,1393.0206534224446745431,9.6971718605641122914358e-6,1.0766023473345446181057e-19,9.7478090170352948393290e-6,5.0637156471182547893143e-8,1.0052218478953756357693,0.0052218478953756357692678,0.99480527815197354301836,True
0.38684876135344865820325,1.2312192544521632941279e-6,22.589935778370662008278,58.394747599388373957223,25.360516654547532279560,0.00083616995800044093719190,1.3419505388694685459843e-14,0.00084586610455136768390678,9.6961465509267467148797e-6,1.0115959039883631332872,0.011595903988363133287237,0.98853701963141151028038,True
0.67179235979977832800000,0.0022867689576128000666787,5.8806564061901560000000,8.7536815809319902987432,3.8016756069368971097426,0.048519379860455241089766,5.4472854060571634250964e-10,0.15460192293645937861954,0.10608254307600413752977,3.1863952791874945567414,2.1863952791874945567414,0.31383425858419927215706,True
0.77183253658519004800000,1.0281021506853108641069,8.3228358002385598000000,10.783214500209058288556,4.6830905546199255661954,0.0072473343022251940354675,1.5038524856936131224825e-15,0.015978498911071435886292,0.0087311646088462418508240,2.2047415290564777984765,1.2047415290564777984765,0.45356790663255270099907,True
0.027916138315515806280386,0.00090952126055467000256282,30.064486099486752737624,1076.9571980081820085073,467.71656834094119654114,0.000033157132741224941049793,1.5014908192843184208161e-17,0.000033395191220803667276117,2.3805847957872622632397e-7,1.0071797064431552385545,0.0071797064431552385544507,0.99287147427889477844784,True
0.093588876453050481700000,0.0043530001300824344300434,24.293939720461957584477,259.58148704402048635332,112.73480742745855387109,0.00017335065230477104711639,3.5615080876884276366453e-13,0.00017520956534682060501975,1.8589130420495579033562e-6,1.0107234268653420921020,0.010723426865342092102024,0.98939034499417933641245,True
0.31294428357947521240000,0.000029871671076002022269433,13.246187953761547140787,42.327623953538522574394,18.382653515097684471117,0.0021545913972265163890089,6.5586584842694484002873e-16,0.0026645115147566415759335,0.00050992011753012518692459,1.2366667379190859602474,0.23666673791908596024745,0.80862529033705533275793,True
0.010672440618794394652149,7.8553386161982901424964e-8,4.5023096877410244959156,421.86317530896929892027,183.21284915486952043605,0.0034593923982834886053277,3.4372786903164789676301e-17,4.3652725059727794273545,4.3618131135744959387492,1261.8610447715553428394,1260.8610447715553428394,0.00079248028469017195704190,True
0.050910295243277768179225,0.030936712457087023091598,7.0623270486008116000000,138.72099964954193264188,60.245764671898991991484,0.0010963231909693267882827,1.0278255068661560321660e-11,0.0017458734483361422143605,0.00064955025736681542607783,1.5924806322782500638994,0.59248063227825006389938,0.62795112212408531204245,True
0.040489595863859050892394,5.6226435649529874993885e-6,9.6926929861269658000000,239.38724947310842883017,103.96456148416811915849,0.00060792232932030010939916,5.1357205159460684951957e-15,0.0026599073001551776059253,0.0020519849708348774965261,4.3754064818266190566763,3.3754064818266190566763,0.22855019394278674203021,True
0.80688922948409816800000,1.9859051696333768793109e-7,10.855943124709263478967,13.454068697447160334305,5.8430277944485726626236,0.0091385580271212169270480,4.6404534719169219282874e-14,6.3711295589254948934409,6.3619910008983736765138,697.17011589983813037748,696.17011589983813037748,0.0014343701446659099131846,True
0.15719517447357602079109,0.0052802501173170824969469,6.3949424192675659000000,40.681544078457282255286,17.667770108577907718266,0.0071869407797834514585297,3.4695795159577650196215e-12,0.0090889698036365321955421,0.0019020290238530807370124,1.2646507160881866155547,0.26465071608818661555472,0.79073216602699334293330,True
0.69648361392854449181969,2.4073472570678045101426e-8,27.608339948946609654299,39.639611610129105271343,17.215264587067145751042,0.00098843015399436226539215,1.5404865412338175359920e-11,0.00099670814169276874331855,8.2779876984064779264056e-6,1.0083748838144548282354,0.0083748838144548282353627,0.99169467233974082035680,True
0.32316133321936813267936,3.8914511487500625883480e-7,30.190957867733889473722,93.423794137028411768747,40.573438272176809771736,0.00038073448057075620043662,1.5538869603148625198222e-14,0.00038321374721433055217721,2.4792666435743517405874e-6,1.0065117996138876146310,0.0065117996138876146309635,0.99353032958343296669939,True
0.11478182016973436166097,0.042108558739833621394705,36.194905619927709174137,315.33657130026564778401,136.94893285799669901869,0.000086558461036442223347372,9.6099196418777642691982e-19,0.000093347941501783217854674,6.7894804653409945073017e-6,1.0784380912512127042899,0.078438091251212704289919,0.92726695033536121806698,True
0.48837053116238509687953,0.000019459601394862863391101,6.4845207274576696000000,13.277870620128677037224,5.7665059417471928520443,0.031496258851128593372055,1.7545351851229873715921e-10,3.3580214862162858785056,3.3265252273651572851336,106.61651919005482714961,105.61651919005482714961,0.0093794095661423530076181,True
0.040721008098209444761672,7.9790968630417581945240e-6,6.9856145083566010000000,171.54817217464141017454,74.502424556035732639816,0.0018168003280855843410133,5.0761565910646496823451e-12,0.033204299421422300616568,0.031387499093336716275555,18.276251334900760591385,17.276251334900760591385,0.054715815714920510814558,True
0.42158001873488391100000,0.000088048653927424578664166,6.8923167040012582000000,16.348774604366582617978,7.1001825965564258730688,0.019750924117739295334250,1.3172843072374727266434e-12,0.35851628518102671009378,0.33876536106328741475953,18.151873960116390556389,17.151873960116390556389,0.055090730697955328861383,True
0.39192677892143553195781,0.052444942114967078506816,28.179282636596624401598,71.899355063577727575345,31.225493156514435068608,0.00052743916343180582485589,1.1618174431820746965537e-17,0.00053688372639008978657250,9.4445629582839617166101e-6,1.0179064499056772777884,0.017906449905677277788431,0.98240855050350005033116,True
0.80788167089568595858664,0.25736311698446814522555,10.234401579439149578812,12.668193806269210521737,5.5017266657436705383688,0.0091303940989313375077898,3.3356183297254056895894e-9,0.010251237886280909986001,0.0011208437873495724782110,1.1227596284678183922764,0.12275962846781839227643,0.89066259121256153549385,True
0.85099852314553933000000,0.0045117210865342582590013,8.9951860693134435511439,10.570154735480158187003,4.5905598744825591690000,0.015152552237111438553854,1.6773614743543763598731e-16,0.017617751418055909602126,0.0024651991809444710482726,1.1626920100566778785854,0.16269201005667787858545,0.86007299555731262588033,True
0.13304700097009700987071,0.00067176706672992700259380,5.1493628250293264087224,38.703336320874093905326,16.808645395401323346985,0.014939104862171157130215,3.1702451517402483193946e-11,0.050593015135355399443133,0.035653910273184242312918,3.3866162398703802556103,2.3866162398703802556103,0.29527998721174091944524,True
0.56024176049034128200000,0.00061805827670833658015557,5.7682007206752026200000,10.295913527807515065306,4.4714584312798465345170,0.047339898801732090734700,1.7201542999981885115765e-10,0.36522337242799220839142,0.31788347362626011765672,7.7149166278874527881600,6.7149166278874527881600,0.12961902872485432389359,True
0.12926123979683634391222,7.1731114669493585566636e-8,9.7292540417337214000000,75.268147335005245188218,32.688541050673727735553,0.0020052047797745138133023,2.1225497603891303388402e-12,1.5733340677524941061429,1.5713288629727195923296,784.62513336389325555683,783.62513336389325555683,0.0012744939684926205908544,True
0.23393466496560016887791,0.025268550940052234065714,6.1313368851661540142665,26.209612355089658272993,11.382690018638731109899,0.010809153459530045684695,1.2072340259955590799065e-16,0.013223033840175630609848,0.0024138803806455849251528,1.2233181710004637368984,0.22331817100046373689844,0.81744882378569762846907,True
0.51156043075334577700000,2.1602063137526975658728e-6,7.8180085700903802223434,15.282668674309399410080,6.6371786740082570616790,0.016666700939388218887005,1.7270955792440470285819e-9,7.0483182612719445441265,7.0316515603325563252395,422.89822604392790475902,421.89822604392790475902,0.0023646351259371954267739,True
0.033244254510586164972725,3.3911005104825053714056e-8,9.3883244203735822000000,282.40442020993439388544,122.64668136226167732791,0.00057449363085083039727667,3.3771203289993611252866e-12,0.32205014162722938923239,0.32147564799637855883511,560.58087389109978746661,559.58087389109978746661,0.0017838639286046408371679,True
0.42038297530843630600000,1.3494011330781776661060e-8,4.1378662277721764980000,9.8430870677772121556027,4.2747983984289025604433,0.26062086058115837699790,2.9429814155395622786706e-11,62708.704035895873572908,62708.443415035292414531,240612.75791992150472981,240611.75791992150472981,4.1560556000642770518111e-6,True
0.23531685137926256447239,0.00072813339996952806510874,8.9612132029721608676615,38.081476742731366651330,16.538575212095252869786,0.0042667898534590165446680,7.6554836770683036860313e-13,0.0054992501529618264231228,0.0012324602995028098784548,1.2888495430595614007313,0.28884954305956140073127,0.77588575438070908922350,True
0.61118251055084450800000,0.0033271840705396530154823,33.635969666745440986730,55.034247685572887053363,23.901070085541112975911,0.00057558948885605216845832,1.3888695007475831894972e-17,0.00057869788957996614981419,3.1084007239139813558642e-6,1.0054003778458354614538,0.0054003778458354614538104,0.99462862958396109107554,True
0.026994323984540478259023,0.000079853456883623032749920,30.231743482348252959468,1119.9296377883672709575,486.37926181139544395087,0.000031714311359546001596284,8.3545989497248645072984e-16,0.000031920447901430928537884,2.0613654188492694159973e-7,1.0064997956142875504150,0.0064997956142875504150028,0.99354217890295686417673,True
0.86268776250071190700000,0.0055867525518130756042563,9.7973200587519735913653,11.356739349532489339241,4.9321692319154856238465,0.012197671573382850682890,2.2801378646425160875621e-9,0.013152589376606624113485,0.00095491780322377343059533,1.0782868925006594978223,0.078286892500659497822348,0.92739697287880032698806,True
0.36275472892116305200000,0.015939322157162304897065,4.1419798857613323580000,11.418127885140548263778,4.9588299341821869008804,0.060992184829743129177679,2.5391617762305918209951e-9,0.11096884482923313143853,0.049976659999490002260856,1.8193944869985809425633,0.81939448699858094256330,0.54963341218521564168124,True
0.29666013963412761100000,1.2090697917392463458312,5.3012125998807867732498,17.869649108972974877385,7.7606900015743237845641,0.0025552688044570497560721,2.8369182608146135720320e-17,0.019347751732876504723306,0.016792482928419454967234,7.5717089721163664253583,6.5717089721163664253583,0.13207058058921805831945,True
0.32569369666092101800000,0.41289021321975495310711,8.8012393880229321826889,27.023057179967111558195,11.735964617415766097762,0.0028261654942079264974022,6.3495190044722263651559e-17,0.0059320105668920563948150,0.0031058450726841298974128,2.0989607930071298326242,1.0989607930071298326242,0.47642624070520366344260,True
0.72446144489321991400000,8.9059719588173896894854e-8,5.2522204100680108490541,7.2498273677519830456509,3.1485600205658634336089,0.15642822871122748385581,1.0114169200707471755538e-8,6993.4930596397302750134,6993.3366314110190475295,44707.359517251754943625,44706.359517251754943625,0.000022367681983413004558349,True
0.051060057439194536736445,0.0029142330819676600690683,4.2741933464370730173236,83.709137059374558589388,36.354416309769371147161,0.0074386245096588943334546,5.2743862085557563194560e-14,0.013889179600217618642717,0.0064505550905587243092627,1.8671704133180559010507,0.86717041331805590105072,0.53556975456940195160157,True
0.36241173670549026070000,0.000017364505056852870521901,6.5259126571979980000000,18.006902084689398562615,7.8202982115527676132835,0.022568810342333464471506,2.0323839918680650477229e-9,1.9777738953994916479675,1.9552050850571581834960,87.633059315035345258098,86.633059315035345258098,0.011411218640730809085436,True
0.017799840784444224285229,0.00037949559726150426032703,34.413231163750116437830,1933.3448866477949552123,839.64101588700524221294,0.000015986160545848728930843,1.7748203513355519808173e-19,0.000016072950034016565160665,8.6789488167836229821954e-8,1.0054290389439616657749,0.0054290389439616657749222,0.99460027636593430708276,True
0.40288983889113824140000,1.4142572977394540976137e-6,4.1401719756392745280000,10.276188615315161850901,4.4628920106283930155393,0.18902280814737308106779,3.5019014614853366883727e-15,548.07730985618915876781,547.88828704804178568674,2899.5300367608362034372,2898.5300367608362034372,0.00034488347674340151754384,True
0.090716564410552508903598,1.6792015548298809348644e-6,9.6653670501758638000000,106.54467696146074671819,46.271765280526926189789,0.0013961836100094353135752,1.4767280050787516398502e-12,0.036884315546164568256485,0.035488131936155132942910,26.417954831825669811890,25.417954831825669811890,0.037853043748689490841251,True
0.84115775754682125400000,0.00046133244299433561475698,36.590261973468530937789,43.499880545810471208528,18.891758084496101923482,0.00066578489175658951229076,7.3916971627573322338089e-18,0.00066886780117592575118557,3.0829094193362388948151e-6,1.0046304887021427761808,0.0046304887021427761808326,0.99539085389681454945043,True
0.27257056249160974600000,0.0021825474157707003853283,8.3091754755003731257376,30.484493261285857922611,13.239247206993313312415,0.0060311153763028397851361,1.0903481033277350248802e-16,0.0072019951441659585172776,0.0011708797678631187321415,1.1941398389531199485756,0.19413983895311994857559,0.83742286068998525956818,True
0.021295238745060306190000,1.7775638530981693361740,9.8211617121922372000000,461.19049566750581919067,200.29248737462334641690,2.6448051554948277483754e-6,2.9363235792776752361659e-20,0.00029559372223642083197399,0.00029294891708092600422561,111.76389369262135913691,110.76389369262135913691,0.0089474334417003216666990,True
0.86348605036242572200000,0.66149666008732535115632,10.026152823906035994520,11.611250488294304410566,5.0427020150626547341096,0.0077779927719145737776207,1.8890618775013575767477e-13,0.011463964215037804110196,0.0036859714431232303325758,1.4738975145917908300985,0.47389751459179083009854,0.67847322496975577841670,True
0.95148990751998179800000,9.1428329747926037600812e-7,8.8256752251180428305392,9.2756372457189714550640,4.0283580719520264747554,0.020274356767010068886284,3.1064275967085773191942e-10,18.369693902376262129558,18.349419545609252060672,906.05557125575362324115,905.05557125575362324115,0.0011036850627319067014369,True
0.052265821639713266948564,0.0023590748100160612587962,11.915784750211998901636,227.98426153809852408601,99.012306746783961154780,0.00045548845811820289346197,1.4390671738845803779850e-12,0.00046727496407487680693980,0.000011786505956673913477828,1.0258766292462568195919,0.025876629246256819591854,0.97477608076005281775243,True
0.58477390340769071200000,3.8443516247456310141972e-7,5.6995376686066452144420,9.7465663829958236460549,4.2328799976388223542950,0.080787146499290053721128,3.1535804815635201228073e-9,614.16286148615074296854,614.08207433965145291482,7602.2348616007612215841,7601.2348616007612215842,0.00013154026654070451096861,True
0.95093799688583576200000,0.073019954556260136153717,20.156196531818638763780,21.196120670145519202177,9.2053582447996551908078,0.0026069932517244425085719,4.0818969691058661201679e-10,0.0026497149881094222452363,0.000042721736384979736664346,1.0163873597895662663645,0.016387359789566266364501,0.98387685597255054435138,True
0.64272515513633965000000,5.1313221334784588563815e-8,8.3860497146106448000000,13.047645089963428357040,5.6665202644031747013543,0.017225830701300200699439,8.1526758086956590906031e-10,245.02008138519834369688,245.00285555449704349619,14223.992191372477560740,14222.992191372477560740,0.000070303750631032206705893,True
0.30132845676171287303396,2.6562482943818584372690,5.3027355007743053200000,17.597858356164643382639,7.6426527773973346713646,0.0012120889905203019920895,1.3456891051703024745343e-17,0.018412060316491395331910,0.017199971325971093339820,15.190353563551323168319,14.190353563551323168318,0.065831252433745982409682,True
0.58656438651415275100000,0.00067565410925925523759290,9.6081961062140033969541,16.380462788260628206154,7.1139445999631453707931,0.0088620970001864198275674,4.8172405311490163188102e-11,0.012812432951726997370590,0.0039503359515405775430227,1.4457563431609335490679,0.44575634316093354906785,0.69167948301277870719419,True
0.52142997655217512000000,0.0027044566341575446085808,7.0525688426906524000000,13.525438045054475395982,5.8740231082914646428028,0.019475708404947966824937,7.6130407821988019504396e-11,0.033015899393942859665002,0.013540190988994892840065,1.6952348385722849456541,0.69523483857228494565413,0.58988877366524220476232,True
0.29184472783932200878004,6.5127513686590683850415e-6,4.2495315702556082200000,14.560933143172042181735,6.3237329154417902269029,0.10878167684912928973565,2.8285637101563595661886e-11,54.339156063612293382381,54.230374386763164092646,499.52489828756702823907,498.52489828756702823907,0.0020019022143403128814551,True
0.78937139129548501000000,2.3341698386158422030476e-7,7.2469919004550036000000,9.1807126282617463612017,3.9871328343935765287089,0.037956887100528233895359,3.0760855106244661364441e-12,298.62603322070158696768,298.58807633360105873379,7867.5059003072384110024,7866.5059003072384110024,0.00012710508421238660092981,True
0.88208043201635383387005,3.9041576395665892923421e-7,4.0879805794675244772531,4.6344759855093724910013,2.0127273470198553507317,0.49496557190607648716270,3.0196935921734577207144e-7,10177.565064683847521002,10177.070099111941444515,20562.167638227408950241,20561.167638227408950241,0.000048633004924095951454431,True
0.48521198242772461900000,0.000036709548786333904305417,31.929139794870896162767,65.804516275784559067686,28.578538302885957541916,0.00050897834252671302593213,7.8186828510686397949772e-17,0.00051198268740558247640823,3.0043448788694504760933e-6,1.0059026968887419243797,0.0059026968887419243796896,0.99413194048788319991090,True
0.99684209981560198600000,2.7624624139751561958134e-7,6.0489932280044848479764,6.0681558585090263913693,2.6353666046793599201252,0.10933403468827063264507,3.7726784081420623022129e-12,1635.6658162820093276833,1635.5564822473210570507,14960.262108185821278178,14959.262108185821278178,0.000066843748643469890814353,True
0.17229861362378212120000,0.30397812638047338915101,30.505925679910215509786,177.05264736790388191087,76.892987758242959777898,0.000092728673309361695025861,1.0294950815099756264904e-18,0.00019993659679596547313760,0.00010720792348660377811174,2.1561464179362985444738,1.1561464179362985444738,0.46379039553219438331041,True
0.011972774293228233253000,0.000014425380440094482775030,5.2971480875670347200000,442.43280277680390764787,192.14612485895564963166,0.0013876985056244646092062,4.8549202611572348073157e-13,0.012622081194009667544090,0.011234382688385202934884,9.0956941604039044812215,8.0956941604039044812215,0.10994213111884072854161,True
0.16597290513411069352386,1.1671981466354730453143e-7,12.207445335858270570454,73.550832444574717915880,31.942720670069462213822,0.0013892233868230003176134,8.7490390970929061569406e-10,0.10585055138567524489347,0.10446132799885224457586,76.194046536852295972935,75.194046536852295972935,0.013124384980870339787272,True
0.72935791993439030800000,0.000016411225503408619773485,17.766650875389416405353,24.359303422642785314853,10.579111059460757433519,0.0026292561224942658430589,2.4210242183334612524779e-13,0.0027055543492117770174872,0.000076298226717511174428274,1.0290189404009565346507,0.029018940400956534650723,0.97179941081585016876722,True
0.65917237725240407139157,1.0472056641101603724607e-7,26.958961101089713340054,40.898196027966812313837,17.761860854743478548957,0.00098312249981644144805795,3.6486208303332929491913e-14,0.00099120624043436586303449,8.0837406179244149765347e-6,1.0082225161355108118588,0.0082225161355108118588367,0.99184454224745199088798,True
0.46137450008475309430000,0.00086441145317775476793734,8.6742767531627782000000,18.800945330895703831576,8.1651468117727111923645,0.0092614105256147364743444,1.0280213404142170952755e-16,0.014600269998507768800761,0.0053388594728930323264164,1.5764628895487450128019,0.57646288954874501280190,0.63433145596357503413239,True
0.097639515236603689304096,4.2827338361962180814014e-6,6.7314389410047993091419,68.941748888172244353363,29.941021114892852584756,0.0053755318757369892925327,3.4125679678035102859317e-10,0.45792053300056375432710,0.45254500112482676503457,85.186088295268925250442,84.186088295268925250442,0.011739005981045124650733,True
0.10293052627480033562990,6.2771434487246272743519e-6,21.179151775485346172829,205.76161943388868033808,89.361135907614757053318,0.00025498784566705888618266,1.6177110332064301232497e-11,0.00025801478208589599095077,3.0269364188371047681120e-6,1.0118709047128050840714,0.011870904712805084071391,0.98826836046227225863152,True
0.40903866336156117130000,3.0953141115458790821803e-7,6.6409584631852379545638,16.235527489280644404185,7.0509999993831404024339,0.028139256802279708925705,6.2310295087419851960182e-9,122.30942643850896718779,122.28128718170668747886,4346.5762901243375561694,4345.5762901243375561694,0.00023006613326264523916427,True
0.35506111190644677430000,0.043585452975930748155642,8.8194385136602786000000,24.839212794399368300195,10.787533051428297716618,0.0062275963839961273312283,4.5743674086922288137092e-10,0.0066008805819536166504279,0.00037328419795748931919956,1.0599403325040085719617,0.059940332504008571961657,0.94344933326350058054370,True
0.020359030275859120656718,0.018489644391101782681487,5.3659179456214387982051,263.56451525022377711336,114.46461459867765051905,0.00063345728114926543924349,3.8903322130062784422371e-13,0.0017008836462377965525948,0.0010674263650885311133513,2.6850802680046973317322,1.6850802680046973317322,0.37242834484911219068174,True
0.46912886747408047143662,5.0034055642868929029827e-6,11.130358231520888702121,23.725588006233372023587,10.303891951017127796592,0.0049165824162076358224938,1.8058418508680096186785e-10,0.068101124469922446036498,0.063184542053714810214004,13.851313515141208844563,12.851313515141208844563,0.072195319159217325852195,True
0.17937157494022325987232,9.4644479887979762262126e-7,14.566658025332003546789,81.209400264152426393669,35.268794413393880136577,0.00099644641432424357753828,8.5723705993013055624944e-10,0.0021924103669538731993806,0.0011959639526296296218424,2.2002290694584837499307,1.2002290694584837499307,0.45449813107237880626758,True
0.038631254096293285794542,0.000073020753106129155115397,4.1303248502195244400000,106.91666493467096530820,46.433317604626498792900,0.010473268624662526380975,1.8909834872932076660102e-13,0.10986343457908847003400,0.099390165954425943653024,10.489889882169286108204,9.4898898821692861082043,0.095329885368939850488921,True
0.67737573605450677600000,6.9339881389499000168124e-6,33.493002199740900838994,49.445234626836117600352,21.473792554846518910629,0.00064358330008997373574035,2.4049824585273886348535e-17,0.00064707425060209255211217,3.4909505121188163718197e-6,1.0054242403611634689759,0.0054242403611634689759231,0.99460502328925847215298,True
0.84888278303039402500000,1.0853890891025396649187,14.075738956973410526913,16.581487147995829233350,7.2012483701242774186635,0.0027816604022151105523351,3.0882634252272892964715e-17,0.0051816594065013598952674,0.0023999990042862493429322,1.8627936761709179044135,0.86279367617091790441350,0.53682810543761286914973,True
0.050619853911054086229551,6.1245529638936367678009e-6,21.207822239874018418019,418.96253349800305223286,181.95311642238902420530,0.00012504055241989391170760,4.3466692659671562232105e-13,0.00012650873234643178483637,1.4681799265378731287606e-6,1.0117416302001580582769,0.011741630200158058276903,0.98839463569583950885545,True
0.13117253396178305997410,1.3393987495872057736130e-6,7.8662001615037840000000,59.968347975922998926348,26.043922614797399225153,0.0040833671001823097535527,1.3574838671997903756289e-10,0.70968450329766961930269,0.70560113619748730954914,173.79884930404234140945,172.79884930404234140945,0.0057537780255990524836364,True
0.36008298969501079389815,0.00010333360467056370138463,8.7258256606191968172466,24.232818295609978218730,10.524179266747577483572,0.0073226110015349759005108,8.9846903946710004965521e-11,0.033197328829856318211760,0.025874717828321342311249,4.5335371253365019636162,3.5335371253365019636162,0.22057831939024321156166,True
0.027525943684069884651185,1.0452050287265991575970e-7,7.4251315994583979556293,269.75030119514308855632,117.15106730079079992926,0.0011063465138290261489726,2.1665673599754292958567e-11,0.66134308404211787631328,0.66023673752828885016431,597.77210464850913344296,596.77210464850913344296,0.0016728783297574607529920,True
0.026208878955370109126300,0.000071717455250518365079641,7.7810191379234638000000,296.88485154872142096097,128.93545278827580049314,0.00072822643587432450143780,4.3959283950520782083917e-10,0.0013240120138894897790360,0.00059578557801516527759816,1.8181323125132805036799,0.81813231251328050367992,0.55001497587249746659399,True
0.24258713216908671847978,0.00035136432575331736292830,4.5735552231592096000000,18.853247417803578556822,8.1878613195088254965677,0.047488763159008372203144,1.9052291034183154749691e-11,0.50458482995931127583453,0.45709606680030290363139,10.625352112662764711618,9.6253521126627647116180,0.094114528101920488329081,True
0.027466835033129928676963,0.000081094434219700318540021,5.9270370942564245048896,215.78886271779602104742,93.715912334517157061263,0.0019490761156604874027882,2.5277544344895157299353e-16,0.0069235747889640523258442,0.0049744986733035649230559,3.5522341756354889203920,2.5522341756354889203920,0.28151297199349241251853,True
0.13653722323745705599892,0.010087298381560559235420,14.494973921927429031323,106.16133518929611536305,46.105282064192813212528,0.00076347271991286405445602,2.4008240564786985041405e-14,0.00078114812245642626220453,0.000017675402543562207748512,1.0231513216943488433417,0.023151321694348843341700,0.97737253404901044101679,True
0.034813633843919805211705,0.000034553137399492459949021,8.4055038324039988000000,241.44287465331685012072,104.85730815679401415568,0.00077774198107618309961077,1.5880473216790343876649e-10,0.0018272012485206441721855,0.0010494592674444610725747,2.3493668761358300927806,1.3493668761358300927806,0.42564659021871064473067,True
0.98851503069735787900000,0.47763502298559918762535,8.7765953339268638542823,8.8785653848230576008129,3.8559119538458754883396,0.014327908278804282155554,1.1728387663010018616810e-11,0.018131601018204911353387,0.0038036927394006291978325,1.2654743920316372701981,0.26547439203163727019812,0.79021749179338563470264,True
0.16338516326947367121302,1.4246022217970246494215e-6,27.607095826845413186619,168.96941726166778065639,73.382485527150384953337,0.00023189346998108117823294,3.4439043181611839203680e-12,0.00023365490094585402436764,1.7614309647728461347059e-6,1.0075958627248820370309,0.0075958627248820370309048,0.99246139945003323077573,True
0.095501357062992867669208,1.5263335080273792327546e-8,7.1765015368762281209941,75.145545127097981873412,32.635295588310448049753,0.0048849180090395579509271,4.2450509780009658729300e-9,72.513945130053073478745,72.509060212044033920794,14844.454911191091244338,14843.454911191091244338,0.000067365221962182636583452,True
0.20674675892193838120000,2.0319660295897296071816e-6,10.045832860701444440200,48.590037943445882310632,21.102385354308177387738,0.0028577791241582112309879,6.4126997443255066834668e-14,0.10269231370688623020639,0.099834534582728018975406,35.934307462314928432545,34.934307462314928432545,0.027828559129704148115893,True
0.012834392687253575397326,0.000029194626813685522486105,8.3323832442815152000000,649.22302498635463587683,281.95397727611080254219,0.00028950882903998215504550,5.0392800868469059228887e-11,0.00047944259750641794592372,0.00018993376846643579087822,1.6560551852468903141578,0.65605518524689031415781,0.60384461152538018481431,True
0.68523596254698314500000,0.028799382813761961592060,6.8955832846348008400000,10.063078503650493626152,4.3703394650946417849827,0.024598949306752367524414,1.8756013832666146522930e-9,0.027833053208869358561145,0.0032341039021169910367313,1.1314732536657260929575,0.13147325366572609295755,0.88380348078067114662728,True
0.10453657668617595887599,0.00025493971240113374227541,5.9076131430517780000000,56.512402934206738589127,24.543024753419123917547,0.0076158505384274178663409,1.6217692075348735703881e-12,0.030570647023334326419757,0.022954796484906908553416,4.0140817980977341683089,3.0140817980977341683089,0.24912297514064066245468,True
0.023031468582968337873492,2.1892990433237904809392,5.9759590621644097761375,259.46930134466558718887,112.68608579728026396568,6.7843924868994033108874e-6,7.5321887470496437396115e-20,0.0010558421067276899932773,0.0010490577142407905899664,155.62809916532850272673,154.62809916532850272673,0.0064255748503210164562756,True
0.78513721169184456477053,0.22426326580309253377811,9.6580300432512737669801,12.301072856347963070202,5.3422880630017927165466,0.010298348508780666724634,1.6622128857000285485515e-10,0.011458530471100316741772,0.0011601819623196500171373,1.1126570887876289743278,0.11265708878762897432784,0.89874949800537185335251,True
0.16546648819637665022104,6.4871632706543510325058e-7,5.2580208672130735000000,31.776953294450909345494,13.800555467477388994577,0.029589248771713870721988,1.7057798985895570940341e-11,49.754538295831795897758,49.724949047060082027036,1681.5073163802363658118,1680.5073163802363658118,0.00059470451912911672096138,True
0.53131092440501374300000,0.00021505076957257485984346,7.4600692853545701048624,14.040873136024252949584,6.0978737240789396600837,0.018091885092127778494333,1.2963255389097494912851e-8,0.13183864838719546557398,0.11374676329506768707965,7.2871703371895549247028,6.2871703371895549247028,0.13722747702171461618271,True
0.49369773011910743800000,0.00051739363284170497814763,8.4687749012479149822726,17.153765116977090348655,7.4497855341676394348668,0.010765239039013243195943,1.1310018885572897382666e-9,0.023629296310375573302032,0.012864057271362330106089,2.1949625293728236166078,1.1949625293728236166078,0.45558864291215688195652,True
0.39808205170464403630000,0.0015455650719542792579519,5.6761358197677378135889,14.258708212193229748319,6.1924782956241008378677,0.032326710691837996654291,3.6073171513631113595603e-16,0.10345703969499544366671,0.071130329003157447012423,3.2003577685717580440766,2.2003577685717580440766,0.31246506556867725335769,True
0.97995288462621432400000,0.014009587841610134061268,8.8953303753951718000000,9.0773041387475868941999,3.9422230980156267936878,0.017726725089693964377333,1.0975005935611469531980e-9,0.019003687313399143850518,0.0012769622237051794731844,1.0720359918283826137227,0.072035991828382613722706,0.93280450248174640634977,True
0.070467097638804363100000,0.0041943879130497155378516,8.7370673700873178000000,123.98789879031496190549,53.847260267412660396255,0.0012997236555419965073831,2.3880360975823862162368e-17,0.0013818196591035423175546,0.000082096003561545810171467,1.0631641989522080637578,0.063164198952208063757767,0.94058848199134341313680,True
0.18719645625201456640000,1.8057912998568662603491e-6,9.0930764817605728402467,48.575046044242171302361,21.095874455210755941772,0.0035009644484003465643811,5.1011181219878406181891e-11,0.26975780813031366623117,0.26625684368191331966679,77.052427154343382735976,76.052427154343382735976,0.012978176508274091560651,True
0.023612617405019268474586,2.8342558198913333008957e-8,4.9233907497190183600000,208.50677691802463490887,90.553342654930415691815,0.0059730762006378019577776,6.4361540005205586531620e-17,34.974401119399483114565,34.968428043198845312607,5855.3415266433290814899,5854.3415266433290814899,0.00017078423102217685013708,True
0.49484487774414375640000,0.00040338399084263137752754,5.3256192884405306800000,10.762199485055813012013,4.6739638495017579225078,0.058087952119453266047657,1.5803483288876749847819e-12,0.70972998322007268632115,0.65164203110061942027349,12.218195982543321048674,11.218195982543321048674,0.081845143213347075853152,True
0.12175640249789855521260,0.000084594789499433387562888,5.7158118610538606266579,46.944651318459513613402,20.387803022479182286088,0.011022482380935194914537,2.5264366462607556746130e-13,0.12895387740088183507010,0.11793139501994664015556,11.699168385510345655155,10.699168385510345655155,0.085476160958459237753379,True
0.26892674634142198902925,2.1861217045274537436908e-8,4.5679362723093941200000,16.985801280286446710023,7.3768397667335939558013,0.10751960842984238333559,1.1488123364437320701207e-14,9162.6675147544390039991,9162.5599951460091616158,85218.572208000282345301,85217.572208000282345301,0.000011734531265781057485072,True
0.70759588540706218000000,0.072598463840075072249798,8.5405427975097808000000,12.069802797958075407537,5.2418487528136216555196,0.013567870667236994085134,5.0821707420571125280453e-13,0.014284856859498269266163,0.00071698619226127518102893,1.0528444152989029496010,0.052844415298902949600967,0.94980795402338682775645,True
0.024135365229674133456812,0.076951506018769878226236,6.5987920105205029000000,273.40758872823559446174,118.73940709514643175495,0.00016950401209694034821894,1.8818725699636422261869e-18,0.00097809190016870338225949,0.00080858788807176303404056,5.7703171038177363783089,4.7703171038177363783089,0.17330070115876016740913,True
0.17896241194538457070000,7.8485527989024104223826e-7,6.5279025171436671405154,36.476388791272218512927,15.841494371807150310620,0.012381986703184535413855,1.4933492654264191474678e-16,10.550189326231894591512,10.537807339528710056098,852.05949409705640839111,851.05949409705640839111,0.0011736269672808692179947,True
0.96322349145159724736835,0.000036228028040005197029962,9.1370066417690134000000,9.4858635849914332250294,4.1196582110487775019031,0.017455121644577310034880,6.9364564698822363118856e-16,0.35159180281197767306226,0.33413668116740036302738,20.142615443829051268788,19.142615443829051268788,0.049645985785146031420196,True
0.96874620143786238700000,0.0020327883601380941016962,9.6875739496506838000000,10.000115546540356793116,4.3429950002573982431563,0.014240241902521013224720,6.6082448932023533125589e-10,0.017554794878079088512890,0.0033145529755580752881697,1.2327595976421780633048,0.23275959764217806330476,0.81118816832790209710893,True
0.10084597118141373730000,0.36728606730696317564286,5.2229137265513416416365,51.791000328171194004344,22.492545654774254081568,0.00099824588779587854642010,1.1082755688683648834876e-17,0.0074980932316045468182599,0.0064998473438086682718398,7.5112688399451317670731,6.5112688399451317670731,0.13313329895502778846848,True
0.26891368252346105399020,0.0017688624515078467405682,5.0327310802147307200000,18.715042808488021394155,8.1278398203094842674276,0.031814515004845450081109,2.9385960759450459750527e-10,0.095035173394264501425659,0.063220658389419051344550,2.9871639841056935004852,1.9871639841056935004852,0.33476568588831025582429,True
0.19740626968805302330000,0.99022977204682991275735,4.2910326154687566035748,21.737063479541798942626,9.4402867219457020052590,0.0021208487300718449103077,2.3546150918727857858263e-17,0.023662770123176913309329,0.021541921393105068399021,11.157217291199888656726,10.157217291199888656726,0.089628083230819311183929,True
0.65171082755041233400000,0.50834877606088807395695,7.7477682420668405498484,11.888352800870906104044,5.1630460203373029096034,0.010107275721729375861908,2.0055690532897608704751e-10,0.016313775527599003418147,0.0062064998058696275562384,1.6140625799419353875889,0.61406257994193538758886,0.61955466437737141607892,True
0.010448239278475276406632,0.00024797904613475888620634,27.703128113466546232201,2651.4637897448014446111,1151.5160928524511798732,0.000014717332557500909187681,8.9986134572181855073976e-16,0.000014833360060948424031533,1.1602750344751484385119e-7,1.0078837318511485076945,0.0078837318511485076944666,0.99217793521017676896948,True
0.018875347524079688825815,0.049112506580110733737261,37.301934499493353526742,1976.2250444346240198743,858.26363179696586037697,4.8992365838815181318668e-6,5.4392452585111585115683e-20,0.000014422707284042600792863,9.5234707001610826609962e-6,2.9438683021541128761379,1.9438683021541128761379,0.33968910880567290216002,True
0.16484747007088826483739,0.0010042834792165370349257,18.710322623976997618548,113.50081754928432692873,49.292778753161949576236,0.00053173067494330243283073,3.7471802111741737738243e-13,0.00053917979780377419444944,7.4491228604717616187121e-6,1.0140092028003952364333,0.014009202800395236433323,0.98618434353287333302836,True
0.032338003389971513400573,0.0056550281057760860871731,6.0756527280553024000000,187.87964905524906163055,81.595094846614167934185,0.0014267159886852070077659,1.5967387075243711541262e-17,0.0019469275374940747602330,0.00052021154880886775246717,1.3646216576631132821182,0.36462165766311328211820,0.73280384668119629298716,True
0.53014326738384270700000,0.00029703063208853712208999,5.6566968096833524000000,10.670128543927544355026,4.6339779478261116858455,0.050760009404903892017484,7.5420650542073141027529e-12,0.73214791831518226253107,0.68138790891027837051359,14.423715182457194753501,13.423715182457194753501,0.069330265285343913445329,True
0.15150152410832482603279,3.9130156406197297865341e-8,14.670264136212004356350,96.832452495478829542654,42.053799787945222815197,0.00083001637055937907119783,1.2385180345662824095961e-12,0.019012670695851697448722,0.018182654325292318377524,22.906380368182795809032,21.906380368182795809032,0.043655958904315173191270,True
0.19540612195893296234254,0.00070716645894077874750425,6.8717837277404716000000,35.166675735904849474134,15.272693218984453798623,0.0081046046737195180043626,7.2315890839637746073839e-15,0.017310948008405267233119,0.0092063433346857492287564,2.1359398397973433222076,1.1359398397973433222076,0.46817798018828067464695,True
0.62567611308226198263680,1.3579989982319115325429e-7,4.5511522070247745000000,7.2739746841292675669618,3.1590470668212901226316,0.24096416048468816547885,8.5662971003853377011801e-13,8154.7140750004964556643,8154.4731108400117674988,33842.020566866332283658,33841.020566866332283658,0.000029549063065668981861772,True
0.26239874644617058360000,1.5740682519456045215287,4.7117832409565713165943,17.956576793034197539145,7.7984422150867420421806,0.0019588921248121592823644,2.1748071397233550425014e-17,0.022965700978175181771765,0.021006808853363022489401,11.723821177941277779787,10.723821177941277779787,0.085296422115472904160573,True
0.12847797807391297180000,1.3479465207209387726245,20.859153269668154757378,162.35586504691060971244,70.510256294502315731960,0.000028039866727202610387016,3.1130505647961173299172e-19,0.00033264132137519742761235,0.00030460145464799481722534,11.863156291413061855132,10.863156291413061855132,0.084294598792720323998388,True
0.087410129192297086465686,5.2237747593948514329841e-6,19.611687993948152322062,224.36402022474540593705,97.440055921236520755721,0.00025499120419318312923977,5.7202873908171601818267e-11,0.00025856095098285242736636,3.5697467896692981265843e-6,1.0139994899077571038821,0.013999489907757103882074,0.98619378998994306330685,True
0.10670260911383390509490,0.14320423797934786844995,6.9337247274467956000000,64.981773032838087545560,28.221225452451118443553,0.0014541441074697512007807,1.3590327667198427004217e-14,0.0036899865219153027576101,0.0022358424144455515568294,2.5375659145199686334829,1.5375659145199686334830,0.39407843330413350419466,True
0.44413769220350057650000,0.030491643389737388141993,15.581597763443423144470,35.082808860780163904805,15.236270297903333760767,0.0021204749871760921614698,3.2864292592050776282178e-11,0.0021649482227509211741168,0.000044473235574829012646925,1.0209732422423220920962,0.020973242242322092096172,0.97945759852015375894357,True
0.010781984010087688419502,0.94211151320036829175651,4.2042510895224201040000,389.93297389319978205083,169.34573887394142010555,6.9808246523001506829425e-6,7.7502722598545301006611e-20,0.0013704403621758709820421,0.0013634595375235708313592,196.31496713276088038107,195.31496713276088038107,0.0050938551176474247633270,True
0.019079902191992175350438,1.0788677246261697413353e-6,7.4023189269799746185550,387.96419669733547565119,168.49070980168059421089,0.00071379213554321111337042,2.8425973909439820261330e-14,0.032241397887302808467497,0.031527605751759597354127,45.169169400789788286582,44.169169400789788286582,0.022138994656441809207668,True
0.29547948251205318176399,1.6664907636203415226523e-8,13.245470865701992590788,44.827040960996958961925,19.468136529412022211160,0.0020423678114366830110350,1.6960214212413489085017e-15,0.75432005284953147010385,0.75227768503809478709281,369.33604643862490509123,368.33604643862490509123,0.0027075613378186113065461,True
0.13094511894227220040000,0.000012821155609851222582170,4.4558847198483551200000,34.028643112789517647275,14.778451930539582112979,0.036321418549333574423790,2.8583371009811864668450e-11,4.2977158196933020951383,4.2613944011439685207145,118.32455865830043709353,117.32455865830043709353,0.0084513309099915265935795,True
0.064684581552150236938104,8.6438085074497989164864e-8,9.9396401233635730000000,153.66320512331057508892,66.735082056621278080413,0.00093423976387396933672436,6.0689990808213343841524e-14,0.25940575049705564369850,0.25847151073318167436177,277.66507113911494435452,276.66507113911494435452,0.0036014612709388388131051,True
0.010269342811194142587636,4.5556227980405603929776e-7,8.8024078981130062000000,857.15396398276845015043,372.25723669921500154710,0.00020903207495589826674436,1.5220474102250759969328e-13,0.0046118333164971993207054,0.0044028012415413010539610,22.062802167897951244018,21.062802167897951244018,0.045325158263669265024408,True
0.91304787531864763000000,5.1658030497379181844213e-8,9.4690454618488786000000,10.370809371353331031668,4.5039852828492836869160,0.015757553877132786498829,1.7465835572764737690943e-10,145.49049313466078429895,145.47473558078365151245,9233.0633465766038163419,9232.0633465766038163419,0.00010830641602505367530981,True
0.48340688300875812137004,0.059341869658583028767603,31.728646709040758209039,65.635488083163918537388,28.505130291544733409013,0.00050933858954671443356871,5.6547942944486441077918e-18,0.00051681440158632525947721,7.4758120396108259085008e-6,1.0146774899704024394922,0.014677489970402439492213,0.98553482252687937971529,True
0.045217860952855853800000,1.2480540862713535316587,19.766251211238719982006,437.13370767022826235322,189.84475709508932273127,4.1908912561143790481558e-6,4.6528239662384276046995e-20,0.00013139394854647186816421,0.00012720305729035748911606,31.352268650438546601708,30.352268650438546601708,0.031895618500513591538685,True
0.52033396425973875100000,0.75413712737995229182597,31.928852813418615664671,61.362230810442476661763,26.649278238248871910458,0.00029569484158791157758274,3.2828722139378773079091e-18,0.00054905273596177673076739,0.00025335789437386515318464,1.8568221650851510202762,0.85682216508515102027623,0.53855453624129994794879,True
0.65392836887160298000000,1.5484257523928281224387,4.5465378240499705600000,6.9526542056820762292086,3.0194993561091621652752,0.012905978844101074596327,1.5040018840047836509537e-15,0.063710469672702810090489,0.050804490828601735494161,4.9365081441941851150416,3.9365081441941851150416,0.20257233874436072784825,True
0.28633139612193134800000,1.1523758762458315304438e-8,4.4224685811273493832579,15.445279983352176911296,6.7077998682205996854578,0.13529051074720755726528,2.6560215232387571782116e-9,23678.780930255065850891,23678.645639744318643334,175021.74246720998533936,175020.74246720998533936,5.7135758443688688318342e-6,True
0.080598188614513453300000,0.0081272135545367656267677,14.109568096646070513318,175.06061040812692060291,76.027857098864495466231,0.00047658737165153947585556,1.1084485520893821324713e-10,0.00048968976828966474623886,0.000013102396638125270383299,1.0274921187960162496895,0.027492118796016249689470,0.97324347477406379401112,True
0.54481428321904435600000,0.00015039201985562226298656,6.1120749665034781600000,11.218639368979426195083,4.8721931724103439128610,0.040304200653447236979654,5.9615670292497390459339e-11,0.86781534394276397831250,0.82751114328931674133285,21.531635161421799078693,20.531635161421799078693,0.046443291115748543617816,True
0.46938297865231588960000,1.1054045551238083305275e-6,6.3150234768933874000000,13.453882573724703796879,5.8429469619429584960647,0.038602736675312206514071,2.0121693677157450939891e-10,66.164251123603576456625,66.125648386928264250111,1713.9782518558565713766,1712.9782518558565713766,0.00058343797473347331017778,True
0.22373636638157424297342,3.2008978881490172196759e-7,7.3550439268066000000000,32.873707773830740785658,14.276869885874723579735,0.0096304277481781834776522,1.9559098533821759951515e-11,15.451165718629364005250,15.441535290881185821772,1604.4111562492441478878,1603.4111562492441478878,0.00062328162959037084963938,True
0.34372104336195971500000,2.2519616403665567692761e-6,5.9016833941823228162061,17.169979866398467193086,7.4568275103667873438743,0.036263134523728501120418,3.0512644460885175824079e-13,28.459808924817074452810,28.423545790293345951690,784.81381432139074961559,783.81381432139074961559,0.0012741875611155946148805,True
0.048827093836604027985079,0.020296388655365435039726,9.6416354432802532000000,197.46486398607331801886,85.757900798927802169250,0.00059823499539398360682486,6.1859001474290211390712e-12,0.00072276628991596016711236,0.00012453129452197656028750,1.2081645097341106832601,0.20816450973411068326006,0.82770185015621513282361,True
0.78117032506150024300000,0.086986169592217765026612,8.1606267161213272000000,10.446667588760306025131,4.5369300880761501309970,0.016744241461817100017307,4.9021949548911824972411e-14,0.017773957283293430057086,0.0010297158214763300397786,1.0614967135910248848291,0.061496713591024884829150,0.94206603486978063797324,True
0.32916986066065167100000,0.00014955083090863065694449,4.0090427464726245964000,12.179252190423452758604,5.2893820200089983864500,0.11566553891819959779834,2.7671727612505946549427e-11,4.1987607296953057507010,4.0830951907771061529026,36.300878973682319078822,35.300878973682319078822,0.027547542326040849564535,True
0.85427143988131376787190,0.00015864906533951783530834,7.4005308451627258000000,8.6629734996067543633366,3.7622815877533157367329,0.030747195303326224662541,6.4339900211932490522175e-11,0.45922469471819548130131,0.42847749941486925663877,14.935498675175639752111,13.935498675175639752111,0.066954577262432123957652,True
0.36240305999211266140000,0.018329862644826510010844,17.879115683368352868251,49.334891608689711017238,21.425871190948984148791,0.0012864915838211082353881,2.9911449392315652096376e-11,0.0013078428080199102260936,0.000021351224198801990705468,1.0165964740596165168822,0.016596474059616516882188,0.98367447214002116854193,True
0.056817310617475695806353,1.1597535649931903889707e-6,8.0527712215297618000000,141.73094667829833694211,61.552968057308986827337,0.0015942229698857487138465,5.0653917870400317618271e-11,0.12517623159482491975099,0.12358200862493917103715,78.518647616647862142036,77.518647616647862142036,0.012735828116682637428014,True
0.57076809359970193300000,3.8751821481897172413059e-6,37.540367574255026154741,65.771664525773748537144,28.564270969135397434926,0.00042852162454440392415194,4.7575457411897385920257e-18,0.00043041607444482320135555,1.8944499004192772036132e-6,1.0044208968507328433204,0.0044208968507328433204185,0.99559856145506913568593,True
0.29681741229537273088306,0.010611730660015056519774,6.9938061349584676134005,23.562654498175807851260,10.233130827550588657308,0.010320598587019440062252,2.4698507617989177697140e-9,0.011940652041445149767546,0.0016200534544257097052944,1.1569728190439752972751,0.15697281904397529727510,0.86432454033476396768887,True
0.76513219890025333594101,0.0013248739062139961075501,18.373752138661048072273,24.013826845962271666792,10.429072488581584706624,0.0025659832891253175221227,2.8998732692081390435725e-17,0.0026029555353730460519574,0.000036972246247728529834629,1.0144086075713811395895,0.014408607571381139589543,0.98579605154783030016595,True
0.017961734727258688114133,0.0014797382243324901124285,6.4462702396637758000000,358.88906820792373813140,155.86354193810104672218,0.00074312435526593501953320,6.9347218153211787918496e-16,0.00095269680433312629873983,0.00020957244906719127920664,1.2820153149094319899225,0.28201531490943198992252,0.78002188302301601581280,True
0.077378460991840692795853,3.1063244663545270114745e-6,7.8011424672015628000000,100.81801016983483190091,43.784705493225192122183,0.0023998199222031079628809,2.2477425456467630364237e-10,0.11636112485710918297618,0.11396130493490607501330,48.487440153545403304343,47.487440153545403304343,0.020623897587360671696449,True
0.14945938007781826539226,6.4812656772256010306947e-8,11.114801805557082048600,74.366706189802165444376,32.297050135551482216675,0.0015862477363797180923965,6.9564924052440188383060e-12,0.50486638391018276514712,0.50328013617380304705472,318.27713435382780513981,317.27713435382780513981,0.0031419159344582472612590,True
0.058940243108005278643869,2.0350078201571855947716e-6,21.378440576301805562801,362.71381740192008788164,157.52460940771757145263,0.00014314250823226041366295,7.5961876155201001973537e-11,0.00014483211898477392945017,1.6896107525135157872189e-6,1.0118036967032321685196,0.011803696703232168519601,0.98833400516158198964373,True
0.25840503291404320300000,0.017308458366866550114277,5.7786625561120343800000,22.362809620795078967848,9.7120448181642542890929,0.014998765464686110726155,2.4562822202242263220263e-9,0.019170481705429073294758,0.0041717162407429625686035,1.2781373074047375862513,0.27813730740473758625134,0.78238855419258796822321,True
0.021692230925738683691258,0.0014630469734178447654864,5.2799567128237774000000,243.40312118653049439534,105.70863240933867932182,0.0016431784995306083807024,5.9806964712182876489530e-11,0.0025350491922000679209118,0.00089187069266945954020940,1.5427716422313412695366,0.54277164223134126953657,0.64818406861152836426976,True
0.71544516696722747800000,0.025680388955245434989071,9.2057782721073406000000,12.867203102553114733329,5.5881553049672194571840,0.011658912531702535227165,4.1570545201496737308088e-16,0.012108860491669487564244,0.00044994795996695233707919,1.0385926182003225857536,0.038592618200322585753597,0.96284142836755760129880,True
0.17421857470343489230000,7.1802116746513087668889e-8,7.6093127430337006000000,43.676816642466054102245,18.968600454923121984743,0.0067215893169665377077164,1.3766020295674323919581e-12,31.169450679631261618602,31.162729090314295080894,4637.2143863288090026847,4636.2143863288090026847,0.00021564670439825842078171,True
0.40066028248957454800000,0.0015814637318958203614315,7.2575729580919744000000,18.114031450773564922589,7.8668239040929144406168,0.013776647336257383226051,3.5505460350843928280052e-16,0.024665661149654979874601,0.010889013813397596648550,1.7903964983367098254615,0.79039649833670982546146,0.55853549810279823833736,True
0.69667076476677715300000,8.5516588822454358174130e-6,6.9923825039925679937053,10.036853643963934062129,4.3589501532440819240078,0.034514372351929956814571,7.4635254983551711887073e-16,8.5543498954614657986984,8.5198355231095358418839,247.84891952361196820315,246.84891952361196820314,0.0040347159952203560613551,True
0.047073485013740173900000,0.0017350908655306787497682,5.0190037420865530000000,106.62061117041934033977,46.304743088465331870185,0.0045392114317591818203795,7.1835949436692418121542e-13,0.0075981366582296823510239,0.0030589252264705005306444,1.6738891264390843830910,0.67388912643908438309104,0.59741113327340302053849,True
0.14485447018643961153248,0.000056469926869071711879195,6.9813753521852821600000,48.195788112024973388067,20.931164828030789373882,0.0062926741459619314301859,4.4519052814098127453354e-13,0.062481589604826128322749,0.056188915458864196892563,9.9292587150601395531637,8.9292587150601395531637,0.10071245283228005788634,True
0.041139118089934076879695,2.0183641878114999992666e-8,8.6996091460364080700515,211.46805157607472435382,91.839407898321508506375,0.00093183847725914905263311,2.9184727765351246361279e-10,1.7917923350819526776214,1.7908604966046935285687,1922.8572105674555153125,1921.8572105674555153125,0.00052005941705098810509398,True
0.067305200139377878919670,1.9931559845945761849692,13.706694195145230105855,203.64985419790663106937,88.444007918552634631877,0.000012092255903003106231209,1.3425100923173512147644e-19,0.00043589404403147782832966,0.00042380178812847472209846,36.047371766522385749290,35.047371766522385749290,0.027741273524099519895185,True
0.94695040349485656400000,2.5619753883692023957254e-6,36.212133170623225110173,38.240791742605677209673,16.607764837425083203763,0.00076574966953504250807335,8.5015291421690896803269e-18,0.00076936227961650153733617,3.6126100814590292628219e-6,1.0047177429193702155669,0.0047177429193702155668797,0.99530440966866769067989,True
0.83336224086651106000000,9.0803779401884489552414e-6,5.3233130133226349800000,6.3877540309332655432489,2.7741663273895710077668,0.13305943698607967696088,2.2374386275938158311132e-10,83.327454501853986411383,83.194395064867906734422,626.24234995501658573481,625.24234995501658573481,0.0015968258934769114236296,True
0.072197969552573049361130,0.0017905833308552722374889,28.589116508536823661682,395.98227880520694937166,171.97291861657636922322,0.000095237697113637043607204,1.6754144061152536985219e-15,0.000095953590341561928546646,7.1589322792488493944152e-7,1.0075169103162026846790,0.0075169103162026846790274,0.99253917205831954636480,True
0.56362140296963562700000,0.000015396214509504810179510,29.315018143287969576355,52.011896618601757048108,22.588479694781145703250,0.00070593879116413318553014,6.6524360749399941101784e-16,0.00071077507412412030568310,4.8362829599871201529616e-6,1.0068508531058504586541,0.0068508531058504586541403,0.99319576173102747829467,True
0.029665373730315316990367,2.9819007354558598564232e-7,11.883461676184220524288,400.58358219975507164322,173.97123929039131991537,0.00026410318721641361268819,3.3387284300797256973265e-12,0.0021271304484280851612727,0.0018630272612116715485845,8.0541642486315561918691,7.0541642486315561918691,0.12415937509219595665265,True
0.44109310908554846560000,3.9663082337550352281016e-7,4.5074758670555233000000,10.218876183307851500264,4.4380015376631628196455,0.16278882028842608091898,6.0584405377260201134794e-10,1466.2995761684951209125,1466.1367873482066948316,9007.3727026864247366623,9006.3727026864247366623,0.00011102016459269556855018,True
0.027207877815779953326287,1.0926073842030963414237e-7,17.297437555905879038117,635.75107448746909454173,276.10318351397105137952,0.00010391158543365081893954,8.6902901249947292767467e-12,0.00011825506540878877331487,0.000014343479975137954375329,1.1380354261296156611561,0.13803542612961566115609,0.87870726784045277736038,True
0.62998958697527892700000,0.000032488816706415838089205,9.3848837764608520000000,14.896887139864930869814,6.4696358823788550976021,0.010484631213075930629361,1.3043583112982461600695e-9,0.13127555164087397530025,0.12079092042779804467089,12.520760050878411960555,11.520760050878411960555,0.079867355970122880779742,True
0.013571890384341524017352,7.6288207519816058744140e-6,7.7640379852297792000000,572.06754294062712749201,248.44577717506592584968,0.00039799491779274048708491,1.2774842820814198717974e-15,0.0018918553006075095093374,0.0014938603828147690222525,4.7534659766502610274948,3.7534659766502610274948,0.21037281110502320332457,True
0.016253935160693832040210,0.079871771160053789554859,14.338859439695379608782,882.17771868380558018665,383.12491528237598426631,0.000015843724133693943802642,1.7590067329036279460917e-19,0.000095232869575736594281261,0.000079389145442042650478619,6.0107629224123062179867,5.0107629224123062179867,0.16636823193796318947489,True
0.15448678634617895639299,1.1246954835274492942919e-7,4.8963888634753454200000,31.694547988740990921451,13.764767297928020893064,0.041143225509121704924894,2.9371416573017369038066e-13,390.06954236772845807316,390.02839914221933636824,9480.7720479097501237949,9479.7720479097501237949,0.00010547664208638710368146,True
0.51243090696001812371094,6.9130852809991017857778e-8,24.987427378661387177043,48.762529814797070020681,21.177297622209163821060,0.00089589348949763099856428,3.1644288569161714952127e-12,0.00090615466106397201704627,0.000010261171566341018481984,1.0114535619318931907325,0.011453561931893190732519,0.98867613663842688317642,True
0.78428522138114648352682,5.8736829278071682088654e-8,10.595063448353078699503,13.509196857866196897080,5.8669696503160375008275,0.0095476419198559209300438,3.5397940541106992559166e-10,27.094283858796505697026,27.084736216876649776096,2837.7984937253881704777,2836.7984937253881704777,0.00035238583789902078919180,True
0.44737451525699074000000,3.2913676991391434159685e-8,8.4830860390607860000000,18.961934016710237831081,8.2350633096708196226295,0.011475577336954411044453,4.0258630057935066137416e-12,165.83564467840739534689,165.82416910107044093585,14451.180956654138367132,14450.180956654138367132,0.000069198496856379313907913,True
0.41357590727203154350000,0.000040845168665085113695248,8.2772456055146242000000,20.013848630863852679820,8.6919040220311228354035,0.010179429432715286427302,8.0650902755132722781892e-11,0.15389579969662067403142,0.14371637026390538760412,15.118312938249833134949,14.118312938249833134949,0.066144946468859421135938,True
0.43036488561247186600000,8.9669900829252687709860e-6,9.1393355045458096000000,21.236248146823607764086,9.2227853864936504835225,0.0078472863390039636545133,1.9234108781202154391210e-11,0.27682023315342996002503,0.26897294681442599637052,35.275918476114388473770,34.275918476114388473770,0.028347950760718197583862,True
0.79329391497713719000000,1.5035509354202993437513e-6,24.431683997833025536779,30.797770582341034487863,13.375301818833009903989,0.0014539532416926688843241,7.5753338071518986132829e-12,0.0014679248632602037757913,0.000013971621567534891467148,1.0096094022606045812475,0.0096094022606045812475161,0.99048205945874881785379,True
0.37124590302522330400000,0.022188546231104786205135,7.8024801499891318000000,21.017013484614841068577,9.1275729824544597285220,0.0092329244435721223639643,4.2797271345895777128066e-13,0.0099417452004778606641994,0.00070882075690573830023506,1.0767709907340585717314,0.076770990734058571731389,0.92870258263391541466816,True
0.62163504020549309500000,4.9192960530375215653741e-6,29.431292972150626066433,47.344971033842560477291,20.561659665867119854604,0.00077221774070302278395555,3.4395360129973638776598e-16,0.00077747234637116555028340,5.2546056681427663278479e-6,1.0068045648153058517249,0.0068045648153058517249106,0.99324142435075855948468,True
0.30428318887942892041795,0.0012629704875665062018836,6.5143626892443871000000,21.408881355669238229579,9.2977590364885594370548,0.015063108293109800805914,2.3595447758060640393765e-13,0.033872169564844576012399,0.018809061271734775206485,2.2486839306823848713443,1.2486839306823848713443,0.44470456090133589180011,True
0.16565152152088503171396,0.00028037709696964499535677,8.4307507210501810000000,50.894496130464143272293,22.103198828706980038775,0.0036278775558466114419002,2.0628523481531906404383e-9,0.0064477007636283193998293,0.0028198232077817079579292,1.7772652644346664813684,0.77726526443466648136840,0.56266220918805376333134,True
0.21585228235014878380000,0.73132256990952376754001,11.061921784623104775617,51.247647994190782554900,22.256570734397308638239,0.00050577000034621366737459,5.6151749954903984595515e-18,0.0022762846430707302593719,0.0017705146427245165919973,4.5006319898620913708964,3.5006319898620913708964,0.22219101722881413785293,True
0.10824790043831217392241,1.0842359169238880931475,9.2333717170243390000000,85.298390819932912210138,37.044620448323855966925,0.00012636316574851782448333,1.4029129607852945163906e-18,0.0017425587777607503257134,0.0016161956120122325012300,13.790084851377583121788,12.790084851377583121788,0.072515869973062809795789,True
0.68420312576335713993564,0.0011692652437309787495663,5.9093510386946021800000,8.6368372434744591435938,3.7509307559374498958164,0.051113835009560546100108,3.1615882585697590833011e-9,0.26123110336124609140299,0.21011726835168554530288,5.1107709549163026034228,4.1107709549163026034228,0.19566519588166061092755,True
0.64146343291964356600000,0.0037595252773329225211137,6.5458327954531780000000,10.204529922554724386328,4.4317710357821345243266,0.030589729621570479279081,2.4302832081437127399934e-9,0.057027032955842297114787,0.026437303334271817835706,1.8642542337356731585837,0.86425423373567315858366,0.53640752527414504285238,True
0.056581325141958748666232,7.9120666555567394278012e-8,8.9421911236360066000000,158.04138735175694478822,68.636502439202418744939,0.0011460990743719590982500,9.7514911466345713372488e-15,0.65892356260801694195755,0.65777746353364498285930,574.92722692328737460597,573.92722692328737460597,0.0017393505702477892018920,True
0.22889748572048026327733,0.00084837617152677541031708,9.1268688022565208431368,39.873171929034901514988,17.316698544759496803486,0.0039337908353030104242376,5.1564521461868300721682e-17,0.0047820017909720096758906,0.00084821095566899925165295,1.2156217732922913799642,0.21562177329229137996423,0.82262429151106855885686,True
0.39248159876564770000000,9.0786937454288401948814e-6,6.8788277213284522000000,17.526497402584795261293,7.6116611090342525277018,0.020304734547636399290475,2.2846952113741592609544e-11,2.9258450957224042844806,2.9055403611747678851901,144.09669276188549481593,143.09669276188549481593,0.0069397845351833533104000,True
0.085497670155636696791856,0.0012231530738154770373685,7.8708429103193358557206,92.059150804829578572066,39.980781203236790335877,0.0021817104896280979436387,6.5293798708681501114784e-14,0.0025733442005064797156423,0.00039163371087838177200364,1.1795076444561354399086,0.17950764445613543990865,0.84781137680637463056651,True
0.79529244582445643800000,9.5432545637956739621725e-8,5.5697579704492534000000,7.0034086199262814263966,3.0415417181476522860730,0.13210163638376796051472,1.9206175289585909606913e-9,5349.6636545291405059065,5349.5315528927567379460,40496.573706232169651795,40495.573706232169651795,0.000024693447086515031479545,True
0.53644920402777361987275,0.0096682620786377154569050,5.3096991058142322400000,9.8978599762063079498337,4.2985859703174509733425,0.047244046492440665449986,6.4120597023176421754195e-12,0.080426710838931172093106,0.033182664346490506643120,1.7023671088758227895665,0.70236710887582278956649,0.58741736420199119909501,True
0.022547052722316925274607,0.0094991302274053340442703,36.564584239544902609931,1621.7012790923895940817,704.29591680527013405589,0.000016312827043365896107892,1.8110876180272735674213e-19,0.000017954930984278345434413,1.6421039409124493265213e-6,1.1006633575251605759206,0.10066335752516057592063,0.90854301014299055069265,True
0.11209577455434584260000,0.0014663319427515643950479,16.575608546386868268646,147.87005676427834876578,64.219149691446703843983,0.00046935256927835452180909,1.5172255451803500857736e-11,0.00047709884531502758891452,7.7462760366730671054281e-6,1.0165041730752283490776,0.016504173075228349077639,0.98376379210987565128000,True
0.016450806990231757886335,0.000033778836210031672058088,9.9889978945320844000000,607.20412685307178690489,263.70540168117121228695,0.00022304463630890329770900,1.9276400009874940369978e-15,0.00026818894137732001424021,0.000045144305068416716531202,1.2024003168849780865749,0.20240031688497808657494,0.83166977416528762339163,True
0.79629681449276976700000,4.0346459957849222134478e-8,21.732922583986956571767,27.292489670237513716982,11.852977661185653342239,0.0018677287840975764498440,1.1813497377192040683232e-9,0.0021642715306675557708833,0.00029654274656997932103935,1.1587718458348109540018,0.15877184583481095400177,0.86298265149820983906957,True
0.018786891097696426567224,1.5230134170976050873211,4.2270396634741712514210,224.99942334751032572037,97.716007991237419909960,0.000012969421097205858995469,1.4398949918177206414973e-19,0.0022191491517284394249172,0.0022061797306312335659218,171.10626103477621256407,170.10626103477621256407,0.0058443214991224466838987,True
0.29420435432243509930000,0.60062649007904753723031,27.333584983301384368810,92.906799582391534626358,40.348910389923984793360,0.00017560953774992646215751,1.9496575215374896253688e-18,0.00042962260404992798680155,0.00025401306630000152464404,2.4464650926974374691457,1.4464650926974374691457,0.40875302205821145916031,True
0.72708063525377563780217,0.000031427385923769553934824,7.8374484597461230000000,10.779338741445905014103,4.6814073339758999267569,0.022124278874337418967313,1.1209991652849760957517e-8,0.97555667133953435909439,0.95343239246519694012707,44.094394076324463626486,43.094394076324463626486,0.022678619832468193246921,True
0.17333927140025703340000,0.000022390874149454375176055,6.7203360333589854400000,38.769841242963827848926,16.837528116084300477874,0.0091561014510130843319454,1.0171429564049543398451e-16,0.28502840104326511363094,0.27587229959225202929900,31.129886728344181150507,30.129886728344181150507,0.032123470564686845812758,True
0.82311622748680178800000,0.000052515876586162261728871,24.349161665386121284618,29.581680997507179606345,12.847160822639650286902,0.0015193675273141013590161,1.1007532018755221471774e-11,0.0015336037494369501167907,0.000014236222122848757774654,1.0093698343994590849618,0.0093698343994590849617572,0.99071714442007887074821,True
0.36462225541841900113528,0.051985100001483757694917,5.6184374971697656000000,15.408926398972487314508,6.6920117071270962435471,0.020552658243445518056288,2.2624811994739392375428e-15,0.026401905910804531681484,0.0058492476673590136251959,1.2845981088224637214842,0.28459810882246372148416,0.77845358258907708858396,True
0.52862484928377376000000,1.8681959678444902915696e-7,8.5777863771319372000000,16.226604535813738522986,7.0471248099301836880559,0.012676025435950374522702,1.8336345107035682292268e-11,36.664078296277545977170,36.651402270841595602648,2892.3954500986441916065,2891.3954500986441916065,0.00034573419065705394131080,True
0.040728276801719501950000,7.3995891457594959819445e-8,4.4623571943972706000000,109.56410496131952501042,47.583086199369766240840,0.014982050868420357481185,7.4716464869006789028490e-9,70.946754744581468142433,70.931772693713047784952,4735.4501308045409483235,4734.4501308045409483235,0.00021117316672704618688086,True
0.014105356896672571239512,2.4370426016999791668577,8.0201482963284886000000,568.58882445012273368052,246.93498893054505787666,1.2692171015854326047447e-6,1.4091140494281536369393e-20,0.00031530407519142951473878,0.00031403485808984408213403,248.42406771668132896841,247.42406771668132896841,0.0040253748728583893062334,True
0.027397011696066736883609,7.3994682966080807452563e-6,7.2343523604688816000000,264.05625696423980196971,114.67817531159645706164,0.0010581110583625578019828,5.8025840517463601174559e-15,0.012548277108620609376440,0.011490166050258051574457,11.859130484884308896821,10.859130484884308896821,0.084323214191344269172483,True
0.12218959534443502925867,0.0065635399648405832553668,6.0863267683925479600000,49.810515790939985488600,21.632432148760024924331,0.0062284277591005727858441,7.7879525234041041102668e-12,0.0079556055596872027935619,0.0017271778005866300077177,1.2773055845534999344847,0.27730558455349993448468,0.78289800975822399825243,True
0.14630593194884566450000,1.8295811226416072705674e-7,19.283377198790202849567,131.80174543799381664981,57.240770748937809737615,0.00044246273512409759815739,6.7610272172513039217565e-11,0.00047531385855019208357577,0.000032851123426094485418385,1.0742460795413216556524,0.074246079541321655652435,0.93088540795697106728005,True
0.14995704317650331839006,0.000093686141622218993569345,8.5603721072367754000000,57.085495458596072874130,24.791915674381416562856,0.0031937103841044950274596,4.8273525224744976333334e-11,0.0091614882792288973319164,0.0059677778951244023044568,2.8686033413758479820218,1.8686033413758479820218,0.34860169950174326130818,True
0.47896570193722068160000,0.46849541923794067618028,16.798507192085475465821,35.072463694461573015030,15.231777449256798359256,0.0012901181310112489903753,1.4323188535350628356650e-17,0.0019796142062155348420217,0.00068949607520428585164640,1.5344441401376397636705,0.53444414013763976367049,0.65170179470352040250443,True
0.91796825883231731886956,0.00032124340390704773444603,8.8554072497198020985069,9.6467466761695454715643,4.1895288497789693847165,0.017786030537700011802925,9.5934825979932005769016e-9,0.064406854786103333655475,0.046620824248403321852550,3.6212045543036642840245,2.6212045543036642840245,0.27615120466242038812858,True
0.72160601350137498100000,0.000099017798257518732558017,33.053192970632649170196,45.805040911801753034086,19.892876511348196028048,0.00070461492910489615219884,9.7691346568262188868194e-17,0.00070852759337073091238947,3.9126642658347601906332e-6,1.0055529113906303298780,0.0055529113906303298780304,0.99447775315676732920125,True
0.081015144796826434000330,0.31737968035984245481905,20.690498216271936415839,255.39049850692157274943,110.91468423207671388603,0.000047066059263465871665532,5.2253822672671948448919e-19,0.00021343213782830561650608,0.00016636607856483974484055,4.5347356708484458028068,3.5347356708484458028068,0.22052001981692148216248,True
0.017664118427125481904502,1.4495937320821530843437,4.7195605540278629419659,267.18347555802062618279,116.03630909058071585131,9.6631986347774989680179e-6,1.0728305615856358851898e-19,0.0015457926690962772698858,0.0015361294704614997709177,159.96697651779876583734,158.96697651779876583734,0.0062512902460761002676629,True
0.039562505025279462305823,1.5596637874357061543952,27.239081078978238397746,688.50749116045961264784,299.01500416003954493853,1.3521702384101640229908e-6,1.5012105318958514054548e-20,0.000058194306991937167784633,0.000056842136753527003761642,43.037707338064224278949,42.037707338064224278949,0.023235438452725409457760,True
0.29817722878453976500000,0.000046667046119562434544173,18.039510101443426425097,60.499288208485622756358,26.274507028019775976841,0.0010402068395434450346701,4.1757109950703072154122e-10,0.0010570755097143123778245,0.000016868670170867343154330,1.0162166499292305511090,0.016216649929230551108985,0.98404213321011825524884,True
0.021217748669918193700000,2.0106379268850210385858,7.7566084641578950000000,365.57170059964712873615,158.76577231041444526177,3.7214044199171914445637e-6,4.1315888709338905016276e-20,0.00051541728789756586947556,0.00051169588347764867803100,138.50074588481165832794,137.50074588481165832794,0.0072201777225927743265945,True
0.032065739938645379264409,1.7972992349585788298915,19.278447391198632367711,601.21635827166421263012,261.10494682735224065311,1.5390833759057660741084e-6,1.7087258007483964294585e-20,0.000098323224433172740601444,0.000096784141057266974527336,63.884274219587702546850,62.884274219587702546850,0.015653304545070463157831,True
0.61939710189917109100000,2.2930700055653119476266e-8,15.061493973822409896089,24.316377857825695391008,10.560468723528114910238,0.0032014761840327973703710,7.9949256025687804961173e-12,0.34401547935948096873674,0.34081400317544817136636,107.45526737798050679930,106.45526737798050679930,0.0093061980524643668118643,True
0.23462086964906390515416,0.0065968138599501357093571,7.9068462554627722000000,33.700524029637698032657,14.635951623319592607699,0.0057847150614363729297866,6.3877339245610554817228e-17,0.0063739987376985227942607,0.00058928367626214986447403,1.1018690929464428723277,0.10186909294644287232772,0.90754882444879113081705,True
0.20983383190791064000000,0.81053917249114975063691,13.392135241471256110497,63.822573889555789523677,27.717791661096639442871,0.00029570407488054794409022,3.2829747240786572096876e-18,0.0014317515193467969499274,0.0011360474444662490058372,4.8418389902985427972298,3.8418389902985427972298,0.20653309661962572440160,True
0.54192694545895950100000,0.027317525803999815711286,30.831519784477669000839,56.892391202962542347162,24.708051561727739324620,0.00061034309577652363406315,4.5033745529479175500227e-17,0.00061507790517614366231549,4.7348093996200282523445e-6,1.0077576193330999402822,0.0077576193330999402821576,0.99230209805981554220769,True
0.43905102767841859930000,0.74497893828017734023220,7.5903924721263466000000,17.288178351983959390667,7.5081604604258876570828,0.0041062851675117392413049,4.5588923386483006593111e-17,0.011476892866561847438363,0.0073706076990501081970578,2.7949575829182927190991,1.7949575829182927190991,0.35778718292957858382582,True
0.54351680505408038269362,0.000097747365253498146737054,9.4923030128530588000000,17.464598931598014906252,7.5847789446464452885010,0.0086420377368968714465142,1.8000742661091931102611e-10,0.035119891015252638989441,0.026477853278355767542927,4.0638437466327552229044,3.0638437466327552229044,0.24607245316176001665813,True
0.95786645286127435300000,1.6922432393580205091002e-6,5.3533486416345397000000,5.5888256923951935919273,2.4271961585263532689801,0.16584053997450504786263,6.9750550218306839249667e-9,568.93402285571856197551,568.76818231574405692765,3430.6088423444699963781,3429.6088423444699963781,0.00029149344794336924671248,True
0.93845790038904140896115,0.000076055135723737446559948,5.2883251067746462796265,5.6351223689228364251100,2.4473025496727683530584,0.13504236036875643700059,5.8028312859029313950477e-15,13.256697483129816657939,13.121655122761060220939,98.166956256763578757821,97.166956256763578757821,0.010186727164937450819002,True
0.53224600672630896400000,9.1503882046088439001719e-6,8.8155970698069262000000,16.563012137994440888926,7.1932247752275670717925,0.010931246561656644035543,1.6129538363599294066314e-9,0.59076825436251113120811,0.57983700780085448717257,54.043996815032911143811,53.043996815032911143811,0.018503442730605731024990,True
0.81639305864969628700000,0.0082015753235024723515456,5.8464986570598773800000,7.1613772252423503421727,3.1101466117503737082734,0.055100446273053630268748,6.1542169782028382999584e-16,0.099744980658978789746564,0.044644534385925159477816,1.8102390707452066690215,0.81023907074520666902154,0.55241322329229032823101,True
0.070022023944179375126442,0.000047677273390088151866150,4.5365333287361964400000,64.787235118377332082517,28.136738709679845528079,0.015244286094069307593644,9.4345858618016029661153e-9,0.31088649168459586813604,0.29564220559052656054239,20.393640592034301792143,19.393640592034301792143,0.049034893769315379884682,True
0.054453501139654331747286,6.5236853982228378349248e-7,15.806473351276924150306,290.27469346257104408480,126.06469760695253190737,0.00025296116243376060246703,1.1073461454845524497726e-10,0.00029901812925421407466044,0.000046056966820453472193413,1.1820712965474048419775,0.18207129654740484197751,0.84597266080379509468725,True
0.95798617664574003400000,1.6144748395368727194377e-6,8.2851452338148854000000,8.6485018633820051205944,3.7559966359967959331319,0.025470291963421187812675,1.1156079415192590228544e-10,19.417946207963970523427,19.392475916000549335614,762.37627098467457522075,761.37627098467457522075,0.0013116882542899898043586,True
0.80923832172874874800000,0.15675391198101888423963,4.5332107628489500000000,5.6018241365100005860970,2.4328413110787417453316,0.075298327185963855399032,2.2188801432062708704701e-12,0.11050518584380130420053,0.035206858657837448801495,1.4675649509568422134014,0.46756495095684221340139,0.68140084658468226959245,True
0.034353701423221608558428,4.6576813800599828751872e-8,8.3307428556862978000000,242.49913431613741124131,105.31603589981397321460,0.00089834541246774847001741,3.7067907675636302169782e-11,0.82182460246448931265599,0.82092625705202156418598,914.82028077256270996988,913.82028077256270996988,0.0010931108776420034086601,True
0.041452185399755352161563,0.000026696783072255299939087,4.4154618810050801950884,106.51939912029680191083,46.260787253594998087531,0.010008663412511987271349,4.2264548894778300861770e-16,0.22594718259898306182031,0.21593851918647107454896,22.575160467133197965962,21.575160467133197965962,0.044296473615586628016641,True
0.83628870045276894649671,0.29465873133301501750587,4.5506716205536637200000,5.4415079602174678355679,2.3632168803550658510268,0.062759009193802940337084,4.7840668222128830383563e-11,0.10164276089988365005363,0.038883751706080709716544,1.6195724280159642325656,0.61957242801596423256562,0.61744691543374615528160,True
0.46471610010793422907732,0.036361251308375484606477,8.8566697418975860000000,19.058237362210067270614,8.2768873212102179074916,0.0082134278352702502404411,4.9491749326596904991245e-11,0.0085949793526791049498312,0.00038155151740885470939007,1.0464546015453364413900,0.046454601545336441390046,0.95560762838948264757918,True
0.88989196568773465900000,0.00020450377998166313037501,10.495017362193497182357,11.793585925997926486676,5.1218892895127519328253,0.010736263591297618997510,1.4364271154229980437472e-9,0.021989871846891860348580,0.011253608255594241351070,2.0481866582258618363914,1.0481866582258618363914,0.48823675126670313012318,True
0.23535899917258737213276,1.0119609801079404082366e-7,9.1937910972314872000000,39.062840722269277546099,16.964776173147183309763,0.0043979456327627016269446,1.2348287745404809255445e-9,6.7158999716473533224181,6.7115020260145906207912,1527.0538866185480936527,1526.0538866185480936527,0.00065485573807376449818151,True
0.044800424471785993202667,0.00073724978789649527106913,5.3552303730812368000000,119.53525968160871844368,51.913503672594925397739,0.0038745100148074550052953,8.5230964292276265454252e-14,0.0072476727647542148051726,0.0033731627499467597998773,1.8706036988045803733594,0.87060369880458037335942,0.53458677572328950479576,True
0.27749316799185923800000,0.0053876612230190782048033,14.716499414549600295901,53.033736005281886142477,23.032258901807728974886,0.0015066922644771493780668,4.3632621741758866737511e-12,0.0015352968461299706202903,0.000028604581652821242223501,1.0189850192552409309332,0.018985019255240930933244,0.98136869640231142626988,True
0.091650069956272819619040,0.000075531357541290632205327,20.892873561312690893295,227.96353097472695146340,99.003303577504941493236,0.00023369008587428916369201,7.8840128787730814075257e-12,0.00023647735952959192519753,2.7872736553027615055204e-6,1.0119272225215499412480,0.011927222521549941247982,0.98821335936409602832405,True
0.76911546076854053500000,1.2212885679064977562110e-7,9.9931698025700197613509,12.993068417301506341618,5.6428179166254619118749,0.011082276992252679905124,4.5038361227944190063581e-10,24.383477616269959208605,24.372395339277706528699,2200.2227189697377977903,2199.2227189697377977903,0.00045449944288742441353042,True
0.84404887853611663469385,0.0016348707361985536884494,7.3515797416960336000000,8.7098981215949348498799,3.7826606921481785198432,0.028593560285436392210692,1.0947921155857343917501e-13,0.070395853299346234284542,0.041802293013909842073849,2.4619478161032320510297,1.4619478161032320510298,0.40618245173969558760730,True
0.13130471049048906388696,3.8572851586619235111156e-8,38.212870333769047267904,291.02436760284362711811,126.39027694929847909170,0.000095041487925498857642705,1.0551724818952263902308e-18,0.000095448359702332162512830,4.0687177683330487012414e-7,1.0042809912356616681717,0.0042809912356616681717199,0.99573725752750297434469,True
0.042361658322876970792515,1.2748596974276405092659e-7,4.3081405208718626200000,101.69905266775867370833,44.167337388395773823947,0.017287945599025101067140,7.7764559152149271198481e-13,54.194724732401232057019,54.177436786802206955952,3134.8273525026230934967,3133.8273525026230934967,0.00031899683381340639284209,True
0.77195556503002856460122,0.000055231478655372363557924,8.5128162564447184000000,11.027598792054275089365,4.7892253040321370872936,0.017399562917524570605174,5.2791156224066220250866e-11,0.30114120691063190926727,0.28374164399310733866210,17.307400670813813617097,16.307400670813813617097,0.057778751357293149518712,True
0.49782339788087436850000,1.5334848768694968137332,6.7178625926172523600000,13.494469366473589385284,5.8605735820719504207383,0.0034845109977390496258043,3.8685843392494697600862e-17,0.017350127178258215743286,0.013865616180519166117482,4.9792143544721116682456,3.9792143544721116682456,0.20083489659404679285415,True
0.042030577168850413848969,2.0472160102570210234523,8.1632240502119542000000,194.22107903533288697633,84.349142894340421418654,0.000012947582690564384316633,1.4374704416302713547207e-19,0.00090290920840977986114809,0.00088996162571921547683146,69.735736004820379752148,68.735736004820379752148,0.014339850086774397519700,True
0.10541389329314508160000,0.000035212446227139571755972,28.550336949530918691745,270.84036133771664107715,117.62447440565316574165,0.00013949743554683280280820,6.1606190518648132417443e-15,0.00014049757308633572196565,1.0001375395029191574548e-6,1.0071695765272125579236,0.0071695765272125579236013,0.99288146038730266962938,True
0.31257277940735767900000,1.0229354909967749858819e-6,4.0301048540665780360000,12.893332751840108033322,5.5995032674666278859293,0.16268494306336988012535,2.0696154506125004545096e-11,525.83106049075607298511,525.66837554769270310499,3232.2048407757787374618,3231.2048407757787374618,0.00030938633201229432660697,True
0.10554110788706386291378,0.98193589278061044440312,5.8324690165643344000000,55.262533559961029268897,24.000213381084342025228,0.00033252901439909704102181,3.6918136814178773506947e-18,0.0053947837940219910925092,0.0050622547796228940514874,16.223497981885096657808,15.223497981885096657808,0.061638988158816570421957,True
0.013411183433912653465000,1.1449554469622729015988e-8,5.1810685733797190200000,386.32448798503721408507,167.77859335600077249563,0.0027832113520669396704774,2.6956700146006448324910e-12,20.338107354551726143361,20.335324143199659203691,7307.4246910669289130229,7306.4246910669289130229,0.00013684711677185876744934,True
0.014890079759914173895869,0.000043059327921331251987433,9.4501294650797656000000,634.65942543307343210194,275.62908635347211238804,0.00023330389502298390381481,9.5263102721234968830042e-11,0.00028609682208528071316174,0.000052792927062296809346932,1.2262839506262676017085,0.22628395062626760170851,0.81547181587861149255751,True
0.15245967998956878532428,0.51249741418157203007882,9.9897242399289820000000,65.523712502954708493870,28.456586773848339164633,0.00044181105924631834615287,4.9050881050929179763884e-18,0.0020426171918890827341424,0.0016008061326427643879895,4.6232821681140478574902,3.6232821681140478574902,0.21629655375499716664962,True
0.012147919349146394347887,0.0087372615773284694625684,23.886921199176120533654,1966.3384743210859536454,853.96994895170667230607,0.000018297453664932128812381,2.0314254350819603310129e-19,0.000023570388377802182874802,5.2729347128700540624209e-6,1.2881786072220455647067,0.28817860722204556470669,0.77628986725412082398406,True
0.45476228833031396170000,1.4850753794254419322444e-8,6.9932912857927948000000,15.377905040167398541050,6.6785393021769053354823,0.027468364838104548083570,1.2300996018559999425276e-8,2089.4864182040219615538,2089.4589498391838570057,76068.831563845166042365,76067.831563845166042365,0.000013145988697889912621994,True
0.58872706937457603400000,0.0016627369279912680904509,9.0892065096649336000000,15.438743999525440714391,6.7049613265108392555618,0.010270555831403665745054,2.3546445504293253458072e-12,0.013143273434716838389694,0.0028727176033131726446396,1.2797042000910442877388,0.27970420009104428773880,0.78143058366836274280619,True
0.56850625156879533288931,4.0256791014313369269003e-7,9.0384401885675614000000,15.898576600742645536741,6.9046640878186898296181,0.011194457799515239053883,1.1253100321849355357391e-10,11.726265568867399250122,11.715071111067884011068,1047.5063445569636625699,1046.5063445569636625699,0.00095464815578080705799590,True
0.68743109220462953200000,7.0762127247082805260112e-8,6.2068418066821750000000,9.0290385131933588401545,3.9212616031718169691060,0.069721173390139551003795,1.5135226726062672436824e-8,2518.1002729579355608842,2518.0305517845454213332,36116.722517955537753221,36115.722517955537753221,0.000027688005175520757116307,True
0.14399104412301288670000,0.00084166362475362417638486,15.889736867858787636538,110.35225811880381818386,47.925376766559819390218,0.00066102201789074468858407,2.5201372467133893584862e-11,0.00067253212082724456946710,0.000011510102936499880883028,1.0174125863057140986526,0.017412586305714098652635,0.98288542274777606191894,True
0.98527998420644641300000,0.63438363333811128263109,11.826660994042529346371,12.003350503022581133689,5.2129888878133290845281,0.0067365662367769805539108,1.6870386137766156349235e-13,0.0089113184129081680082390,0.0021747521761311874543281,1.3228279957018085169481,0.32282799570180851694810,0.75595618118851764518511,True
0.033080318948716730121862,0.42192129475109475874981,6.3716021910941940400000,192.61005920081567796368,83.649485869972907635026,0.000063784915603006651320683,7.0815481926230384559354e-19,0.0013878320424063581487941,0.0013240471268033514974734,21.757997628218848603287,20.757997628218848603287,0.045960111637435724687875,True
0.81763255735098072400000,6.5019615521752207778504e-8,8.7179350631857582000000,10.662411843567840182712,4.6306266274413913253137,0.018865831458810324876838,1.6756212513029745662067e-12,215.13079291826855294211,215.11192708680974261723,11403.197011908143737424,11402.197011908143737424,0.000087694705173971724401265,True
0.98755296159150328600000,0.072706116544111340062828,6.2807155223031888201620,6.3598771575566169386545,2.7620595551093768476884,0.044495377576869363826052,5.2679825125276323429771e-15,0.050949354501661366502510,0.0064539769247920026764581,1.1450482561619403161870,0.14504825616194031618703,0.87332563900134298784162,True
0.10019062360192916350000,1.7598035630668845929424e-6,9.9089075726415724000000,98.900547939605568766865,42.951962227378720514462,0.0014348326390775851281170,2.7253018089813893783100e-12,0.032947298591145063319611,0.031512465952067478191494,22.962468021584723161761,21.962468021584723161761,0.043549325754531257690032,True
0.68453347384320861700000,2.2817400455661994799373e-7,8.8861860179810500000000,12.981375429445277656100,5.6377397165225400596289,0.014441071394849641575509,1.0130621896217962297409e-8,35.568446063987570693915,35.554004992592721052339,2463.0060396123333757358,2462.0060396123333757358,0.00040600793660960560462528,True
0.41263774589904643360000,0.065095422152662218525171,5.9157183067882175769461,14.336347960362121192607,6.2261968098302084924418,0.019888243275330219822736,2.1925539151038916914316e-16,0.024703765201834573582090,0.0048155219265043537593531,1.2421290739377481764778,0.24212907393774817647779,0.80506931282901202969940,True
0.20813481199140912873332,0.0014441964670703220951987,4.1389826131257603808805,19.886066023864374086984,8.6364087409280374393431,0.047396985723053108219770,7.3813900955535669507869e-14,0.19259522003297993785743,0.14519823430992682963766,4.0634487002683973471472,3.0634487002683973471472,0.24609637619737844493671,True
0.71789286544869029500000,1.3528481501238064697841e-7,5.7069198825168784965705,7.9495425531914095611802,3.4524424645061169491917,0.10456455031363146221244,7.5237606667572927099691e-10,2606.8660965951967744161,2606.7615320448831429539,24930.687204948033462272,24929.687204948033462272,0.000040111208799793067743695,True
0.31198531134471324608849,1.4039901936431710122524e-7,5.3420427863980106800000,17.122738129474230398834,7.4363106847050662037752,0.058597374734654065781560,2.6545434076640677489083e-9,737.43660740649986902641,737.37801003176521496063,12584.806243382524193870,12583.806243382524193870,0.000079460897582418526887134,True
0.90373483659684509505676,0.041143319129823433536029,15.702758455098185052608,17.375404620042509936519,7.5460423473207300300493,0.0042505852794602391025096,1.6221669594307949017596e-9,0.0043307689334700443776164,0.000080183654009805275106771,1.0188641442855576356197,0.018864144285557635619707,0.98148512302512574127157,True
0.053736283393818534640000,3.2203153490670266761129e-8,5.2740671139910243145375,98.147225317739745060584,42.624798369609503321294,0.010519258599455805765366,5.8203555900899266850034e-9,103.61709563669659517931,103.60657637809713937354,9850.2280039067613062449,9849.2280039067613062449,0.00010152049268335551901882,True
0.59207526120484378000000,0.00047831438032651707741268,4.7328468850021439200000,7.9936575552422766915077,3.4716013664659591813866,0.10851281864748978122025,1.2398459477932021604484e-10,1.7440591774494486625189,1.6355463588019588812987,16.072379274518032721004,15.072379274518032721004,0.062218541693167410725064,True
0.66076551852853336580654,2.8848095145432716236522e-8,5.3861568905281349800000,8.1513891683128867915179,3.5401033356442239789082,0.13380037539830061459314,1.3967896479235491082486e-11,15257.509613417864957274,15257.375813042466656659,114031.88943228965773209,114030.88943228965773209,8.7694767225073848345856e-6,True
0.34949018468963952640000,3.1734663552018273444555e-7,30.956575533865034901867,88.576380367750934872679,38.468233220677758851688,0.00039089429150579245634192,5.5365645328596879146527e-16,0.00039333073036043262049897,2.4364388546401641570460e-6,1.0062329865326366881842,0.0062329865326366881842169,0.99380562293618017438003,True
0.77894660370887437633793,2.1253421000707498575326,9.6460820208913618000000,12.383495832657246872597,5.3780839067949571249811,0.0029431970125562514404031,3.2676050893479264832538e-17,0.011271034706329055592683,0.0083278376937728041522795,3.8295209794806896303660,2.8295209794806896303660,0.26112926534629068289090,True
0.91618814396186857000000,0.000021841384210592309582961,7.0681518972010102000000,7.7147384451366401975499,3.3504683360497157290988,0.042374842889646863199604,9.6951109137591196198893e-12,5.3235884547265819898545,5.2812136118369351266549,125.63087180264816018894,124.63087180264816018894,0.0079598269569512061854669,True
0.51387485863904265029472,0.000024970757061708823729545,4.5628764118427904400000,8.8793532805384010180581,3.8562541326073643497138,0.13783921334101753609569,6.3139459640182213135233e-13,29.584420511523293906926,29.446581298182276370831,214.62992855545921100514,213.62992855545921100514,0.0046591824669112044010960,True
0.35201498953644916300000,3.2617294597481288459269e-8,4.9987313059617328000000,14.200336504261681220542,6.1671277849701610345980,0.095701049340772188685216,4.0495155783506644175362e-8,6153.1512568386000668540,6153.0555557892592946653,64295.546383493309493809,64294.546383493309493809,0.000015553176794477501722180,True
0.064445539845357894634785,0.026661716777716758924698,15.976212251494974660627,247.90252808543684371515,107.66269999737112927205,0.00026265505073783872532831,6.8281040896212683575520e-15,0.00029731677931976095959208,0.000034661728581922234263770,1.1319667315916905813934,0.13196673159169058139340,0.88341818897263136804440,True
0.033135919061163798939224,1.1658607087747410777811e-7,6.3725850375474148000000,192.31653197198499627479,83.522008614203389488168,0.0025721407335825674260717,1.6001104808039268021181e-11,2.9220989106208108759155,2.9195267698872283084894,1136.0571653289007562400,1135.0571653289007562400,0.00088023739519347977093221,True
0.043765683087126438699007,3.5840203129458844278458e-8,22.295936388058524239093,509.43878434784022960898,221.24645290976770902751,0.000097251399344209743795053,7.5950686607191092184682e-12,0.000098819119874021700619555,1.5677205298119568245016e-6,1.0161202876296226520053,0.016120287629622652005311,0.98413545342429131707962,True
0.28912074235432890936436,1.8750282688744458225623,5.1620845740005287600000,17.854424874415236063971,7.7540782005146970243703,0.0016641569518641377002575,1.8475853645495841057462e-17,0.019500373425143716333144,0.017836216473279578632887,11.717869160898552665738,10.717869160898552665738,0.085339747890077801657238,True
0.48967071657229192600000,3.9737601208471678222729e-8,30.059928585477490425056,61.388046228081172850471,26.660489731677385540413,0.00058214460606557858988803,1.2303622560585726438130e-13,0.00058598136175616906938539,3.8367556905904794973584e-6,1.0065907261711504528975,0.0065907261711504528974648,0.99345242708899164561907,True
0.82848630674127414447683,1.1098595690330000230035e-7,28.936034209932107843235,34.926388009655381620408,15.168337585405230752666,0.0010661587918064384662193,1.3639324792870496022038e-14,0.0010736883354605902546674,7.5295436541517884481182e-6,1.0070623097722564951279,0.0070623097722564951278576,0.99298721667594370503153,True
0.18187287213641246519757,4.1042394741353352041697e-8,6.2029717133352154000000,34.106085423683858740167,14.812084698826830532606,0.017922077333550673936968,1.6024631787812746714523e-9,305.29451763136055965286,305.27659555402700897892,17034.549731567106673844,17033.549731567106673844,0.000058704222639174168586569,True
0.56061846329899231900000,0.000026780330987622451196367,23.678673788532122946541,42.236699892460862636247,18.343165697099422523239,0.0010973773051404217581226,8.5177402885830766304703e-11,0.0011081512245120265253474,0.000010773919371604767224859,1.0098178806151145281502,0.0098178806151145281502316,0.99027757301233949030370,True
0.027254901068921561252375,0.000018336726075356188242956,9.5092716497539396000000,348.90134532894154181207,151.52592900498021901892,0.00042580601414397795826119,4.2009736367228433771228e-15,0.00078044105267589285048799,0.00035463503853191489222680,1.8328558704011212121598,0.83285587040112121215978,0.54559663754747372219544,True
0.15323373321582417400000,9.0958137967834566764629e-6,6.1269276369617932000000,39.984196092985851262772,17.364915726521316212659,0.012255599697936506451482,8.1616445896012553855293e-11,1.0807708334324830515827,1.0685152337345465451312,88.185879114055434121673,87.185879114055434121673,0.011339683972607988878827,True
0.054420390905954484798133,0.011362082057762646293015,7.1906957133153244000000,132.13237894122778449674,57.384363054924662941345,0.0015137429374951694910831,1.0377815886575879083777e-12,0.0018313693263742619086037,0.00031762638887909241752059,1.2098284860735186722505,0.20982848607351867225052,0.82656344391880367170680,True
0.20111602838979285334446,0.084264179864018670803301,38.712765280758467604196,192.48970651770904933156,83.597217363817448104604,0.00012956234996213932569668,1.4384310405250935070411e-18,0.00014232239431223338633655,0.000012760044350094060639870,1.0984857433801007568441,0.098485743380100756844128,0.91034408596232233843125,True
0.13639557169260226589510,0.18277171772902168218718,5.2848815615956556800000,38.746723929617823809944,16.827488394461702524810,0.0032699868227361627562789,2.3722348863440507449759e-11,0.010353660322362402623138,0.0070836734996262398668587,3.1662697385731277314815,2.1662697385731277314815,0.31582906150334738361595,True
0.74001380741746712200000,3.5897904536744444656568e-8,8.7975497006809354000000,11.888358855604347451382,5.1630486498746258818386,0.016614742340935548264915,6.2622925015221459079519e-10,291.80991581017209959460,291.79330106783116404633,17563.312738904669215325,17562.312738904669215325,0.000056936866914912357423230,True
0.90535511868232751200000,1.2669341547770840254380e-7,5.2965888992781973000000,5.8502887872186130474116,2.5407481378295110263075,0.18715004081108818832995,8.5617090493328836491760e-9,7273.1948872160159630412,7273.0077371752048748528,38862.908368572991067180,38861.908368572991067180,0.000025731476155002936707071,True
0.52690919099036991400000,0.0040397982667452021287150,6.9335169252644758000000,13.158846047517885523273,5.7148142266514331737476,0.020423750758261743001040,1.7178229957036246678108e-8,0.031045236153575699616144,0.010621485395313956615105,1.5200555726042333888152,0.52005557260423338881523,0.65787068448211482028183,True
0.79194081997127978200000,0.000082005415308635263278566,5.7346865704579336000000,7.2413069586006508850698,3.1448596538878819073325,0.080529266714305155065620,7.2565746856133170718381e-8,5.1280448941966227949341,5.0475156274823176398685,63.679269704385386727326,62.679269704385386727326,0.015703697681242930658464,True
0.040724020154857683453397,2.7891328685574547328039e-7,13.233378799153939754317,324.95266304339608720859,141.12514843951367096573,0.00028138476466105995642242,1.1356188454753830932127e-14,0.0011514952715109191238279,0.00087011050684985916740547,4.0922445566587255432678,3.0922445566587255432678,0.24436467228549249696730,True
0.22839202544908220044730,1.4415976203207417255707e-6,10.777440485280378014902,47.188339715841367840482,20.493635548765968416768,0.0026076873366762291630471,4.4687816777235866177077e-11,0.079172644150945820840987,0.076564956814269591677940,30.361248849664490199569,29.361248849664490199569,0.032936721573989226496595,True
0.079735547443703303800000,0.0088815599399628924968551,31.628975360659957462216,396.67345838430923973377,172.27309409378470608000,0.000084690205165182357374003,9.4025015734613805466600e-19,0.000085806558648743498726306,1.1163534835611413523032e-6,1.0131816126951608098401,0.013181612695160809840116,0.98698988164609852253309,True
0.49532446568698632100000,1.4180366420769047309894e-6,10.138560246224446200705,20.468523056221038567130,8.8893666160262806256435,0.0067188683396433288064052,5.8480461782683650572023e-13,0.74770860174234963325645,0.74098973340270630445004,111.28490155561550294099,110.28490155561550294099,0.0089859449576836095036523,True
0.45728954019246463464745,0.58075377512150307144204,5.3434777533939206200000,11.685108194569573011699,5.0747780093440350625536,0.011188013546013077291433,1.8911839547051658706133e-10,0.031058861860413125862294,0.019870848314400048570861,2.7760836839066178054944,1.7760836839066178054944,0.36021968854799050972007,True
0.28093682336916512966459,0.0038125238325846802105217,5.7078711349300741600000,20.317276555197764609409,8.8236810952246982147792,0.020017841954973785557688,8.0840724412996306805405e-10,0.034517366199477332265067,0.014499524244503546707378,1.7243300390280523930433,0.72433003902805239304334,0.57993538207086318973674,True
0.78881963888280467696017,1.2320587034853526678381e-8,6.0265931529018556000000,7.6400140866640232304300,3.3180159595012976772912,0.098955778460826372510922,4.0780590544586084678532e-11,23583.608437335741447198,23583.509481557280620825,238324.72245844425695891,238323.72245844425695891,4.1959557937778195074916e-6,True
0.027546794213089110249457,5.1872566580960334503771e-7,8.7263361445124170000000,316.78227517182449038670,137.57679407188087189201,0.00058443666695946671206639,1.3031857010487240166141e-15,0.030889957609958059268430,0.030305520942998592556364,52.854242993792885206175,51.854242993792885206175,0.018919956910884871521858,True
0.17502204749593175470000,0.00038588068800761189757132,4.6556195025215821000000,26.600188771244938115284,11.552315200936517246146,0.030739721661858117641597,3.5791313346912665194166e-9,0.22653732266531262246957,0.19579760100345450482797,7.3695307054910778738456,6.3695307054910778738456,0.13569385079770337319686,True
0.92284639488377958700000,0.000024238397925345684300105,6.3971162063815864000000,6.9319403985830376202691,3.0105034639868412928871,0.064251370055424979532576,1.0242454084956825136418e-8,10.636482071416434045714,10.572230701361009066182,165.54482904008296296941,164.54482904008296296941,0.0060406598369670154749686,True
0.80859020872112534800000,2.3884192400341016980853e-8,5.0712605577685223800000,6.2717313455839152715207,2.7237783153667509252286,0.21810548267135763676627,5.2040501968470903608604e-8,40548.476229321225699703,40548.258123838554342066,185912.22803151564820600,185911.22803151564820600,5.3788823391997703155724e-6,True
0.11989125992192110439136,0.081540925520031794553066,26.822097486180295716007,223.72020699130297240369,97.160451386576181761203,0.00014524996195482292001994,1.6125985208817242366588e-18,0.00018216352960947171946756,0.000036913567654648799447618,1.2541382259785377596769,0.25413822597853775967694,0.79736027439858382710137,True
0.22690052260072298185032,1.0834541248473521827082e-8,7.0229246881315546000000,30.951558011568798322893,13.442090850732714606034,0.013284253604035970182731,1.2402219043156726950958e-10,688.88474498004912442476,688.87146072644508845458,51857.241325982729257323,51856.241325982729257323,0.000019283709939636850399940,True
0.36038349068900676400000,0.000028183676139769459110798,4.3487335517807186200000,12.066961068240115059261,5.2406146052780509921248,0.11153789146360015412267,1.0475183211820187542703e-15,16.933323389666477071028,16.821785498202876916905,151.81677874189135464180,150.81677874189135464180,0.0065868872221306482732805,True
0.18319319422568909020000,0.0037894090253167121436804,14.952232404945788246362,81.620021246668366451956,35.447124840254244551347,0.00096042185499456979693813,4.4449615960022669637465e-14,0.00097840356415378368139703,0.000017981709159213884458901,1.0187227196733414116535,0.018722719673341411653526,0.98162137811224535530617,True
0.022981979457976494014796,0.00079063030951491669826259,11.055483350437700793627,481.05009277608624820964,208.91740081170160186919,0.00023889467259202677457740,9.8776797776058675577747e-14,0.00024619527063606396717085,7.3005980440371925934485e-6,1.0305599030937990602546,0.030559903093799060254591,0.97034631077528195653831,True
0.25579672216437810340000,0.49080679623789478070055,12.584906284944735534349,49.198856726778229691905,21.366791992388467322953,0.00077027917985219270520809,8.5518168086128636618169e-18,0.0020083829696151821150690,0.0012381037897629894098609,2.6073442229096294816752,1.6073442229096294816752,0.38353202128565284859119,True
0.011269587318857293512144,0.00062637817833612082611797,12.642714229617223601296,1121.8435841445844126312,487.21047815255938416165,0.000085688102905469509238044,5.0810667611955654847665e-18,0.000087865801655201984807467,2.1776987497324755694229e-6,1.0254142486050239315299,0.025414248605023931529937,0.97521562759675171482694,True
0.039155124457965206800000,0.024306541051013867347804,5.8774094306136995120662,150.10575274568118885336,65.190100119383232413017,0.0012560772384314430096903,8.3739681144911896682286e-11,0.0023996978325158945504210,0.0011436205940844515407307,1.9104699608382168936286,0.91046996083821689362862,0.52343141766084138955040,True
0.096934696042719785564351,0.88579861844485771604479,25.432168366464769517823,262.36393577029053087346,113.94320955545636581916,0.000016317462825395415615129,1.8116022932219050355371e-19,0.00016474450247797569388409,0.00014842703965258027826896,10.096208230459596312650,9.0962082304595963126501,0.099047085517022693649182,True
0.15333260073356323000000,0.0016232295165688495720625,5.1177892829124680200000,33.377046097361515274381,14.495466942314572634499,0.016233348336784456703956,4.1990338764723273883837e-16,0.037283478127571498169071,0.021050129790787041465116,2.2967213759029522058687,1.2967213759029522058687,0.43540327115510546239770,True
0.019358260858971941419329,0.0083275813037303498605320,25.888273674204626364337,1337.3243527817340374632,580.79258692794475589260,0.000028434088004781556951084,3.1568179187126461116908e-19,0.000031690273383184995636787,3.2561853784034386857026e-6,1.1145169621004151534438,0.11451696210041515344379,0.89724969112664122431555,True
0.034108156017256634247227,3.3792429125900677842597e-8,6.6341983351048505800000,194.50474929657156669626,84.472339323476433926661,0.0023330296383639029432579,6.9205897202120112968485e-11,7.8523441008258557123873,7.8500110711874918094440,3365.7283952605565841274,3364.7283952605565841274,0.00029711250658494842100374,True
0.40444815972054740768352,1.9455679231889629035930e-6,5.2462082704759826800000,12.971274919635779977196,5.6333531208478655523530,0.072149722882000519948392,6.5859627698187571782588e-12,100.56454231107429228239,100.49239258819229176244,1393.8313037673846842987,1392.8313037673846842987,0.00071744693729944319418071,True
0.088939234075524978135256,0.000050874920045459082523205,4.8611748641795357502354,54.657260259870771589686,23.737346526811772098744,0.015233397828934595676953,1.3531651895005973505608e-13,0.31278330530484157209661,0.29754990747590697641965,20.532733984714507757846,19.532733984714507757846,0.048702720287733969238093,True
0.055552489863274256348541,1.1260653291844234477558,22.998317911690139268042,413.99256753916126767694,179.79468763121703318479,5.1761782249113770617919e-6,5.7467122448599830466180e-20,0.00011681082373051616005919,0.00011163464550560478299740,22.567001879560689599769,21.567001879560689599769,0.044312488000708534386795,True
0.076585265932051290552307,0.046000754870156752342275,9.9125662834290581668250,129.43176683911732688997,56.211502121216949933336,0.00078666607067342907686889,8.0357668604038731692878e-12,0.0010548322967745039390329,0.00026816622610107486216398,1.3408895287316890907929,0.34088952873168909079291,0.74577359176327730907998,True
0.050333797278179798045036,2.8377185291383346641853e-7,15.619752662453477895081,310.32335144769210756549,134.77171913945617686090,0.00024000083025006099507455,4.8390765126165464977067e-11,0.00034422587902951223276207,0.00010422504877945123768751,1.4342695342797663067038,0.43426953427976630670383,0.69721902062303835398670,True
0.026304737046505230125131,2.6275773513121582221816e-7,6.5926234441476001600000,250.62495141054742799948,108.84503342487135858547,0.0016840378565456725379337,3.4584222257437832108369e-11,0.63196652051069174830493,0.63028248265414607576700,375.26859509381360463508,374.26859509381360463508,0.0026647580241826775946204,True
0.068141528571615834844574,0.00095102463142294001336191,5.8672625162638119331765,86.104063692926957579139,37.394519731284309311567,0.0044160128240112557835377,9.4988848849418445664310e-10,0.0075198344345148160271193,0.0031038216105035602435816,1.7028561134666779779511,0.70285611346667797795106,0.58724867714407058348797,True
0.22783129938687106000000,3.8920207285080445156299e-7,5.9422186077517240429225,26.081660525762460708968,11.327121245212502540955,0.024938811949537911269346,1.8864766918622850317866e-9,68.881935906696949063153,68.856997094747411151884,2762.0375840707702799930,2761.0375840707702799930,0.00036205155417406424044488,True
0.74596504062183968800000,0.00013274106664045557369729,4.1649681431185750000000,5.5833288643749840086013,2.4248089164492050705228,0.25133852387338141905033,3.8661123787370526220614e-9,19.584565137480681594606,19.333226613607300175556,77.921063733735207702027,76.921063733735207702027,0.012833500366693007549197,True
0.13577214823597285840000,0.020833131233800454840756,5.6427797884594397001056,41.560657776823656701110,18.049564336743983910830,0.0074649236458471798335764,8.3068540206373771145005e-17,0.010077229508075694821738,0.0026123058622285149881612,1.3499440833104528583428,0.34994408331045285834283,0.74077142332274320895021,True
0.095906998741366711247826,2.7736894362408929120055e-7,5.9270940644681956000000,61.800433151409991175493,26.839587096888150729418,0.010348909499618692350806,9.3036457360969600830803e-15,17.442906410208231520883,17.432557500708612828532,1685.4825535821836021609,1684.4825535821836021609,0.00059330189913546341122668,True
0.19750343155006271050000,6.6449372579541772184188e-8,6.5950955221790682557103,33.392308530636131154078,14.502095332866154889196,0.014455017710661802136725,2.5914576629589240971945e-9,140.14330524979658232888,140.12885023208592052675,9695.1320333858188841584,9694.1320333858188841584,0.00010314454682581266977952,True
0.072406367964093771123808,0.052492929395873798948603,31.355049543018339585659,433.04270638968205275057,188.06805781348896685179,0.000062237142340657824304903,6.9097108413471522337252e-19,0.000079344644886984017643388,0.000017107502546326193338484,1.2748760933252285497441,0.27487609332522854974414,0.78438995384384699798233,True
0.010177712566668830886184,0.17221022791186255499068,6.2488195871667247000000,613.97092384305422355696,266.64418427408011856042,0.000015390630884625624208767,1.7087032771618408443273e-19,0.00046788994519560437453337,0.00045249931431097875032461,30.400959434547946263473,29.400959434547946263473,0.032893698705560925972402,True
0.29410997745912710500000,1.8869000791236298085067e-8,10.769565737526039720780,36.617478368351859362861,15.902768796586901847568,0.0034213185664276114557780,6.2716993434499370279687e-14,9.7864001865264446605378,9.7829788679600170490820,2860.4177005197642514665,2859.4177005197642514665,0.00034959929097708030061906,True
0.18529930984970931111328,2.5004398885224463937177e-6,33.081560185549196960001,178.53040150220016463628,77.534768224377552306980,0.00018061530105409151482851,2.2759264241264926609519e-17,0.00018161671845735414005931,1.0014174032626252307929e-6,1.0055444771147197327691,0.0055444771147197327690730,0.99448609460754148320389,True
0.18319651583923930079133,0.010175108985522033283300,9.4301017649900128000000,51.475333588031900233361,22.355453331411371065633,0.0027884926954154737545951,3.0981446684642443486547e-17,0.0029043972337390583293782,0.00011590453832358457478315,1.0415653010367005042846,0.041565301036700504284650,0.96009342765611590496393,True
0.97218566284139605900000,8.7168842544780891702342e-8,4.6349052432393279567254,4.7675103844804116314791,2.0705034523962932922872,0.36430130032148053287522,1.3870014090831934915734e-7,27607.821953171104829769,27607.457651870783349236,75782.935522899221976476,75781.935522899221976476,0.000013195582793145185310363,True
0.43418774241269054200000,1.4951920082627073982646e-6,14.331252407253979381684,33.007040520347729990788,14.334775561944057011236,0.0025050551150091076634936,4.9697605825939484961381e-10,0.0081690788024328806030559,0.0056640236874237729395623,3.2610375530213354888134,2.2610375530213354888134,0.30665086916079971122351,True
0.89722420401589816600000,0.00020626612951061608572433,16.261524004649201742691,18.124259167178083909364,7.8712657448898684035678,0.0039171751786065784727618,7.7067192731697205760742e-17,0.0040040668106611677854929,0.000086891632054589312731070,1.0221822175656434370160,0.022182217565643437015987,0.97829915529300535989488,True
0.78055468436665358200000,0.69085753717667624901435,9.5142316962365554000000,12.189064887819430595654,5.2936436203406579695362,0.0072774385870152592052660,5.8531677100081185259552e-13,0.011734580931020612776859,0.0044571423440053535715930,1.6124603170074141243864,0.61246031700741412438641,0.62017030090756768698098,True
0.013321058979645448605660,0.00071483440435207311673262,27.150796909248120637672,2038.1860744505736249125,885.17296522593452942424,0.000019542336863797730910322,2.4393768482048918090664e-16,0.000019728623081024203298691,1.8628621722647238836959e-7,1.0095324432551138991045,0.0095324432551138991045291,0.99055756620918719399381,True
0.94604142600932877100000,0.82796190046107470775247,4.3875165447546349000000,4.6377636582601090714604,2.0141551651538039327307,0.046454032912275736924282,2.8002665610027797422818e-9,0.11156600658293243448008,0.065111973670656697555795,2.4016430778704359997583,1.4016430778704359997583,0.41638160524948248217722,True
0.051240395466430467757800,0.00013075923449371202382306,7.0695651806235637270905,137.96859130907966550437,59.918997881498246176251,0.0019606082075736827943034,5.3604853038950284642927e-11,0.0047362300419629740639570,0.0027756218343892912696537,2.4156942848995897406305,1.4156942848995897406305,0.41395966627522397663793,True
0.14259301937999939800000,3.8251929068928481447594e-8,8.9775254702520577377081,62.959081091674234236100,27.342781503813480041930,0.0029089952665246286105345,9.1784271141532261109211e-11,8.3082096425150836512297,8.3053006472485590226192,2856.0409630507534999731,2855.0409630507534999731,0.00035013503410393117024632,True
0.74849191500714473800000,0.15839281274031460344746,27.475214627890288479960,36.707430069739662464435,15.941834324137433813976,0.0010456390910565760861565,1.1608925943391313522008e-17,0.0010812170791080247654916,0.000035577988051448679335166,1.0340251128288428455668,0.034025112828842845566758,0.96709450050419147099993,True
0.84341405373515858800000,0.00043610757563197492265803,26.768776705748779672106,31.738594569535681311753,13.783896484913860678280,0.0012766479493318897469431,2.1133263982351730814064e-13,0.0012868608373080677273322,0.000010212887976177980389112,1.0079997684416621729640,0.0079997684416621729640244,0.99206371996093850462402,True
0.29060773730219256400000,0.0012368743210986956439289,4.4541917647411071400000,15.327161644389918166010,6.6565017253977128395393,0.055224887499342221783339,1.2087508944312891240157e-9,0.27199461505736961449788,0.21676972755802739271454,4.9252180923068302433628,3.9252180923068302433628,0.20303669426578200786948,True
0.027674884037866757748813,0.0019119638103629264245292,6.2946455320307867800000,227.44975275842175498439,98.780172533241499337896,0.0012467551929599342568176,7.5812125659028303351871e-16,0.0016113952280683360236649,0.00036464003510840176684731,1.2924712382730936372111,0.29247123827309363721110,0.77371160795510428436403,True
0.45021855317461539760000,4.8918989059178082303282e-6,10.462435809805171098788,23.238570991869717073580,10.092383149085995716494,0.0055544929141061455541853,4.2903859519298831369656e-15,0.12960924817623905687836,0.12405475526213291132417,23.334127917795061379944,22.334127917795061379944,0.042855683465992336582814,True
0.77987513299766924769892,1.5507662784357044961869e-7,5.5931263372689041800000,7.1718228990968736564716,3.1146831102651542545594,0.12416499677091460920725,7.9152134006216809721539e-11,3077.7598560850897403729,3077.6356910883188257637,24787.661064926218797959,24786.661064926218797959,0.000040342652635950770347723,True
0.021447537764837821570000,0.00081398491764019732730825,12.691391066160033683532,591.74116886120803327858,256.98992435140299611606,0.00016194199997211738489038,1.2782235996912376893021e-13,0.00016577889181696676129202,3.8368918448493764016321e-6,1.0236930002439762335171,0.023693000243976233517105,0.97685536558486822437355,True
0.37560300522843522700000,0.00025242365454970432824298,6.6240465528904333000000,17.635765584095375343119,7.6591156773119003850011,0.019364039687773931492899,5.0194697232431282206031e-16,0.14684576786423905148020,0.12748172817646511998730,7.5834263011222054536624,6.5834263011222054536624,0.13186651525208581211222,True
0.14634855521898072220000,5.8393005224320497374653e-6,8.4179582320964130096102,57.519927132185608701861,24.980586952985346635350,0.0034622494797423843144617,1.4122818316752237315350e-10,0.11100201924898000847806,0.10753976976923762416360,32.060664576152767177730,31.060664576152767177730,0.031190869347849262091315,True
0.085104926856289485100000,0.00024689862553082631157246,20.286903014327156632592,238.37518888400171903674,103.52502915496732079833,0.00023099789634957457133397,1.5020278146081759348130e-10,0.00023387599383325546237201,2.8780974836808910380420e-6,1.0124594099304064576958,0.012459409930406457695813,0.98769391660722193136512,True
0.19498148143846637075033,0.000023162930666582076990038,6.9689143952118334000000,35.741416794041194572945,15.522300089056304531735,0.0089628818233638734155312,1.9884164345856795969130e-9,0.26156521127843891820494,0.25260232945507504478941,29.183159661506109564926,28.183159661506109564926,0.034266337559021912339679,True
0.066126707082947948298005,0.0081392144294695812960545,7.8912805938324082000000,119.33575618598022831807,51.826860405323062612773,0.0015348011560485866294415,6.3665094090186976480531e-16,0.0017060625894320521233545,0.00017126143338346549391304,1.1115854211527867355896,0.11158542115278673558962,0.89961597279940451129009,True
0.54535068922747545100000,1.0406294352144833593516e-7,5.2543572744495868000000,9.6348228364627611756268,4.1843503919912140767256,0.11503647617865798766829,4.6922539530303859859618e-9,3382.7612801890615946956,3382.6462437128829367079,29405.988366120037333266,29404.988366120037333266,0.000034006678760444080390900,True
0.16753049380737194725067,0.48295042208767261447839,6.6652021468488326699847,39.785008659453612168484,17.278409723273794025055,0.0012683510381543238499117,1.4081525258661508126772e-17,0.0062026807864017183046974,0.0049343297482473944547857,4.8903502262494467484845,3.8903502262494467484845,0.20448433215118201806859,True
0.035288315516832622563650,0.000063815888641603726318869,8.0415849039754888000000,227.88236803594750534182,98.968054961057976593608,0.00089334229337056037833137,1.0614220669774577761468e-11,0.0017815807358076043716083,0.00088823844243704399327697,1.9942867913325141360020,0.99428679133251413600197,0.50143239394963562227317,True
0.52401604925924713900000,0.000025641422961778749966317,13.793203476606278431118,26.322101195382183807402,11.431543301253471125629,0.0032923681712705163458341,1.7722960219426906793297e-9,0.0042038514851007506852731,0.00091148331383023433943894,1.2768473227824017295561,0.27684732278240172955611,0.78317899263075667993897,True
0.39011442117283491087988,0.0074356165481296408346556,6.5861700099509356000000,16.882662245990189056096,7.3320470532698990165162,0.016936464655954545767728,1.4646617949091593930719e-9,0.022063540985716124399963,0.0051270763297615786322351,1.3027241182804342826612,0.30272411828043428266117,0.76762223556586706949592,True
0.45122322084004003123502,0.0031111650497840063310593,4.4457398850792951929172,9.8526398459784124339924,4.2789471172885295132930,0.081196047408094842860565,1.3142443264272207104451e-13,0.29053124581293030397624,0.20933519840483546111568,3.5781451817809271956930,2.5781451817809271956930,0.27947440620681479153569,True
0.43177802725445355100000,0.0022506066586450300325380,5.3661946999150678000000,12.428132885865183813283,5.3974695326915859836082,0.041745648478013700247951,3.5634078183897122601515e-11,0.12538147096402903962052,0.083635822486015339372567,3.0034620501838426716443,2.0034620501838426716443,0.33294910449718841864763,True
0.19653041185556251870000,0.00083222802825832869857440,9.1893378240410431287225,46.757841380776365384034,20.306672497378700665733,0.0033092143106252667751277,8.7065458409017949234315e-10,0.0039155788136057882338855,0.00060636450298052145875782,1.1832351869848981114499,0.18323518698489811144986,0.84514051897677652306565,True
0.064019809690106368119992,0.025585025396585708129387,21.454023167621223406318,335.11538493274733464523,145.53876247717630751840,0.00014086827735823084980338,1.5639520496239051098995e-18,0.00015608598647872334677393,0.000015217709120492496970555,1.1080279350743642444520,0.10802793507436424445201,0.90250432172803111502782,True
0.35640853359153411700000,0.000049711437362018002933441,6.9757668738992748400000,19.572390154647443057406,8.5001810418209181992795,0.016213883156379616632140,1.8168932584289034164368e-16,0.40601391618108653301617,0.38980003302470691638403,25.041127548852092178670,24.041127548852092178670,0.039934303998457166115078,True
0.28654729008930545500000,0.000018681881987599653583595,5.0231877654775708000000,17.530048055635221265640,7.6132031380612054899461,0.051537584341561140838132,7.1441835230943308296873e-13,6.9495361406762006329025,6.8979985563346394920644,134.84404109084190137222,133.84404109084190137222,0.0074159747209468363219762,True
0.91303631116756399375710,0.78226240506852134847192,9.0131994903846346000000,9.8716769312918344474396,4.2872148183916701310595,0.0097243403038484088798517,5.5327678744999873221160e-12,0.015620915459693079966055,0.0058965751558446710862029,1.6063727689076348693637,0.60637276890763486936368,0.62252051289441348124427,True
0.13703464480041096850000,2.0022655737463818579239,4.2089005481471274799035,30.714134766995104715370,13.338979245738793294914,0.00052894119992323090181534,5.8724269882762904597445e-18,0.015860647509192793761099,0.015331706309269562859283,29.985653436515751342300,28.985653436515751342300,0.033349281586181007686652,True
0.054252145189063907495933,0.0018783119486201456828316,25.462378642293161828136,469.33404298685395278246,203.82918503853425935323,0.000091114451501600265333526,4.0213209659507736396675e-14,0.000091973193191006951870404,8.5874168940668653687790e-7,1.0094248681219532364430,0.0094248681219532364429509,0.99066313064043259234792,True
0.013402007599641902618946,0.00012640586274874475779583,12.465353677630086264960,930.11092442323018463932,403.94204203494136978503,0.00010568541668744782503148,7.9723365649268806443873e-11,0.00010842887425028105828391,2.7434575628332332524275e-6,1.0259587145400267090899,0.025958714540026709089863,0.97469809050584953443648,True
0.14118965347982765564985,1.2995996398815275093471,5.2737706153920226440994,37.352387270682747744145,16.221935677570782516574,0.00055003010029295980691489,6.1065608158212798436430e-18,0.0092634002512068591361075,0.0087133701509138993291926,16.841624206153336263851,15.841624206153336263851,0.059376695962295324432399,True
0.54559846051156710100000,0.40104446253274110962192,6.9415986242385277000000,12.722907278238847865112,5.5254884247058522797220,0.011089846587758028920914,1.1544026846200309184973e-12,0.018318387884261527022937,0.0072285412965034981020225,1.6518161670949544756083,0.65181616709495447560831,0.60539424417833241064758,True
0.010543018425739725215545,0.000013750632117621963555793,7.8267971559889071919520,742.36777741757185896104,322.40622927523294250942,0.00029376215560121804580521,1.6353814113729933148556e-10,0.00076525473820023827461244,0.00047149258259902022880723,2.6050147155070278472783,1.6050147155070278472783,0.38387499081952966618110,True
0.91277746451188060600000,0.013375923303268042781098,19.077325802852567813299,20.900303244290119681382,9.0768863690998308443215,0.0028240650065123687810856,2.4724140900267768207095e-9,0.0028628660655032773630925,0.000038801058990908582006839,1.0137394354950868026122,0.013739435495086802612155,0.98644677812264767886059,True
0.70310325796866955900000,0.000029245191916918760408272,7.2772417838959720000000,10.350175029654389040118,4.4950239021117270095944,0.028386972056401516725964,1.5050724108920484323048e-8,1.8512106560694866061607,1.8228236840130850894347,65.213389169910497890976,64.213389169910497890976,0.015334274337353420055251,True
0.047619402196175101725623,3.8660484581706888254167e-8,7.3010623424409838441635,153.32116754349809358434,66.586537023105174278971,0.0021511684065951118257850,4.8622196456051325594790e-12,6.1657457563445329897053,6.1635945879379378778795,2866.2310851356028029674,2865.2310851356028029674,0.00034889022214086046308781,True
0.10897279059918349190211,3.7111658614014994365084e-8,7.1245364799207910000000,65.379040407671945183031,28.393756481181653589831,0.0056263279182475564106600,1.5186545832872013923892e-11,41.239649943482561168575,41.234023615564313612164,7329.7629542231795954554,7328.7629542231795954554,0.00013643006005041832276286,True
0.41309896623378032530000,2.2312962851176773392988e-6,5.5075785025736500143520,13.332346369167164032930,5.7901644589521541307514,0.059443199198040858845779,2.9156345965608911628734e-8,66.594818710753778288786,66.535375511555737429940,1120.3101382361100104803,1119.3101382361100104803,0.00089260997099826820490021,True
0.014871081215113295550748,2.7607585974839069358260e-7,4.3278073908908345500000,291.02170368705521764586,126.38912002537131790733,0.0052499467812120683682984,9.9715780001275455957054e-10,3.0116416468350775427025,3.0063917000538654743342,573.65184302683012900059,572.65184302683012900059,0.0017432176191112302351710,True
0.46174598446003292530000,1.8370583805349205922310e-8,11.948192467318376281461,25.876115590459604584197,11.237854214027311223953,0.0040899903067937675814086,2.9173073818841200030375e-11,6.8158068989745774978415,6.8117169086677837302601,1666.4604039899636997949,1665.4604039899636997949,0.00060007426375431751659932,True
0.10312390558969477006412,2.5354870204256423084778,5.8121492424299545600000,56.360833205397584413828,24.477198856573735922373,0.00012411037869956670634510,1.3779020002720654497818e-18,0.0050236298639592758967616,0.0048995194852597091904165,40.477113329256277365108,39.477113329256277365108,0.024705319074154784965187,True
0.014955597348247507716361,8.6548671457573672322519e-8,9.7099771221467209503686,649.25371391364271211316,281.96730530788754417840,0.00022918666609555629235926,3.4120554477065413995739e-16,0.018040365281875435442322,0.017811178615779879149963,78.714724504756957433847,77.714724504756957433847,0.012704103410024221336674,True
0.18731464147814794300000,0.0014317156130696929999968,39.900863200228490199130,213.01518602796092790258,92.511319853538098768930,0.00012404183688443145505171,1.3771410332589379242418e-18,0.00012453677203509317619016,4.9493515066172113844374e-7,1.0039900662799991207214,0.0039900662799991207214262,0.99602579107701415671435,True
0.077958942656854147888113,1.1182126245280218293566,7.6311894352966776797330,97.887287528850851271057,42.511908822256924343418,0.000093199401094432292053834,1.0347212097631374194681e-18,0.0019922118242329976868725,0.0018990124231385653948187,21.375800711577876248285,20.375800711577876248285,0.046781873273096397300390,True
0.98549208502249418200000,2.0837922700989314780351e-6,4.7162153028815150200000,4.7856450341494785821790,2.0783792306788177008531,0.28785062860558979868025,3.8018961711876006568880e-9,1072.0868507338423491723,1071.7990001052367593736,3724.4554786184107462923,3723.4554786184107462923,0.00026849562459287355197626,True
0.026089172120331812199495,0.0022632556274328501067424,6.4249783041143680000000,246.26991897175818227982,106.95366686819552783745,0.0010839638115972753396455,2.0494475482868496530161e-16,0.0013780466071343498623860,0.00029408279553707452274055,1.2713031490449193992952,0.27130314904491939929520,0.78659444897250596668129,True
0.40080958386247864000983,0.0075410558001088134873334,4.4538869994964202800000,11.112226800007329221090,4.8259787809006130066500,0.062291608785199618326258,6.4484263894164502675905e-9,0.13378269003620639145712,0.071491081251006773130858,2.1476839761440377828005,1.1476839761440377828005,0.46561785211779846931662,True
0.20344853801155276900000,7.7504439850941481268648e-7,8.5352658750294220000000,41.952947700930390988320,18.219933686089784057617,0.0047801708059495795339140,2.9100068233973286488436e-9,1.3774946996261442756345,1.3727145288201946961006,288.16851019458610245941,287.16851019458610245941,0.0034701917961985121260860,True
0.93610538086441249624368,0.87405893639957549068584,31.036175989897418984514,33.154574927491806648459,14.398848940857597198398,0.00073544974658618901089635,8.1651324211472371785334e-18,0.0010479030492200302834999,0.00031245330263384127260359,1.4248465705293762949267,0.42484657052937629492672,0.70182995185823260985686,True
0.016977914017859477447535,2.9124510441764620715341e-7,5.5110074672640364000000,324.59862038804500126923,140.97138966793631954940,0.0022778943388882802104757,1.3191627147811105866960e-11,0.85966239199696364401770,0.85738449765807536380722,377.39344504298623671401,376.39344504298623671401,0.0026497545549210506914558,True
0.023517795151585968760000,7.5717256866733988188352e-7,8.6757772899795484000000,368.90266430416119595007,160.21239146670491849358,0.00050447002222292452556410,2.6129334339717070045342e-13,0.016522396946674591282305,0.016017926924451666756741,32.751989650186526897841,31.751989650186526897841,0.030532496214143889978844,True
0.10960989846027799755052,4.0488097380240340358322e-6,26.885518208700195160062,245.28367041999727531271,106.52534456438069230319,0.00016441166081838610545766,1.3124231998504890948497e-14,0.00016571750165860908008688,1.3058408402229746292172e-6,1.0079425074457793132987,0.0079425074457793132986883,0.99212007888633809996090,True
0.95696860147127444800000,0.099408108928757678564746,7.4586692345074840000000,7.7940584707171007761550,3.3849165854637345378999,0.026039252853810231958893,3.4210036459623467398088e-13,0.028018041846823546389408,0.0019787889930133144305151,1.0759925411117840588016,0.075992541111784058801574,0.92937447221217377319120,True
0.51670180262230229800000,0.027445708414919303912651,5.0501931061437089355396,9.7739026272282806363953,4.2447519776649380188338,0.046346637301880593623654,3.1870152339309353322684e-15,0.065566071516293005982060,0.019219434214412412358406,1.4146888605795905527627,0.41468886057959055276271,0.70686921192714084334290,True
0.17104308650269887869870,6.5543839694243106910733e-6,9.2317705342270804000000,53.973362636211624030089,23.440333562669857509950,0.0030016263213985188803598,5.8706697574596329755344e-17,0.055406437538394328460839,0.052404811216995809580479,18.458805862476359133628,17.458805862476359133628,0.054174685375115810609643,True
0.082535115582136296100000,0.039778657894239445344833,9.6453483627237888471431,116.86357127742855043799,50.753204141294573669223,0.00097039904749806573218443,6.7373462084622713999860e-10,0.0012167590815890397639261,0.00024636003409097403174170,1.2538749751724844865281,0.25387497517248448652806,0.79752768003240422564275,True
0.19995623353867814155070,4.2589578428260785477614e-8,8.1582826801319284000000,40.800341833573530495833,17.719363318087388131991,0.0058742336965363031536422,1.9074138316280003921593e-9,36.995452215678517324497,36.989577981981981021343,6297.9197163185049965792,6296.9197163185049965792,0.00015878258933801672995573,True
0.40983645778253478734457,0.0096349727460347111312970,9.9427346123468291376461,24.260249237325268405269,10.536092373367937733138,0.0055244401698687653792165,1.0996142154306570865491e-9,0.0057230136965869205941256,0.00019857352671815521490910,1.0359445519568134601690,0.035944551956813460169013,0.96530262948058640927823,True
0.087356295390014403400000,0.0052494210116053482152563,20.688385716102370525856,236.82764503389455607446,102.85293940036246685426,0.00022691856950201964283170,9.3970136003649329139490e-12,0.00023018848254210529499800,3.2699130400856521663057e-6,1.0144100725086606407796,0.014410072508660640779596,0.98579462793283964246621,True
0.64503556571009506691202,0.0018368953998351698646135,13.906777054182546422965,21.559705841759447264985,9.3632612785334309819835,0.0039737704934842135071424,1.1630177701041692335715e-11,0.0040645142863789355257198,0.000090743792894722018577382,1.0228356904465203770434,0.022835690446520377043389,0.97767413607111087034513,True
0.72648179707602796700260,0.0014559441634042918456876,6.8344140414647778400000,9.4075502909669475406045,4.0856471795942764643369,0.031624228792200836774074,7.2175408390738439104011e-15,0.095078576813148395824168,0.063454348020947559050093,3.0065105283009039630668,2.0065105283009039630668,0.33261150778844566186227,True
0.98183406652554823436256,0.000011057569979041520473414,23.825512181435801618052,24.266332768171310606456,10.538734417244862082162,0.0018970556777895460823056,8.2265262227733881021201e-11,0.0019156213633910710472165,0.000018565685601524964910935,1.0097865791810379267321,0.0097865791810379267320644,0.99030826970489636902473,True
0.14478108583234232993963,0.000041937483341978338871548,4.5599242734390130600000,31.495303735457836682690,13.678236618176213140971,0.033523361286749031522641,1.1487799457568367989079e-8,1.4281296024269552901318,1.3946062411402062586092,42.601026496452793035985,41.601026496452793035985,0.023473612779806274450291,True
0.51586025387250717100000,2.6926158576576679197391e-8,16.980626720977452815602,32.917106122260289116249,14.295717549121391074569,0.0020507048844693658095363,1.0657668272158747177502e-10,0.028096136629408081284797,0.026045431744938715475261,13.700721562711912387137,12.700721562711912387137,0.072988856493632778852848,True
0.042096079165883379573554,0.000017642145902187167712211,36.748060803462448634563,872.95685326544107808703,379.12034431280776141648,0.000033025182851948079190499,3.6665318394688646722916e-19,0.000033176921616990921111534,1.5173876504284192103480e-7,1.0045946381500168197272,0.0045946381500168197272186,0.99542637599730977341758,True
0.022759654236519344089074,2.6917371291677457161849e-7,13.293707853370600273767,584.09094071560991600931,253.66747248246878678756,0.00015558390121691261201599,3.4740883941178035413043e-12,0.00042074131623864349109270,0.00026515741502173087907671,2.7042728260943438407596,1.7042728260943438407596,0.36978517490938728470701,True
0.23859219236440525840000,0.77482819684301125178280,6.3998377047952234000000,26.823332487848806023025,11.649225285728960111583,0.0017513471047683391847891,1.9443858798244163640610e-17,0.0096653162936729536952676,0.0079139691889046145104786,5.5187896604605064893675,4.5187896604605064893675,0.18119915081462927419886,True
0.16843382471325692505492,1.9100404199694119247607e-8,5.9320883101415316267740,35.219103527693238986373,15.295462319656523982419,0.021001887738526349289568,1.7794090366219907182841e-10,776.24846465670910446449,776.22746276897057811520,36960.890102880654023665,36959.890102880654023665,0.000027055625479161880454840,True
0.40367450139717861879988,5.7835860003612953080495e-7,8.7608249784388807249199,21.702695979350535969592,9.4253611062558275442911,0.0087785151924445683151265,1.5148691591434453168481e-10,5.6250186500915010773116,5.6162401348990565089965,640.77107879619587476467,639.77107879619587476467,0.0015606197487543921168762,True
0.72064593259343992000000,1.0595832121292460299350e-8,9.4593062080623922000000,13.126149444874422913589,5.7006142725463940855364,0.012631566824461975587764,2.4984739064749933417760e-10,446.66331796015631527563,446.65068639333185330004,35360.879942079658191777,35359.879942079658191777,0.000028279839235844185857979,True
0.41679785546192023647470,0.000013117836295529805405292,5.9768232395358391600000,14.339860825128208149350,6.2277224276137924152418,0.038294914416077097611790,1.5908479541655968352026e-15,6.5933307774143917640448,6.5550358629983146664330,172.17249021051102892308,171.17249021051102892308,0.0058081288060440133549900,True
0.24597468984232122760000,1.6684356733759080214819e-6,5.8487049040768096000000,23.777669596111873755986,10.326510698110109350766,0.026940716201028089337248,7.8635794275689408272303e-9,20.958198866023862919395,20.931258149822834830057,777.93770253309277139324,776.93770253309277139324,0.0012854499746494301037575,True
0.15927737310571589096399,0.39887436880530970749924,9.6152977707165676000000,60.368259365595408678801,26.217601924582387872234,0.00065510849275475102852138,7.2731653228380713618482e-18,0.0023398188963334870858652,0.0016847104035787360573438,3.5716509894330294043436,2.5716509894330294043436,0.27998256351434323117028,True
0.36699976000600489270000,0.0022605096098358741729164,28.604443288502237314429,77.941313335012012244791,33.849482293688054705996,0.00048374034106802489235499,1.7082875514640184685475e-14,0.00048720812440357902421073,3.4677833355541318557469e-6,1.0071686874985406326911,0.0071686874985406326910663,0.99288233680462686149975,True
0.94661228006997943600000,0.00035911497327386261143762,8.5505236420579828000000,9.0327622217470865624097,3.9228787892489168574149,0.020415189672884644139983,6.7720246281838057286535e-10,0.082842913293742216885856,0.062427723620857572745873,4.0579056389455823833091,3.0579056389455823833091,0.24643254155605323862154,True
0.065119288659145903627994,0.0021508848687353275919795,11.097759685152283948516,170.42200419665703338489,74.013336017500975011491,0.00067096998137504262120206,1.0811120266132339405771e-12,0.00069025515281412012059375,0.000019285171439077499391694,1.0287422268870445029355,0.028742226887044502935509,0.97206080771660558239391,True
0.031089272931017911009087,0.000011825423285936704668834,10.355403838859444770667,333.08607318789403383436,144.65744358432505927919,0.00038746534785084403316527,7.8861411449561647239811e-11,0.00066859319560486185313727,0.00028112784775401781997199,1.7255561027930653607169,0.72555610279306536071693,0.57952331910933147387559,True
0.097309245714231414310262,0.026654197844221145589781,8.4042057434735638000000,86.365953016985046265903,37.508256819592109762235,0.0017769668810663156788682,2.1869281146353242794390e-10,0.0020552389206045292467699,0.00027827203953821356790174,1.1565994518542906759677,0.15659945185429067596766,0.86460355691572712230037,True
0.23167080369547057537366,0.0027906997425108679106941,8.4941054818468798000000,36.664548775046827837009,15.923211214475468537235,0.0047726406310505476667442,7.2794247380794546523350e-16,0.0053572515050228864373877,0.00058461087397233877064351,1.1224921210637338430121,0.12249212106373384301207,0.89087485001885471779226,True
0.41192680085371158400000,1.6831767539233359326533e-7,8.8397578995302302000000,21.459535726274609865679,9.3197579501267546203947,0.0088302708254860461068141,1.2885001238418141250723e-9,18.397203629704678561592,18.388373358879192515485,2083.4246189376686684710,2082.4246189376686684710,0.00047997896871829070395856,True
0.71353714021150997800000,0.053079510364048021160764,8.1466361837037970000000,11.417255983744494978997,4.9584512722171172175886,0.015669238522435097133262,1.7573723053939019691022e-9,0.016540546620521424840139,0.00087130809808632770687656,1.0556062821329061629897,0.055606282132906162989683,0.94732289578596402177229,True
0.28490867079033837499399,0.000093421968120327390859300,4.0482907847662219480000,14.209082417661206448614,6.1709260868987785514326,0.10005731890066514571425,1.4674680441260958850027e-8,4.7572842763507468114949,4.6572269574500816657806,47.545590153916487422216,46.545590153916487422216,0.021032444791678049967688,True
0.058636931495302259930828,2.0943966719924840143765e-7,4.7901350298991056400000,81.691434182275905137809,35.478139084125110849213,0.015562337676767302981114,1.2085571416096567634916e-11,34.443433012640834206166,34.427870674964066903185,2213.2557285439663716296,2212.2557285439663716296,0.00045182307091908876943551,True
0.035931860936763948143745,2.1900745671526023816537e-7,5.3589500228110142800000,149.14201166040818935885,64.771552684065717457581,0.0057741077970844146808028,2.4396926492002316674236e-9,6.1476595910343419705042,6.1418854832372575558234,1064.6942882047593580825,1063.6942882047593580825,0.00093923674718510604666538,True
0.77614781387978835100000,1.7770078023219560796460e-6,5.7397575986509096000000,7.3951861952160276614384,3.2116885572294248627553,0.097664303037392882716721,9.0587755270684270766408e-8,223.07783984526348148428,222.98017554222608860156,2284.1287236735137915238,2283.1287236735137915238,0.00043780369715403870957173,True
0.49489731606107851840000,0.000026205705634396447753694,8.0787466080281674000000,16.324086524306622792155,7.0894606996175996181969,0.013431538573505581317133,1.0396246242395132647368e-13,0.41573193716460991554315,0.40230039859110433422601,30.951922215721667342415,29.951922215721667342415,0.032308171138142162974431,True
0.79659964798386018135887,7.3146342439728640147215e-8,9.3687777851131846000000,11.760961492796196145870,5.1077206781980192072475,0.014186698301598458787280,1.7518247515819516304185e-10,87.479818097396917761408,87.465631399095319302621,6166.3268110480856905969,6165.3268110480856905969,0.00016217109969071373156523,True
0.19606721029698178853652,0.00012138012761313909323288,8.7613101612949186000000,44.685239046468893940999,19.406552740409167014501,0.0038900896859338858879657,2.3588237663353461418300e-11,0.010168222051297594270102,0.0062781323653637083821368,2.6138785663643459068782,1.6138785663643459068782,0.38257324302211329461729,True
0.80734839001743613600000,1.2068377209293680154083,7.3725551073353428000000,9.1318137231637004366804,3.9658963097383843944049,0.0088976033138286148506462,2.6668565716314223239382e-15,0.022483217135135809565816,0.013585613821307194715170,2.5268846387197881844143,1.5268846387197881844143,0.39574422380700229800262,True
0.096941325363660182800000,0.77180297535190770609462,13.852946312132890743052,142.90031893174283143083,62.060819974270701648749,0.000063081100764422567637369,7.0034090487361503170830e-19,0.00061320887895773829287908,0.00055012777819331572524172,9.7209603435389812030858,8.7209603435389812030858,0.10287049475154460435975,True
0.20241597886467650650000,7.0668322253400215038122e-7,7.5769419849659596000000,37.432528931085327930036,16.256740758454187430696,0.0075089340832894397786157,8.3932852929173451466482e-17,4.4426793311302740390444,4.4351703970469845992658,591.65246116850567666201,590.65246116850567666201,0.0016901814251309179212165,True
0.77446247144423708098741,0.00010276207289033491453366,6.6965279044769889770759,8.6466783755049298125444,3.7552047052739646516667,0.041435999334934891474581,1.4674271666152462843599e-15,1.2737142375598350049473,1.2322782382249001134727,30.739315040145788640769,29.739315040145788640769,0.032531629240729407547364,True
0.048451014598926759347623,1.7435429578125707548355e-8,9.7913550345850149491946,202.08771922811093629433,87.765581321182261427009,0.00073928695786411361132838,5.5097890483968620818465e-17,0.84840747569629945661553,0.84766818873843534300420,1147.6023845293413119837,1146.6023845293413119837,0.00087138194681437812091053,True
0.15529785344477377664965,0.27077033815854521615620,8.0620782432220399261637,51.913648929404131763295,22.545811265502871318919,0.0012548872455132253870921,1.3932047132772244024648e-17,0.0035400480237735458789923,0.0022851607782603204919003,2.8210088487477873126391,1.8210088487477873126391,0.35448311353007214146725,True
0.079079476879266754215804,0.000066267472719008708851335,12.627193775388322154286,159.67725475304642440327,69.346950624707852245130,0.00060676126329470202035123,2.0464226528278205067947e-12,0.00064495632053863387601015,0.000038195057243931855658921,1.0629490700123693254740,0.062949070012369325473971,0.94077884652400439114954,True
0.66909909684108565900000,0.61613980750606261394314,6.7254696357687850000000,10.051529986396196352705,4.3653240077769359862748,0.012729398583622925080196,5.9617454933582064204791e-10,0.024089876824408222103788,0.011360478240785297023592,1.8924599356485843920884,0.89245993564858439208840,0.52841277173843034287026,True
0.013333416826812360138938,0.45666241752103735264605,6.2121399226127229666600,465.90757667761809030974,202.34108962800572299785,0.000010085803643016780560884,1.1197491426325513345883e-19,0.00059722012115451865625352,0.00058713431751150187569264,59.213934981574081911002,58.213934981574081911002,0.016887916675545635826388,True
0.25816262091898152364556,0.000033786636460655071253678,4.4188719595164402385697,17.116621855583046864264,7.4336544207043162645827,0.072073251511466899049466,5.8340223989946647812953e-8,6.6555785354194033388236,6.5835052839079364397742,92.344640984602958601001,91.344640984602958601001,0.010828998730600236366339,True
0.12476441160687634825485,0.80582033373768401496771,8.4720493462231468000000,67.904374629826031833082,29.490495198824614105135,0.00026718429413303653664161,2.9663415516471729954259e-18,0.0024776818669932793476511,0.0022104975728602428110095,9.2733065580553576998484,8.2733065580553576998484,0.10783640050498915307272,True
0.045568904961537112164915,2.3964836516750344237163e-6,5.1258399434929631200000,112.48547551931474649162,48.851821312301714650251,0.0076721451329087816400118,3.5469218816578156222032e-13,1.2070519955472177681860,1.1993798504143089865460,157.32913997803658002219,156.32913997803658002219,0.0063561016105446310142803,True
0.46399193242438858570000,0.027241977741494700293286,10.571090605004602225123,22.782918982599446276535,9.8944959957917877618156,0.0053414957735395904360661,9.8862134620185217908910e-10,0.0054969703823418917015009,0.00015547460880230126543480,1.0291069422112964831872,0.029106942211296483187248,0.97171630953265861959374,True
0.68899760059895255800000,3.9360984511252847561175e-7,24.184421395357764193699,35.100878978873080169298,15.244118050478427406825,0.0012900661851314320136920,1.6607991921616126229488e-11,0.0013039059816067048086059,0.000013839796475272794913894,1.0107279739867476610822,0.010727973986747661082195,0.98938589386773189003081,True
0.015475203648705752208122,0.67825308169469674895196,7.0369640954860654000000,454.72513675608995324325,197.48461767587142068694,7.1293153977445714653288e-6,7.9151301043906783938272e-20,0.00049080740136957181862671,0.00048367808597182724716138,68.843552850087616007693,67.843552850087616007693,0.014525688442860881738611,True
0.21897460719577426600000,0.00010424529774522796667621,4.3136690699571904600000,19.699403164589555650233,8.5553420911687005611905,0.059245103563138479456811,4.4087190561905026496664e-14,1.8105703303185765521586,1.7513252267554380727018,30.560674577756827248089,29.560674577756827248089,0.032721790792139007472743,True
0.21588933029290145753610,0.41450431519914561283662,4.6719347256047936200000,21.640415111141826658411,9.3983128688646414262743,0.0048895655297219166572812,6.8293632846279616351211e-15,0.022218972728780423780091,0.017329407199058507122809,4.5441609471678517919631,3.5441609471678517919631,0.22006262798047458629096,True
0.016086924144988101639697,0.0042309729693936435027615,6.8022957817625484400000,422.84626448504830798452,183.63979935925944838764,0.00049336180444638658477136,6.1224991290029615013115e-14,0.00065922765423806762161403,0.00016586584979168103684267,1.3361951579891823738572,0.33619515798918237385724,0.74839367140417061962206,True
0.29448586113410282050000,0.0072066440515274798581967,38.734554958320430708486,131.53281726038965560237,57.123976725376024924148,0.00020721933517976833958143,2.3005967706409652937814e-18,0.00020815471587153597656302,9.3538069176763698158891e-7,1.0045139643506537124315,0.0045139643506537124315263,0.99550631996084627167680,True
0.093309257103265042300000,8.8578184561228059760229e-7,8.9798932669818512134168,96.237967654632952577204,41.795618301990725558492,0.0018179980157333380933337,8.6030080158347946322736e-10,0.15494500926146467288248,0.15312701124573133478915,85.228370944598342609320,84.228370944598342609320,0.011733182142482081901580,True
0.88712670651243596200000,1.0104793586072706748803,9.4620568522938434606011,10.665958743922903196882,4.6321670266934558770029,0.0071440710228345426504693,1.7302152855968524758117e-15,0.013485050951318443476464,0.0063409799284839008259945,1.8875863507258357936772,0.88758635072583579367716,0.52977708787493023932406,True
0.72865940494280571100000,0.0054014945964349100234408,6.6382663537570207600000,9.1102458964048845244234,3.9565295215903853466783,0.032679358332145742053312,3.6213844618115995501244e-16,0.053809374214654681775516,0.021130015882508939722204,1.6465860090564860528425,0.64658600905648605284252,0.60731719721887607069162,True
0.13745376856001053000000,0.000031823076516582086118046,9.6703857966568804000000,70.353733462279832418344,30.554238223960291228776,0.0020684181912044108052284,4.0147984145462515719643e-10,0.0063495438665983411306984,0.0042811256753939303254701,3.0697582788619215779561,2.0697582788619215779561,0.32575854811954079146948,True
0.20573064262271282638706,3.0311537431994646249488e-7,5.1138602246087672200000,24.857066304833449193371,10.795286732492421178761,0.043812008280234898475928,1.1348319191297711847379e-12,196.31825455333163332668,196.27444254505139842821,4480.9234330830148204633,4479.9234330830148204633,0.00022316828549600296748620,True
0.21615629251518697330000,0.000058602162852149498780875,9.4063229155627414000000,43.516303902658121574303,18.898890657749364462245,0.0035139569209417552459532,3.8873920561220497680531e-12,0.011212194616547520642106,0.0076982376956057653961529,3.1907604073707896481226,2.1907604073707896481226,0.31340491679975666100833,True
0.081814282524842958100000,0.000015348652449278448654952,23.215065744182974634560,283.75321554807628350171,123.23245573483353063747,0.00016695238425387306259369,6.5765778327128527776256e-13,0.00016864173880752383614174,1.6893545536507735480448e-6,1.0101187806403644270043,0.010118780640364427004299,0.98998258340078616322362,True
0.035040658351527695381901,0.00061263591121394676160298,7.0725903961122202000000,201.83954094583587826374,87.657798862661976113322,0.0012235989404455596613277,1.3599707014239725119908e-17,0.0015794453029416559707120,0.00035584636249609630938425,1.2908194431473754764678,0.29081944314737547646779,0.77470168683059414513556,True
0.71992211541678149635160,0.0016395576202979627845530,25.838824406141610205598,35.891138572931389620402,15.587323431449055016281,0.0011733366548283736207661,5.6170088007264322081891e-12,0.0011832991698421502022435,9.9625150137765814774586e-6,1.0084907558054885953881,0.0084907558054885953880936,0.99158073015879360287293,True
0.47607322216314688840000,0.0066720078739091142332236,11.754091362794360500634,24.689671284990520754115,10.722587999076552013101,0.0042981613456663108957578,4.3860975719354455130121e-11,0.0044080948219495690762097,0.00010993347628325818045185,1.0255768612302328634745,0.025576861230232863474523,0.97506100010919504733495,True
0.88408036104723165700000,1.4071128189301897830445e-7,7.8507546614528554000000,8.8801369279974672104540,3.8565944663745943014846,0.030593839820008358526591,3.6701879415204600267528e-12,310.67744293763240264909,310.64684909781239429056,10154.901926839843231921,10153.901926839843231921,0.000098474609327044008503663,True
0.032163584538184238103749,9.1572249765824408914545e-8,8.1811533581069698388799,254.36074602923683920405,110.46746841329203264182,0.00088768331488658336921171,3.5681549570241846275460e-14,0.43455361573974586874927,0.43366593242485928538006,489.53676209996971606215,488.53676209996971606215,0.0020427475062552853013580,True
0.93274861263328433800000,1.7948305397270479998513e-8,5.7890169607726466907636,6.2064064018593540627034,2.6954080527765335332821,0.14030943894547774725856,4.5106198252231114526200e-13,30058.433098092384514565,30058.292788653439036818,214229.58657665692882282,214228.58657665692882282,4.6678893236914031030022e-6,True
0.60940609151129324200000,0.88620184253494615890632,8.0487768188194818401760,13.207575262103079086973,5.7359770556532621949135,0.0057296664914112655277002,4.9640004220437348711976e-16,0.013722701700589103967345,0.0079930352091778384396444,2.3950262587114535475325,1.3950262587114535475325,0.41753195663834154432952,True
0.89075703151897080400000,2.1928740895386444251156,7.9305276116357391991211,8.9031322021810384363241,3.8665811870623715891841,0.0054940135344735429718665,6.0995803235747639003745e-17,0.020504268162036102257387,0.015010254627562559285520,3.7321109664868887705549,2.7321109664868887705549,0.26794487328476198638031,True
0.35644731540554218600000,6.9240297706362610848295e-8,6.8681115554072962000000,19.268237572762227187417,8.3680892538515419959768,0.022104534908076411049054,2.4784635563473847594322e-16,318.47049592731236704687,318.44839139240429063582,14407.473274226262535203,14406.473274226262535203,0.000069408423043124048222880,True
0.53958159743644688500000,0.000036910784813387090955965,4.6648535292729709000000,8.6453162069197655969165,3.7546131229740058730767,0.12940927027867274168264,1.0673676362692027836919e-7,19.446825361599001471082,19.317416091320328729399,150.27381979453082538691,149.27381979453082538691,0.0066545190730314737549287,True
0.055955485451469226600000,0.000094136419434495872261758,31.203935822847541663367,557.65642226285462445429,242.18710698666747731614,0.000061559597112979828986962,4.0407567535320462545260e-17,0.000061938020518453543099055,3.7842340547371411209311e-7,1.0061472690404259259067,0.0061472690404259259067103,0.99389028899686956742872,True
0.82372600470076705900000,0.012941316584874948841415,4.2658665144168190600000,5.1787444976518253866708,2.2491001585170156574491,0.15097319323931927508084,1.6799562512027487588808e-15,0.36294012192064930897587,0.21196692868133003389503,2.4040037448590285526026,1.4040037448590285526026,0.41597272971745735686703,True
0.60185326622219231500000,0.00070736289947271658956112,15.595702885600533072066,25.912799283277310006629,11.253785739393874640582,0.0028783759519899414599806,5.5565431696035468656096e-10,0.0029340616693030017637946,0.000055685717313060303814004,1.0193462279569708198501,0.019346227956970819850059,0.98102094516428870032601,True
0.81420816470182278743201,1.3645509885468003276591e-7,5.0820109078604962000000,6.2416604600392543567410,2.7107186957087604285961,0.20003821430511690359240,1.1338877115710969866895e-8,7101.9305314918166250739,7101.7304932775115081703,35502.869070103231104422,35501.869070103231104422,0.000028166737680422973110474,True
0.12365359682706704620000,0.000058603037315729485533918,11.324999969812237482738,91.586498576750348878368,39.775510948722703660317,0.0012287383688947747729953,4.9318629978866937031277e-11,0.0015517169119372309590669,0.00032297854304245618607159,1.2628537947691572706925,0.26285379476915727069252,0.79185730299269877163008,True
0.73115633547374744800000,3.2267219832469916425386e-6,14.964352041161507158516,20.466692710069268179316,8.8885717067925938943299,0.0038315366907240413434078,5.0634769012634550091756e-12,0.0076430048814974437336307,0.0038114681907734023902228,1.9947622842815980889224,0.99476228428159808892242,0.50131286714203347884263,True
0.55141146976012990300000,0.018993681259897421541619,32.612114290347186485530,59.142974128800435411099,25.685467307484811724000,0.00055323358811270130219110,7.4819409641920850016319e-18,0.00055675865798048424620659,3.5250698677829440154916e-6,1.0063717567832574162666,0.0063717567832574162665870,0.99366858545034695025253,True
0.044134449826656689883266,1.3237937316242635204937e-7,8.8032537925869775710012,199.46445072189198482705,86.626310284380784554501,0.00093380211332626585030956,4.5718147078568292023896e-14,0.28055158700950317378138,0.27961778489617690793107,300.44008575881197832994,299.44008575881197832993,0.0033284506542272206263431,True
0.032657042894996374926339,9.0609636431240144866331e-7,9.4770102747545494000000,290.19805330281731221395,126.03141320847930247234,0.00053102056024570277799708,3.5223290938961146423855e-16,0.011045372080462623467481,0.010514351520216920689484,20.800271980715659782974,19.800271980715659782974,0.048076294431492031363379,True
0.42845152226397770800000,2.3381590694980004193644e-8,5.2460982302063950000000,12.244321603726656961282,5.3176413071472620177795,0.096657643215320225436453,3.3241861978073805997601e-8,9386.7870600103641913168,9386.6904023671488710913,97113.758909885767955865,97112.758909885767955865,0.000010297202077492690375794,True
0.076907654505827891147361,0.049938661984462466957907,7.2669547733247184000000,94.489356358853002291942,41.036206065239798210384,0.0015069794835155785338898,2.6983794247540348448716e-12,0.0023987456124583934677138,0.00089176612894281493382408,1.5917573123573292645155,0.59175731235732926451550,0.62823647313360839966624,True
0.78815201659074381700000,0.000017753237501107663404244,5.0414764392320309955628,6.3965787476375517517452,2.7779988531586019586528,0.15053464044373577996905,3.5717531526131750670853e-8,53.878449738659232453604,53.727915098215496673635,357.91396305753945334078,356.91396305753945334078,0.0027939675542617392500999,True
0.44110313655787665100000,3.1277587672887143051163e-7,7.3062789994454424535992,16.563652338678833511102,7.1935028108521094728788,0.019945516660512515018842,6.1934895357625603695477e-11,64.997726263502896148165,64.977780746842383633146,3258.7637297048955358489,3257.7637297048955358490,0.00030686483677371638821539,True
0.029625751429983147550909,5.5251781518246721099625e-6,6.8708737423958326000000,231.92234494488030812156,100.72259463962404896737,0.0014116627320154862523500,2.4635480532246307581008e-13,0.028839089442115951787916,0.027427426710100465535566,20.429163983766329675383,19.429163983766329675383,0.048949629108397785707629,True
0.025364676551163428736416,1.8990758747171436930699e-8,9.2047173247465918000000,362.89511936726783097192,157.60334785082631085411,0.00046923757950063274402539,1.7118935568536345637461e-14,0.41079178876735095852115,0.41032255118785032577713,875.44520454759746240320,874.44520454759746240320,0.0011422759469186521354261,True
0.82664745801176315800000,1.9000031591714322272361,33.391727097112635934758,40.394156872417882745357,17.542959430825403623451,0.00029852507114158736279174,3.3142940740925315025096e-18,0.00079465359993786092440064,0.00049612852879627356160890,2.6619325368520385230165,1.6619325368520385230165,0.37566692098913408055443,True
0.041159913474934207858599,0.00031033452765608775583665,4.3475680261644305939233,105.62626738299721297562,45.872905068473121895352,0.0078849188818297460332983,4.2972348065088899782937e-11,0.029000123917105561560918,0.021115205035275815527620,3.6779229249820635666648,2.6779229249820635666648,0.27189259274781479640826,True
0.10219880151683389020803,2.3587548232492993171110e-8,5.4396383861103058403046,53.226048695045649633817,23.115779241772103441474,0.018310596033499216085937,7.1653451013316595810146e-11,418.35012107739675992566,418.33181048136326070957,22847.433273718979747045,22846.433273718979747045,0.000043768592647572507403455,True
0.72671730826224538900000,3.1959608663213946044682e-8,5.6063039891507128000000,7.7145596030411389567961,3.3503906659145075258611,0.12253408595351799605564,1.1974433412704345538145e-7,12762.945261384963524123,12762.822727299010006126,104158.32592268612702998,104157.32592268612702998,9.6007687445194982792668e-6,True
0.87611008257796141900000,0.00016273849346949588770401,5.4167189075118160000000,6.1826921242283552292700,2.6851090728590690207929,0.10788642110144126977033,6.0972695838468813441158e-8,4.6699915024141142927001,4.5621050813126730229298,43.286184255042706425086,42.286184255042706425086,0.023102059403249504410048,True
0.16821162537986571040000,0.11011143419733683571734,12.333636185505052593722,73.322139047479543440611,31.843400389663318778583,0.0010448903100253672576368,5.3858468601613187750508e-15,0.0013837623426985264844937,0.00033887203267315922685692,1.3243134991508652068645,0.32431349915086520686453,0.75510821315435405315412,True
0.78841177858733202100000,2.0290165780413251256783e-8,9.1378297877766346000000,11.590174114534035047823,5.0335486622400392596780,0.015518731162481939773369,6.0190787042880902441434e-11,399.93203360943615308046,399.91651487827367114069,25770.923500260846908616,25769.923500260846908616,0.000038803421227410738599612,True
0.74947433811719538365131,3.7065119709232635410705e-8,7.3197662128019806000000,9.7665334762367647100268,4.2415515960530107750870,0.036264578460996667882345,2.1113956338981722474764e-13,1558.6157261361836428062,1558.5794615577226461383,42979.011263360148890174,42978.011263360148890174,0.000023267170895867157311072,True
0.33590250936375424973426,0.22636754169336874394078,6.3898865792934818200000,19.023039129409332556716,8.2616009229321127803932,0.0085763538872544090550487,8.9158586478971920736758e-11,0.014477084790350217320326,0.0059007309030958082652773,1.6880232533157325996837,0.68802325331573259968367,0.59240890078719620438707,True
0.041602231747424008000000,5.8621602242858327131398e-8,5.0982793845311849200000,122.54821845818086791372,53.222015043462182532458,0.0089981119241499833867322,8.7670722832911377700481e-9,42.311240538829445090099,42.302242426905295106713,4702.2354128837337517944,4701.2354128837337517944,0.00021266480986045131032401,True
0.69815892558882729700000,0.000017166801235309030041077,4.8844770567349400200000,6.9962251827051722592594,3.0384219910014261452880,0.15067452664990542249588,5.1996594991359817387184e-9,53.080600635235986749052,52.929926108586081326556,352.28649338032816794206,351.28649338032816794206,0.0028385987507060082988234,True
0.044860486304372504012908,6.7239713677667153457593e-6,23.698408024231893201664,528.26908436616823991892,229.42434830031026565960,0.000087657992425907070831171,6.2558180375247632991348e-12,0.000088515985030359655304185,8.5799260445258447301403e-7,1.0097879563598014502818,0.0097879563598014502817685,0.99030691909310724071087,True
0.020126512333342505336946,1.2934829704002343168914e-7,4.2005340162720797024651,208.70650347667449548319,90.640082797241576329794,0.0085816826286755818958675,4.0549788085591384102148e-9,13.841290149820023516881,13.832708467191347934985,1612.8876758468707382977,1611.8876758468707382977,0.00062000597746209145042769,True
0.78800875631988721300000,5.6885948410811921508819e-8,6.6756744571180336000000,8.4715739559727498986071,3.6791578221142669261725,0.057625406977840902919089,5.5610764385174070239681e-13,2371.2806936160840335644,2371.2230682091061926615,41149.916642288166941923,41148.916642288166941923,0.000024301385800921378789151,True
0.82892126582283222330947,0.000038764033896117278312713,7.1185863789490052656138,8.5877714476087305977176,3.7296217515427726015074,0.036347649902895277180952,4.4949897823647941913561e-11,2.3320766425783127632955,2.2957289926754174861146,64.160314320419127546425,63.160314320419127546425,0.015585958556966550338298,True
0.21415887687068451001577,0.00045608736301258147024769,8.3100970532314546000000,38.803420967926246622650,16.852111605339307831657,0.0048772744077580392595197,5.4276063744110634635435e-17,0.0081869036869239168249733,0.0033096292791658775654536,1.6785817246414132255698,0.67858172464141322556980,0.59574102667752137784774,True
0.66221840015052866200000,0.14640558999216880294384,5.2427007035164501000000,7.9168756143361969503619,3.4382553932206271820070,0.040802226611053358717623,3.6098483659302194240278e-8,0.055293323281297258516904,0.014491096670243899799280,1.3551545558623570090446,0.35515455586235700904459,0.73792321006783373698753,True
0.34413495451201325350000,0.0026828983208467229002615,13.870138389509502588455,40.304357949274566118669,17.503960254023406998995,0.0021318511370130264334405,7.7041840421515850296635e-12,0.0021758986937372277771492,0.000044047556724201343708774,1.0206616475041109758935,0.020661647504110975893525,0.97975661419762737207926,True
0.48021186789031846600000,0.000014551427912370186873795,26.758590204487840777041,55.722467505945868233640,24.199960155865545874599,0.00072745910747882135443947,1.2666087067713296403882e-13,0.00073328361574762592943087,5.8245082688045749913937e-6,1.0080066469838981910471,0.0080066469838981910471083,0.99205695021173199811518,True
0.14389811795612535582813,0.00033823975021051198631150,9.7920548638906948000000,68.048526297448168694746,29.553099472630059794821,0.0020538469341567413376062,5.6409213521382498122999e-13,0.0024653660237496382277569,0.00041151908959289689015073,1.2003650236778021785775,0.20036502367780217857753,0.83307992175254894452795,True
0.038760569807309176094081,0.0013872971488409615835259,8.0026474890607636857140,206.46361828126904219749,89.666010133334491258548,0.00091687774772959852090124,1.0257369352090593928108e-17,0.0010187692425226331775511,0.00010189149479303465664988,1.1111287683067252712631,0.11112876830672527126315,0.89998569789883402845981,True
0.87775664646227213800000,1.2092484527175560785210e-6,8.3052542952469888712517,9.4619098912217311269134,4.1092552540233955780007,0.023212842029200635420688,8.8177787322255987473905e-16,21.269740499062109548763,21.246527657032908913342,916.29195909341054026766,915.29195909341054026766,0.0010913552062482476947726,True
0.087915926034588088896889,7.5084364699589111318551e-8,14.172707293873975429196,161.20750736673257395423,70.011530890749775531329,0.00052020806319152643854460,2.8159044162163375702646e-12,0.0059697071510834525391903,0.0054494990878919261006457,11.475614419466560592927,10.475614419466560592927,0.087141303589257803358488,True
0.89648551410474325600000,0.043387020619377211809728,8.5229206187952898000000,9.5070366276989187676975,4.1288535466617403599936,0.017737112981059716814233,4.1362452447104841485255e-13,0.018545086278238966607572,0.00080797329717924979333846,1.0455526949646219616373,0.045552694964621961637345,0.95643194725239236853688,True
0.59578443284513491900000,0.18861567217696256239939,7.6687515906071080000000,12.871688429295505059310,5.5901032576209726640829,0.013156640178933414053666,6.0649683401268486588777e-10,0.015663518545281646504376,0.0025068783663482324507101,1.1905409232337507554784,0.19054092323375075547841,0.83995432704975571972401,True
0.20178070360582693780000,0.0011155965135830808361484,4.8602512174995686800000,24.086798839763865316205,10.460763822823095124337,0.027490001052022467036872,5.0495373700598778374040e-16,0.097664852038197277002985,0.070174850986174809966112,3.5527409349084755881297,2.5527409349084755881297,0.28147281727587087181144,True
0.20354443924481413258493,0.031663454333335841227298,10.298316962156636356631,50.594931506678411816642,21.973099565623413247104,0.0024300586175115786340769,5.7153348694379899616382e-17,0.0025616136472974979565830,0.00013155502978591932250612,1.0541365664342014560532,0.054136566434201456053231,0.94864368796414328104264,True
0.019059580286111118823930,0.0022151662380765645455079,4.6415709274672241200000,243.52954565581787981323,105.76353785872773794467,0.0018932942721160118593833,1.2295450130079432385429e-10,0.0033508165416059184737445,0.0014575222694899066143613,1.7698339824695760462526,0.76983398246957604625264,0.56502474803011094674818,True
0.065890518821483782522773,3.5250037753920251352217e-7,28.894037094464358230303,438.51585343782995076761,190.44501537514467030659,0.000085049592823562910882674,1.2616159880965939191929e-15,0.000085647072115599132749212,5.9747929203622186653827e-7,1.0070250694001052381560,0.0070250694001052381560491,0.99302393792014518441328,True
0.50451458350111656823900,0.0052498072043915631413632,21.277081493399335899539,42.173372562881022152265,18.315662987309229226002,0.0012375783805537781903043,2.5257076592077645786190e-10,0.0012519999222978768977532,0.000014421541744098707448941,1.0116530330286195787509,0.011653033028619578750880,0.98848119597513239953685,True
0.87829759389250375300000,0.00043875977809416639212923,6.0895306118966998000000,6.9333340478694368247846,3.0111087181816328720360,0.063573535553916066256876,4.8222400886035009747134e-10,0.81719880314957605107088,0.75362526759565998481400,12.854386593876285074376,11.854386593876285074376,0.077794455044349690360634,True
0.69862550289351791500000,1.4224528736762610944549e-6,5.9821224431020416400000,8.5627026473063295416517,3.7187345099035052521192,0.073603609252696029586466,2.9816733274103142962927e-12,168.99417607138708699609,168.92057246213439096650,2296.0039295246515709615,2295.0039295246515709615,0.00043553932427590963817690,True
0.35743066872797121838536,2.0620107689193793108850e-6,7.2136072018588756000000,20.181836179672975702885,8.7648600875073781472551,0.015977008265895261208480,3.0004683625016081625074e-12,7.2166219927203114717763,7.2006449844544162105678,451.68794261219797763041,450.68794261219797763041,0.0022139178527033691945116,True
0.59585067705599053300000,1.3522035986650945294959,7.8261875208834748000000,13.134477851987182326203,5.7042312537985092920614,0.0040641111470704035718776,4.5120697701133177161724e-17,0.014275481189467242182179,0.010211370042396838610301,3.5125715495644500882579,2.5125715495644500882579,0.28469170973157755293193,True
0.93561310445594458600000,3.4774281429126080624176e-8,5.0605247954031448906600,5.4087793034342123220094,2.3490030053139925492194,0.25200200475568536142517,2.0211038573083960137653e-10,37783.094752155705506686,37782.842750150949821324,149931.72291937209072061,149930.72291937209072061,6.6697025854746175029429e-6,True
0.011199911798280000885740,0.083124149158092198934231,5.5719829613538574000000,497.50239660008403650950,216.06254557705961018212,0.000048397177327958254233781,5.3731660596365862156040e-19,0.00075230698556674622150492,0.00070390980823878796727114,15.544439306218605345401,14.544439306218605345401,0.064331686740218840119800,True
0.65879330676936925600000,1.9340005729953080591995e-8,28.214031804336871133935,42.826834326375534652771,18.599457825329663810933,0.00089358673169220753661725,1.2677943607223784672621e-13,0.00090058434862461919153173,6.9976169324116549144822e-6,1.0078309320004786695574,0.0078309320004786695573858,0.99222991500674147769237,True
0.29114439937738957000000,0.011425847650140817943479,7.1423689733255554000000,24.532050036337520563355,10.654133960555853665240,0.0094698251550905105344690,3.9866730864104102080395e-12,0.010763207679132157776884,0.0012933825240416472424151,1.1365793457492072748659,0.13657934574920727486588,0.87983298635505533135993,True
0.57915353077171083321985,7.1294244133420184036461e-6,4.6439006782766459312555,8.0184276388486114501737,3.4823588770924725670022,0.16044665795315076523656,7.4408701024529756045007e-8,118.56858869282787924878,118.40814203487472848354,738.99070386027628086790,737.99070386027628086790,0.0013531969952751580443402,True
0.14803274937466562167614,0.000019019961024575054509473,4.2516466042632767800000,28.720986553472100270132,12.473365974990428131164,0.047695076833719880506698,3.4750955754930320606058e-8,4.8077264913481424616759,4.7600314145144225811692,100.80131557622597528824,99.801315576225975288242,0.0099205054446318192854400,True
0.40574193568536810700000,2.0460543932517988112502e-6,5.2106497873866154000000,12.842275666144612922799,5.5773294568870129068974,0.074290290153677729127433,1.9586876927553671966969e-13,100.51385196962285223429,100.43956167946917450516,1352.9877425663403443363,1351.9877425663403443363,0.00073910499595746893476938,True
0.083235452008997876192913,2.5732522815109752719303e-6,5.7949767670064438200000,69.621496935945013072135,30.236231941125074047901,0.0087212824675756322591207,3.8903795906940671339428e-9,1.6652263485223932950515,1.6565050660548176627924,190.93824270839123631480,189.93824270839123631480,0.0052372955035898244169759,True
0.080925233421719287374957,6.7347369671678100372847e-6,5.9769659807403108400000,73.857877549676246872514,32.076068664910460236705,0.0070353721407467613757674,8.6346358657068827641351e-14,0.48802681111577251743450,0.48099143897502575605873,69.367590136315302347409,68.367590136315302347409,0.014415954165841495275487,True
0.22904150042789212065569,0.0094214828973582773899261,9.9688494099349294000000,43.524205837419265348733,18.902322424412488693742,0.0030509857182478152010541,1.7470597929385134964389e-15,0.0031551919013986587726447,0.00010420618315084357159057,1.0341549232851503837848,0.034154923285150383784810,0.96697310768810917049915,True
0.51508706723391252594451,5.3505035905077828728488e-6,6.9919973586332089000000,13.574398977208229821586,5.8952865709546796847234,0.025682307452278891244296,3.0568148220263410652727e-16,7.4734967871809681240327,7.4478144797286892327884,290.99787085205288374660,289.99787085205288374660,0.0034364512601826322436888,True
0.23958021144390518966235,1.2647130802535581685628e-8,5.1956271572636395806916,21.686378544999877304491,9.4182745345585179149229,0.056510460421406282397397,4.2057111727598765354156e-8,5771.5181106665560456146,5771.4616002061346393322,102131.85430852183838369,102130.85430852183838369,9.7912645057748689706288e-6,True
0.50215286172045535300000,0.19703521873080142536567,4.1221209040296095815526,8.2088965696751573535429,3.5650784827244536310084,0.045380886656591158661482,2.2768550538692337352089e-10,0.086556332595254824124112,0.041175445938663665462629,1.9073301332838394111855,0.90733013328383941118549,0.52429308516103906141102,True
0.62604162485753553965600,1.1083076680030822294326e-7,4.7895522252882649600000,7.6505331836013205053988,3.3225843452557712804003,0.19751929333062279834213,9.2743661334019230737812e-9,7422.2093512389761839368,7422.0118319456455611385,37577.136015847921856901,37576.136015847921856901,0.000026611926986086865711717,True
0.83046585981828160000000,0.067719119927897022043584,9.2401463580237430000000,11.126461429787885282464,4.8321608020662442005809,0.013182550367232819956534,4.1684509267248221860894e-11,0.013686516413578793893083,0.00050396604634597393654829,1.0382297834870144805280,0.038229783487014480527987,0.96317791678195231199836,True
0.055997876077379602450200,0.00062263473190823191430785,4.5284941845712811800000,80.869034716846535805734,35.120975534368951632773,0.0088909177749850635864198,4.9711410658156234112698e-13,0.024834087819478516775127,0.015943170044493453188707,2.7931973332775802356026,1.7931973332775802356026,0.35801265742531151206822,True
0.024661335880410429738499,1.4909902837882032067162,7.8676146739734958000000,319.02629736384572205903,138.55136052714413218836,6.5892693572894712235422e-6,7.3155585559197785533532e-20,0.00058175769115531170639192,0.00057516842179802223516837,88.288649258469626568975,87.288649258469626568975,0.011326484303462926833829,True
0.034323792200436363658549,1.8255238141071531432527e-6,5.2223983392182021723327,152.15097180176405501096,66.078327469723398514279,0.0053525418651694435912432,4.6015652552099069357102e-9,0.79906115641089626045753,0.79370861454572681686629,149.28629734045072324021,148.28629734045072324021,0.0066985384312900315721205,True
0.045695506444991571765012,5.5058828321210114383899e-7,6.2826648738390804400000,137.48977443552741515364,59.711050355472336767654,0.0035660491840883388449423,2.3311170132973686332158e-11,1.3105098021212945947955,1.3069437529372062559505,367.49627794500727729761,366.49627794500727729761,0.0027211159949479585677632,True
0.84199568994967690978354,6.3652959269832755291061e-7,16.030880345192581166050,19.039147749260676044412,8.2685968076446284378565,0.0037932998850538195380393,2.4988300476188027901638e-9,0.011910240806362891258236,0.0081169409213090717201964,3.1398099721277133184013,2.1398099721277133184013,0.31849061213164543291826,True
0.38585935804158725500000,0.000010216705422244038750553,10.437054394673452042832,27.048856473628830199848,11.747169108290052043959,0.0047719143199412496229362,4.3438758756126293290340e-10,0.049653983899404447732673,0.044882069579463198109737,10.405464258213205446104,9.4054642582132054461044,0.096103352544859631946712,True
0.49217522299237336870000,0.00082304418502970902084363,11.513399702017726841786,23.392887663091759844713,10.159402027863407232862,0.0046861387652158071280992,6.8535924412067067636111e-17,0.0050439654324486297588440,0.00035782666723282263074483,1.0763585299455689327397,0.076358529945568932739745,0.92905846163598447407112,True
0.038858004400032807895805,0.60306316705399682150204,4.2418811395241009500000,109.16363835504943019480,47.409165762080141873044,0.00013903676506948032245459,1.5436181784953576667625e-18,0.0050710881743610304295142,0.0049320514092915501070596,36.473001740416461125970,35.473001740416461125970,0.027417540434898727922446,True
0.96891264026382256300000,1.2079902757097591034723e-7,26.438861090916420887651,27.287146428100531313157,11.850657120610088945037,0.0015051146012477839606887,8.7129564710735180611817e-13,0.0015184133535238681861807,0.000013298752276084225492023,1.0088357074372005769332,0.0088357074372005769331760,0.99124167852895849796376,True
0.053796769021701378113369,0.0056914336093218504086133,4.3079527239911471027814,80.078279835975615438777,34.777555053068647652643,0.0067107945607023534380408,1.0550090247897351866141e-12,0.012027967716641560809999,0.0053171731559392073719586,1.7923313860740077101812,0.79233138607400771018117,0.55793253846345839217076,True
0.25522378785025761970000,0.73216203088497181256036,5.6388258893089993000000,22.093653325987605585403,9.5951517245598437263339,0.0027208761460727399408641,3.0207793445233168623273e-17,0.014588837596951107714954,0.011867961450878367774090,5.3618161260329155486016,4.3618161260329155486016,0.18650397113484699148255,True
0.020035033263814226531583,0.36189704866335700753203,6.0605543274885694000000,302.49784203925869126046,131.37314358529156362818,0.000030174199908477777867124,3.3500091488034321067371e-19,0.00097148164669684925531337,0.00094130744678837147744625,32.195771541365729996539,31.195771541365729996539,0.031059979373849801348083,True
0.077678846045616816939623,0.98094871696384913744801,8.7817142464431970000000,113.05155384628325919587,49.097666006029164461915,0.000079607722638425062764891,8.8382326611152825656636e-19,0.0014111662135989469374305,0.0013315584909605218746656,17.726498973075824452592,16.726498973075824452592,0.056412718694135031470537,True
0.039416209135412818460678,6.5117138440663201305482e-7,7.4679802240767766000000,189.46469962194557131018,82.283473561268084311299,0.0014811267280755120967673,1.3254828598600119181468e-11,0.20826888055365598320902,0.20678775382558047111225,140.61516587731028860101,139.61516587731028860101,0.0071116084368347663629534,True
0.25220157189410371398225,4.3077776874932248659219e-8,5.6344928433368504200000,22.341228093941870831098,9.7026720801408591445846,0.039108772709472109516779,2.8224567982413135814049e-8,1102.3583284188102225344,1102.3192196461007504249,28186.983432282957540015,28185.983432282957540015,0.000035477368566325037000656,True
0.47610944436241662400000,7.0017803510163490540730e-8,9.2880451480008166000000,19.508214461989784379109,8.4723098926273780012297,0.0086913546040043782824385,6.4446624811455349609009e-10,35.730846622584237824478,35.722155267980233446196,4111.0791413483373228699,4110.0791413483373228699,0.00024324513482171095011160,True
0.53301730255033600000000,7.3918423158186014008895e-6,17.017811415885159540801,31.927315181814508176889,13.865856805447958256920,0.0021086508177540399563544,8.9281180430580576671911e-12,0.0022390337447795275213207,0.00013038292702548756496627,1.0618323934563811044222,0.061832393456381104422152,0.94176821705814618238843,True
0.070527474017832289600000,0.17756292067709498724391,7.7506840842726994729896,109.89595462206689813250,47.727206675853816535581,0.00044641279035229230318414,4.9561775833627783892901e-18,0.0017917819531289202477088,0.0013453691627766279445246,4.0137334589246711392318,3.0137334589246711392318,0.24914459573205251509030,True
0.072718943169806030379888,1.8567223585188360301684e-7,9.7291706937200872000000,133.79142035936217073301,58.104875588069372393159,0.0011148924178704498991578,3.1615496786643920197298e-11,0.19325019080338577962243,0.19213529838551532972328,173.33528123952259471418,172.33528123952259471418,0.0057691659358036544546270,True
0.85099957018869431465278,0.010888707522694505442056,5.2523002349926633000000,6.1719187870189609078073,2.6804302719573460891047,0.080764365543467341793464,4.5219306424017678587706e-13,0.15656131677914228087409,0.075796951235674939080629,1.9384949751741819506189,0.93849497517418195061886,0.51586411768240244302300,True
0.071859814846929214117708,0.46775886059897211915067,10.211733695666769233392,142.10631793887995674822,61.715989724444651936337,0.00010504343410064317026292,1.1662163912422936483126e-18,0.00091423140407713030608273,0.00080918796997648713581981,8.7033655354526586272663,7.7033655354526586272663,0.11489808119934266236570,True
0.047680742858738456538683,7.0340196554656874348832e-6,5.9800093734475205800000,125.41770565874401870649,54.468217500558768572061,0.0039984668413263427375154,2.5526660351941159262756e-10,0.16323967219750244035095,0.15924120535617609761343,40.825566067056278824349,39.825566067056278824350,0.024494455223413019696733,True
0.075813301517524371743707,7.5691716490850126895403e-7,10.674092385886866812190,140.79445390489335782994,61.146254413476932011838,0.00088653816267036741937623,6.5739786539482209831938e-17,0.018893982970286992542470,0.018007444807616625123094,21.312092096944677675288,20.312092096944677675288,0.046921719156016643530329,True
0.65725352360545640500000,0.000010213838349359802238717,8.1919333420613726635393,12.463886533651996461868,5.4129971446333111291784,0.017431983354205405289185,5.8031983203307537732805e-9,1.6202042295864076092252,1.6027722462322022039360,92.944342400117022834114,91.944342400117022834114,0.010759127174143532769193,True
0.088992225960992417699473,0.000037957014432978069184240,7.2656121286701598000000,81.643222767063547004279,35.457201132533637219921,0.0033258593252691709125341,8.1162888367688199731144e-12,0.026050652521800268077468,0.022724793196531097164934,7.8327583863433301872912,6.8327583863433301872912,0.12766894504795815326780,True
0.29257744624359654250000,1.3295310127112302195278e-7,8.7537241803339616000000,29.919340307064249058071,12.993804397543547492801,0.0064868592215459832012953,3.0130344480319911423396e-12,12.944286321947570386214,12.937799462726024403013,1995.4628087123214006077,1994.4628087123214006077,0.00050113687693598420498589,True
0.012133641705274028876395,0.0061457974587561500846348,7.1704232021616027936187,590.95392597960880313313,256.64802911200683543842,0.00027269600724726281854140,7.4294216531646561132871e-11,0.00041345802895591521240372,0.00014076202170865239386231,1.5161865886104399140293,0.51618658861043991402934,0.65954942980763572271497,True
0.54962813119347744067371,2.0490863723934666588547e-8,6.5115064215710036559518,11.847112714976473081006,5.1451356786001345161175,0.046236178749327861345135,1.1318250373565086314484e-14,3881.8111131168212065932,3881.7648769380718787319,83956.140367098381239977,83955.140367098381239977,0.000011910981086404140592946,True
0.73281986505368714800000,0.0079073785499178306096334,8.0761179063578308000000,11.020604505264286162434,4.7861877238743960879501,0.017484791419246031961114,2.0284873811447368559151e-10,0.020355259219992926224829,0.0028704678007468942637149,1.1641694048227126490888,0.16416940482271264908885,0.85898151579776875979440,True
0.092469813944462909998725,4.3847819810699974605313e-6,9.3890148272775784000000,101.53599782212811901424,44.096523568690837368015,0.0015382059643867364176771,4.2682487218853486947690e-12,0.020748054789306331761098,0.019209848824919595343421,13.488476361212344599413,12.488476361212344599413,0.074137357935816553152320,True
0.17653045382377342840000,0.0017914082598860167148365,7.4138546073537695193538,41.997595580617845145118,18.239324013866725681783,0.0054589306320390623059408,1.2537929765961453014346e-9,0.0071355302295388106934451,0.0016765995974997483875043,1.3071296762152648643747,0.30712967621526486437472,0.76503503684152821311388,True
0.34393849923264985000000,2.7604685866695683525266e-7,25.178705650698650482326,73.206999817915274892613,31.793396057612965193848,0.00059177827821102425461446,1.3057510181880536519140e-11,0.00059722678396992254703234,5.4485057588982924178835e-6,1.0092070053253211686521,0.0092070053253211686520814,0.99087699027381081201836,True
0.14558170172690833030000,0.00030040508229498571478275,16.102011538377051400605,110.60463882049034495186,48.034984312641148687679,0.00064931788840658681192382,2.7715834524976528825495e-13,0.00066070623184637077438712,0.000011388343439783962463302,1.0175389337689906108018,0.017538933768990610801755,0.98276337819917519512251,True
0.51796832686787539000000,0.0016187982645935146546464,6.0549935996138768567460,11.689891612153341621106,5.0768554212053047554752,0.033874664346974341701372,2.6629485048501803708365e-13,0.10656389274308148986184,0.072689228396107148160467,3.1458287424359288951140,2.1458287424359288951140,0.31788125860458120709708,True
0.62711330617354716100000,6.4620540324374070412249e-7,6.0434944078562434000000,9.6370055432754100220340,4.1852983295155601056290,0.065160730772886960459688,1.2777170672888278451307e-11,278.58361501222110703929,278.51845428144822007883,4275.3298145658350005719,4274.3298145658350005719,0.00023390008335568637984865,True
0.44930198748755341000000,1.7317640712493595070227,4.8326758945676674000000,10.755963759678544646927,4.6712557083797461983512,0.0049212727090350674622003,5.4637102720301507542741e-17,0.036449603006014241605855,0.031528330296979174143655,7.4065399666016584177760,6.4065399666016584177760,0.13501581096021950511985,True
0.049947246870826201579676,0.20662478426397505027991,6.4675013123158333600000,129.48664275815071148498,56.235334430042518491857,0.00028434080463599735943145,3.1568170814732772842886e-18,0.0020696536978717149162037,0.0017853128932357175567723,7.2787783678153737456069,6.2787783678153737456069,0.13738569159101026300759,True
0.034698782808963335074534,1.6424624890690950535617e-6,5.4060167497816307200000,155.79845493557649994333,67.662409267573323644465,0.0047328038339071509324976,5.2599037153037530635173e-17,0.72562140714063565914774,0.72088860330672850821525,153.31744830455000034017,152.31744830455000034017,0.0065224148396573791024985,True
0.22641103006985608300000,0.058945643659391198591088,26.079884320614257952503,115.18822343844140391643,50.025609819553918307456,0.00034806864687308330007465,3.8643382590862005294012e-18,0.00036493203058476235008552,0.000016863383711679050010869,1.0484484421770627516718,0.048448442177062751671817,0.95379034368493940422979,True
0.58517469174415422700000,0.0048748804336633986737685,20.352196478212535272378,34.779693594662109660763,15.104629010447627090011,0.0015774472991648413575852,5.4742259491985295427366e-10,0.0015970572482438138041367,0.000019609949078972446551425,1.0124314448345467231411,0.012431444834546723141052,0.98772119841005304699914,True
0.89942953155829113981237,0.032196057446725200687120,9.5388854876809948000000,10.605483979555978200133,4.6059031702345009505328,0.013392107357065009919500,2.1454570113320382907534e-16,0.013837952972820479641731,0.00044584561575546972223033,1.0332916697774427371967,0.033291669777442737196695,0.96778095599608064251564,True
0.044564872768503016616207,2.3415482307976388140905e-6,28.749751338448026415728,645.12136022000276368133,280.17264690146719374705,0.000058125587503619187640691,1.3806844148649399718372e-15,0.000058537377754878922769531,4.1179025125973512883908e-7,1.0070844918554000856073,0.0070844918554000856073142,0.99296534509994490501633,True
0.27425346778234879750000,1.6376366954631000802707e-7,8.4046930919851342000000,30.645713106006048787657,13.309264095928591313768,0.0070391150045753656781868,5.3033874085246558386578e-13,13.692474178973836000592,13.685435063969260634914,1945.1982486539632747059,1944.1982486539632747059,0.00051408641802550418634049,True
0.066829477388760337822397,0.069777439902458721572958,7.4348671010126740000000,111.25131291634342742884,48.315831304059916953246,0.00094588324428528934627915,9.2534326363472359050974e-13,0.0019366243728894892874749,0.00099074112860419994119578,2.0474243354979876747290,1.0474243354979876747290,0.48841853770228514359975,True
0.91745452625193962200000,0.013964782094887034700855,23.442753788897870388289,25.551951751405193157964,11.097071647493406502753,0.0018338415465782810139816,1.7224708547076762935977e-10,0.0018523558505214719611868,0.000018514303943190947205284,1.0100959125818347408301,0.010095912581834740830106,0.99000499610375682786791,True
0.91115328322201184200000,0.028937985948986370879985,5.4452150640729017800000,5.9761789419422190513885,2.5954215373519197065906,0.069281573398214724363303,5.0735159458594532525564e-9,0.096691240223886098746833,0.027409666825671374383530,1.3956270835266232244224,0.39562708352662322442244,0.71652378475852631049515,True
0.56694290255343675100000,1.2387534925847743964292e-6,10.156475999037084539289,17.914460086357274745766,7.7801511617810166306723,0.0076633624185501314052319,6.5105873556711018741017e-12,1.0971031482661690939401,1.0894397858476189625348,143.16211192237145218782,142.16211192237145218782,0.0069850883489497714651537,True
0.30156713625123452664113,0.0092325431903904243336567,4.4717298191943361844694,14.828306143640776923325,6.4398515341552772895663,0.042882036852336069575533,1.9853600674543773210640e-9,0.078828991342810488328165,0.035946954490474418752632,1.8382753509180884258634,0.83827535091808842586341,0.54398814600901370914985,True
0.017212408271032837370439,1.0458109079979157207097e-6,14.729837023690829429472,855.76851256079110708047,371.65554279170522781575,0.000093377289583518856915479,1.8164225537294561322413e-12,0.00010330456933541509239396,9.9272797518962354784771e-6,1.1063136421733149751540,0.10631364217331497515400,0.90390280104974074657070,True
0.052246033940400873248250,0.000019596256962057582416562,5.2935766287960617460754,101.32016211670066536680,44.002787312825998507647,0.0066835895605629024502043,1.0500116431375234265915e-9,0.16346833665903968462778,0.15678474709847678217758,24.458165059027371451660,23.458165059027371451660,0.040886141604924103352030,True
0.73227313654582091500000,1.4410718248921795956092e-7,18.348128666423009262693,25.056400065380388407968,10.881856284754981004629,0.0024632964790235076906386,2.0152812539670030659365e-9,0.0047979767840116483304648,0.0023346803049881406398262,1.9477869695626923992994,0.94778696956269239929944,0.51340316760847573973602,True
0.090450379720553508422368,0.035168066092548826215103,4.0766425279359803620000,45.070485502999206963129,19.573863150653062935171,0.0084240544693176989515098,2.0973651959783643222028e-9,0.018821485610658848841806,0.010397431141341149890296,2.2342549753460085775156,1.2342549753460085775156,0.44757649016542290358263,True
0.90339189593233808800000,1.9377237103545242810213e-6,6.8105002936381834000000,7.5388104811472359404031,3.2740637920766434627336,0.053436132858139696016246,5.5380504497489023062650e-14,78.210029712265146075567,78.156593579407006379551,1463.6169484774336365686,1462.6169484774336365686,0.00068323887683883172578965,True
0.26887285792540800100000,0.39980753659174568087017,4.2707439452712986060019,15.883879013388956104616,6.8982810067336914916190,0.0091731060702460484898249,2.4508652157849018561374e-10,0.036595158435785409631937,0.027422052365539361142112,3.9893966291838403015451,2.9893966291838403015451,0.25066447208699382692161,True
0.89443601691835604500000,5.5806186204080743008465e-8,8.1629987733997514263209,9.1264200222215206836044,3.9635538551821593573002,0.026841603481280177259513,4.1183342743085130286824e-10,561.85899990534700690560,561.83215830186572672834,20932.393263956741568775,20931.393263956741568775,0.000047772846009055688567610,True
0.32419192909728908698976,3.0905944507487669201031e-6,37.949355144415103151495,117.05829707138270029185,50.837772479093090547084,0.00023802522590221263109600,2.6426108623824065227024e-18,0.00023905707052543279670381,1.0318446232201656078041e-6,1.0043350221360322372580,0.0043350221360322372580262,0.99568368916697492220011,True
0.093621288764593633490853,0.36587857250118346689466,9.7391813063930443096832,104.02742191342571367114,45.178535303622206219998,0.00024734855727062450372482,2.7461206338966147665671e-18,0.0013341747412074640166240,0.0010868261839368395128992,5.3939054908161078135311,4.3939054908161078135311,0.18539442370702312068645,True
0.42921602421372933672627,0.00019871053033510337905868,7.1331956779478596000000,16.619127142363782249875,7.2175952119771488907130,0.017098088478460169409463,9.0398715604549427003861e-10,0.13421245968753690356009,0.11711437120907673415063,7.8495593151605854314662,6.8495593151605854314662,0.12739568679589525576685,True
0.031214347360632956927873,0.0068252680570469176350322,7.4676727946425438903956,239.23847288444848784337,103.89994863267671687651,0.00078493388300891153315811,2.7632949932671536815192e-13,0.00094478532034240875146986,0.00015985143733349721831175,1.2036495567253814020083,0.20364955672538140200830,0.83080660347732337897516,True
0.010344816623096091233269,7.4283609273640747688087e-6,7.7705988371432764000000,751.15868364398523139562,326.22407134029320869807,0.00030035224717462994707901,6.5876637800644955802927e-15,0.0011877680735801600343786,0.00088741582640553008729956,3.9545836089235959937158,2.9545836089235959937158,0.25287112345873286274116,True
0.015670279968245587571156,0.0023383081546021048751380,6.2163020365882604200000,396.69374441203585309274,172.28190420368611063025,0.00066739168787505341459348,7.4652775767681891521895e-18,0.00090461838007817411119286,0.00023722669220312069659938,1.3554534713466994724019,0.35545347134669947240194,0.73776047731572693117965,True
0.11559771878151138010632,2.0453051031415424535939e-7,4.9990849352974337800000,43.245532766490751869572,18.781296247453201783575,0.026818747546203983843171,2.2890895232893552085595e-9,105.79263216365262389460,105.76581341610641991075,3944.7267990941982135268,3943.7267990941982135268,0.00025350298028994642985743,True
0.069457344453564606656073,0.00013005882785250452052029,4.1369566874280465913943,59.561112218935900512038,25.867062372704208753831,0.018749344492475446592636,8.4134894055585462096882e-16,0.19692897048062516881609,0.17817962598814972222345,10.503245623315385850390,9.5032456233153858503899,0.095208665574779402075801,True
0.14151141801345879100000,8.1324280613394848258233e-8,12.018022816031953141045,84.926170515010665511482,36.882967223843778420869,0.0012308110722071526592181,1.7736795073294135779745e-12,0.13517809206718921856999,0.13394728099498206591077,109.82846605757374903459,108.82846605757374903459,0.0091051075909207802340370,True
0.62569175741564986000000,0.0025136593002593066923800,19.005674580520550549742,30.375459409951911990044,13.191894407018321080456,0.0019517415724120119788588,5.4232529762581050968923e-10,0.0019784719295823890750144,0.000026730357170377096155601,1.0136956437000740008283,0.013695643700074000828317,0.98648939276281808388303,True
0.75421620798951398500000,2.6493973276890256425052e-8,11.924101144676092171512,15.809924287442355355400,6.8661628773444155441495,0.0067156759683196683918020,2.2523742177322497944935e-9,12.943444255570535430859,12.936728579602215762467,1927.3479418348290406750,1926.3479418348290406750,0.00051884767575905532491997,True
0.71806754537753499100000,0.000032345105697839658426386,38.009107772850118392716,52.932496416985743081205,22.988291107260557006630,0.00052550771052580952151786,5.8343075984380545226706e-18,0.00052777931379827395936273,2.2716032724644378448651e-6,1.0043226830491060348841,0.0043226830491060348841338,0.99569592211540772430668,True
0.88374586606803634600000,1.2238918399601253793078,6.5763172619432021800000,7.4414121914963681260499,3.2317642523344569709623,0.013111354576058603942895,3.6797846959842376707233e-16,0.032855870716456362762676,0.019744516140397758819782,2.5059097079451530937876,1.5059097079451530937876,0.39905667663500947820935,True
0.036165764000005537600000,2.3756427692360457324177e-8,7.0858437698159668000000,195.92683759742727502021,85.089944425317239485930,0.0018732753249122789357100,5.6434081991825333316648e-15,7.4218102228142710041974,7.4199369474893587252617,3961.9430865891626840327,3960.9430865891626840327,0.00025240140459990810453866,True
0.60408412183827655300000,0.00087312878247009602489283,4.1292338250213442840000,6.8355278275743347651500,2.9686320164116562089678,0.16913684075790097945611,7.0585490532428841834475e-11,2.1723853534429328926515,2.0032485126850319131954,12.843951345599749810478,11.843951345599749810478,0.077857660239626583779075,True
0.066581859199878409996833,0.0011763245373473315890040,10.140062012503166137957,152.29466606005624497318,66.140733093180877201701,0.00085654453942511470850452,5.5273467380362308698621e-13,0.00089308477118887418314368,0.000036540231763759474639151,1.0426600486978576842834,0.042660048697857684283447,0.95908537135269126924261,True
0.12360393671707936634790,0.63356020787569371139599,4.8332154970825246523682,39.102439820710659918436,16.981973843088619334120,0.0010240039215763582452531,1.1368727310405261436824e-17,0.010997984263424422607916,0.0099739803418480643626631,10.740177875973418790859,9.7401778759734187908585,0.093108327585251152494819,True
0.024960180904218972622816,1.2870342272450792889354e-6,4.8490365652033129600000,194.27089025559463764149,84.370775632436967183673,0.0052569084996197025246635,1.4345465768741263320684e-12,0.94831287118716171089159,0.94305596268754200836693,180.39364224349062906527,179.39364224349062906527,0.0055434326152704766907854,True
0.33380848986921921970000,0.00044103331289029511843893,16.456850167874216699604,49.300274460729698823964,21.410837154610722442396,0.0014199332583300685114337,2.2181101892198719785992e-11,0.0014443647249837450578453,0.000024431466653676546411595,1.0172060669121938163084,0.017206066912193816308413,0.98308497415432829877629,True
0.27752468184780101830000,0.000026670930328792313805115,9.7146953994687795249551,35.004797896846069062316,15.202390566738802777193,0.0041525493859166302537276,2.3062721311888977548174e-11,0.023937229182763717770759,0.019784679796847087517031,5.7644658637767974343887,4.7644658637767974343887,0.17347661060565531428754,True
0.27340779392166421083077,0.81862894148107124992482,9.6904175493541486000000,35.443091838598467934583,15.392739207093494879866,0.00093907427436168747336354,1.0425818812295068080789e-17,0.0039299140184376245508278,0.0029908397440759370774643,4.1848809255358277896382,3.1848809255358277896382,0.23895542496754816095934,True
0.79397268095582899081859,0.00020720061167483442529114,38.411732272563502953363,48.379161139803070030641,21.010802722124708460919,0.00056858824691631724576546,6.3125976325774910260901e-18,0.00057099957535869401483542,2.4113284423767690699569e-6,1.0042409044778086305345,0.0042409044778086305345413,0.99577700484126979257061,True
0.33419838930957646760410,0.023389938521207252752582,9.9056990056507798000000,29.640175783357468194808,12.872564785354543035356,0.0044874137248400049739045,3.4729241051765876871903e-11,0.0046454872248533902260223,0.00015807350001338525211771,1.0352259697246928646106,0.035225969724692864610573,0.96597267576849832141507,True
0.41633265297870881397786,1.3090814090167065127561,15.638828608397944314490,37.563300635940538480742,16.313534188261886058376,0.00052152697998987727712481,5.7901126114798506700615e-18,0.0020127701687788101805050,0.0014912431887889329033802,3.8593787972731105925530,2.8593787972731105925530,0.25910905680120379537888,True
0.45773654935850746972985,0.00014873409723448679340675,7.0044122887188118000000,15.302278785766855054902,6.6456952372037377835419,0.019793252100242362726928,3.6866750543252192226661e-12,0.22684694603399814501776,0.20705369393375578229083,11.460822349209631339984,10.460822349209631339984,0.087253773728458730382737,True
0.016884271540902989911490,2.0026922707184124316628e-8,27.852246481705394750413,1649.5971658730990269070,716.41094650193010871517,0.000023526193496846923945884,2.5292796727296552303969e-14,0.000023702579891087706929033,1.7638639424078298314900e-7,1.0074974472289545269817,0.0074974472289545269817495,0.99255834617787301782518,True
0.014661197981372061157018,1.7145361982766614694051e-7,9.0724839982891606000000,618.80918665830038476707,268.74541511673921876093,0.00027556285996548834213439,6.2157325220143965665283e-16,0.017881944895349902330365,0.017606382035384413988231,64.892434697438718101233,63.892434697438718101233,0.015410116828910869224819,True
0.84938822137586548000000,2.7440846268747305154823e-7,16.433155275540616647601,19.347048689846063812096,8.4023164871136833419261,0.0036254339605065944080013,2.9810713232582385539048e-10,0.016070045594669009647915,0.012444611634162415239914,4.4325853869431638131125,3.4325853869431638131125,0.22560197101800858230979,True
0.62851057550840324800000,0.083308794925915868566561,13.567712602914006377222,21.587087205237654318258,9.3751528535990035356005,0.0040302481000226297925109,1.0450686691055395175574e-10,0.0041673588679530672700617,0.00013711076793043747755083,1.0340204286504514702977,0.034020428650451470297656,0.96709888150386629557244,True
0.029549936505041915663901,0.048038893354940494265580,8.3425780003780498000000,282.32135114586826125342,122.61060492612088822287,0.00023595937701660453515282,2.6196753324004232512792e-18,0.00062964540745761027150987,0.00039368603044100573635705,2.6684483380938148827055,1.6684483380938148827055,0.37474961974131459028458,True
0.095277442438423978652973,4.5559123878113321365910e-6,7.1994876453663208000000,75.563401589197930342330,32.816768344028070953276,0.0039926233746584838418912,3.4310543440406617422603e-14,0.23914259011225846242356,0.23514996673759997858167,59.896105310136834580536,58.896105310136834580536,0.016695576362137183971298,True
0.61537005621865907200000,1.6077823042097568011218,12.530750270272064524086,20.362950949013223624246,8.8435172324230280770954,0.0014270292661703315443619,1.5843207481162430059340e-17,0.0048763786335657989923652,0.0034493493673954674480033,3.4171539078889149354784,2.4171539078889149354784,0.29264119409177869138207,True
0.18266569810423124950000,0.072325417588702981180073,7.4642134513086292000000,40.862699065970552492080,17.746444720024173469927,0.0040648030154953051418477,1.0874834545798467052390e-12,0.0052569170696162397318857,0.0011921140541209345900380,1.2932772017675923919319,0.29327720176759239193190,0.77322943498365666193225,True
0.62706628760140948402592,0.00016458240570867832953558,9.5161776664074544000000,15.175712447894104386745,6.5907281750708996120694,0.0098638661923348618165356,1.6918754864438398389860e-11,0.030235679244703051013344,0.020371813052368189196809,3.0652969794135058253228,2.0652969794135058253228,0.32623266414836371160109,True
0.27766368050364502857823,0.00012216347448664617616387,27.608909075340946590259,99.432914759546705548850,43.183166199627538266837,0.00039403557698330897580542,5.8495351395149061119555e-12,0.00039702712753568274854735,2.9915505523737727419360e-6,1.0075920823578336236686,0.0075920823578336236686006,0.99246512304853801804175,True
0.016128536801315641441245,0.000035936086720369550695450,5.1899597995768585000000,321.78739234135000215058,139.75048883988502427075,0.0019083784121107936591717,1.6363032077362163830418e-14,0.011314977839303023578821,0.0094065994271922299196497,5.9291059715918208744713,4.9291059715918208744713,0.16865949180050231085248,True
0.18719202803249350385724,0.00043507081436075717213542,9.5157629628337396000000,50.834231899992863422997,22.077026405957157394904,0.0028847381789938847404706,5.5166084809786917967629e-13,0.0036021074854361664287136,0.00071736930644228168824301,1.2486774403535227781689,0.24867744035352277816887,0.80084733469428439849906,True
0.22459252443933579300167,0.25475156587878054767589,4.1125478094070049200000,18.311151805579514840493,7.9524321864559496366706,0.010381786450534281342281,8.3022762072882541869608e-12,0.036211740565502035358716,0.025829954114967754016435,3.4880066872920949422866,2.4880066872920949422866,0.28669669804341672253544,True
0.013539798601604561085410,0.000063965886181851980491990,9.1453249297972268189326,675.44024832935415161519,293.33997270480061711353,0.00023069234461742371674287,1.8838275929265358808283e-12,0.00027415355241811735359567,0.000043461207800693636852796,1.1883946685477100201623,0.18839466854771002016230,0.84147129439924223926137,True
0.81939349432748934637405,3.0466788278957285030110e-6,5.0156016381787367200000,6.1211147914900784382533,2.6583663770405149546663,0.17940475230060091128024,3.5316405723475754615253e-9,349.70917010067819177361,349.52976534837759086233,1949.2748414753495386258,1948.2748414753495386258,0.00051301128949221395108032,True
0.45613421019587193400000,0.029248709013443237168130,10.660149116957869377300,23.370641531974145551616,10.149740655875331124893,0.0051417439183833693575830,1.5694538478668421002802e-9,0.0052928365359565940934359,0.00015109261757322473585287,1.0293854808741097718216,0.029385480874109771821565,0.97145337541660594598566,True
0.015328772307656898661977,0.00013826485460787010305624,26.312982065596770171910,1716.5746569575654782131,745.49890129163813458060,0.000024049406644246488548456,1.8792827139044720264265e-14,0.000024248600330532949635134,1.9919368628646108667750e-7,1.0082826861066909364286,0.0082826861066909364286493,0.99178535323394960282721,True
0.26008812025560757900000,0.033805725205000765822101,8.2068535171731712000000,31.554126767142217989779,13.703783136245560087416,0.0054429574159313803518751,2.1684869867715541770014e-9,0.0058820389588072569440857,0.00043908154287587659221061,1.0806696634426529777815,0.080669663442652977781519,0.92535215323277758549883,True
0.38100340100745724330000,0.00013489823235352856032570,4.5108224360208528400000,11.839323281874232208703,5.1417527707866767768578,0.090156726933027415335002,6.8029526178998602033660e-10,3.2794168422331784226809,3.1892601153001510073459,36.374621770256598366162,35.374621770256598366162,0.027491694795234861242999,True
0.059440612270022918405993,6.1018433508577224031309e-8,4.5964656131876533600000,77.328705705572657442072,33.583430180650710830050,0.020125968106427567615449,2.9288081425617214918961e-12,154.73762430339447545445,154.71749833528804788683,7688.4562017156532887229,7687.4562017156532887229,0.00013006512279758494876048,True
0.96612658540619928400000,7.5843168651180260538157e-6,7.2648166219435713602825,7.5195287363810035012618,3.2656898367232018080510,0.041522512418923705675910,8.0697182274475745469478e-9,13.521398807040915255451,13.479876294621991549775,325.64018936577152194783,324.64018936577152194783,0.0030708740280112100446677,True
0.43450781230299094840000,0.015606002921510015217760,9.7603712648755840000000,22.463051269765163144676,9.7555792131688446338336,0.0061079706190577922815156,1.9615322833819408342022e-15,0.0063171463087597898524087,0.00020917568970199757089307,1.0342463483778618346833,0.034246348377861834683252,0.96688762940127883963473,True
0.89431925265589054600000,0.016747007820231878546749,21.552140892290673343515,24.098934276866501116811,10.466034176192253838835,0.0021345787718532880452973,1.4802022279485750989140e-9,0.0021592990722015041170274,0.000024720300348216071730160,1.0115808798785876454197,0.011580879878587645419686,0.98855170149125632910581,True
0.20438483517953358760000,0.62913663277998979220636,9.2854883262582178000000,45.431395720243903304613,19.730604466464938396143,0.00074549821157551364195263,8.2766927930801168575971e-18,0.0032571765374480035417658,0.0025116783258724898998132,4.3691272317936001276895,3.3691272317936001276895,0.22887866316254727160378,True
0.010146043009200433721155,1.5415206358134964137798e-6,8.0944858682312369275070,797.79731476509173183039,346.47897147971103324940,0.00026694503694537490005956,3.5037000169300109703469e-15,0.0030952003078126851670816,0.0028282552708673102670221,11.594897373746857091491,10.594897373746857091491,0.086244834065042951896259,True
0.015447257379503680429845,1.3530812502003040583369,9.8316321965678356000000,636.46458105974313915979,276.41305548111137269214,1.8243539458370054871238e-6,2.0254397557339991834510e-20,0.00021411163426246652470267,0.00021228728031662951921555,117.36299019773438641695,116.36299019773438641695,0.0085205736349695044440236,True
0.64936157774507821000000,8.3154159799794847611878e-8,6.5269390020611148001477,10.051316902250435421861,4.3652314665082509458194,0.051672917767475297774478,6.0197659826445868512343e-11,1311.2581480948247179703,1311.2064751770572426725,25376.119730559814755534,25375.119730559814755534,0.000039407128064411103258785,True
0.77035865943047388400000,2.2387668766260966084315e-6,8.7790551796502732457012,11.396062174650737714462,4.9492469178771874792487,0.016462650503843772982404,7.3279778906024557349333e-12,5.1926040518395243386463,5.1761414013356805656639,315.41725620835672913354,314.41725620835672913354,0.0031704035854633935402050,True
0.19596173227595498260000,0.0088277452062587386718247,6.4354685677833399076346,32.840435186196752880564,14.262419784666640258940,0.0085890264471604815700080,3.4464316548291000233379e-12,0.010464239987762704160373,0.0018752135406022225903652,1.2183266697498836079238,0.21832666974988360792378,0.82079792294565382461079,True
0.16970124311802750430000,0.91676337480043097539229,12.316195379466169887093,72.575752264232000791242,31.519248728333392523047,0.00020460250476841494034697,2.2715441168987263569718e-18,0.0013988333974382472268313,0.0011942308926698322864843,6.8368341776732199720898,5.8368341776732199720899,0.14626652833933878397673,True
0.85145536428097859806347,0.000014529551266661522834786,5.9818967967726545827744,7.0254966351925412117298,3.0511344212939836965138,0.080582192204343913485034,1.5588864098472160103332e-10,24.637794791378629648808,24.557212599174285735323,305.74738806932692812445,304.74738806932692812445,0.0032706738929630830602682,True
0.14853544641914164660000,0.19451742533276134409781,7.3220671886316730000000,49.295083194957051937500,21.408582616531568678546,0.0018424418191006760142626,1.8544630637678279083098e-14,0.0043886446926223168236131,0.0025462028735216408093505,2.3819719282991966129415,1.3819719282991966129415,0.41982022882781480432729,True
0.20702639617912762311280,1.4276750004193657867096e-8,23.207865554284367108068,112.10099766313848137556,48.684844700950370620873,0.00042273963280222054401317,1.9904635562561483123368e-12,0.00043826297481559544929820,0.000015523342013374905285027,1.0367208106570824582236,0.036720810657082458223594,0.96457984610745057154470,True
0.028451375657566938960377,2.1536990444829857964014e-8,7.4343969827570698000000,261.30184607716199060133,113.48194986244432269894,0.0011918972580121371178233,1.7366307507789119800704e-11,3.3884740462238861672211,3.3872821489658740301033,2842.9246090180880811111,2841.9246090180880811111,0.00035175044629318818119829,True
0.34765886362058068240000,0.0055262180011294407381108,4.2677434137470870800000,12.275664049816118472009,5.3312531585332653058634,0.063515769381514709180865,7.0643748528326466865612e-16,0.15597548496443180426567,0.092459715582917095084803,2.4556970101007085912913,1.4556970101007085912913,0.40721636093004397718428,True
0.36304389460655390350000,1.1666408036219097043249e-6,6.8978931132176097995397,19.000162833458884356748,8.2516658738344474215438,0.020016654872053409609987,1.9971381044590055410029e-12,18.955356261044404061960,18.935339606172350652350,946.97922216310201219514,945.97922216310201219514,0.0010559893782207673481092,True
0.037087900808579132500000,0.061592357546173748606251,6.6037419876080686000000,178.05650478013838553527,77.328957492994082622051,0.00046990181357227832979040,4.8262846763779564059053e-17,0.0015134228957163054932546,0.0010435210821440271634642,3.2207215465098798116321,2.2207215465098798116321,0.31048943088037071413095,True
0.97085565251465699800000,4.1291918293937464444501e-6,34.536258718220528042152,35.573010909259895865314,15.449162342575751687783,0.00086575111325490732671338,2.0513767628764793036902e-17,0.00087019755152264852111868,4.4464382677411944052979e-6,1.0051359313313779220974,0.0051359313313779220973786,0.99489031167697388364646,True
0.072009747567171968333392,0.0025096549262372195171658,6.3607772461653479800000,88.332169755655680786178,38.362173899422574473921,0.0033371512545878391133033,1.2231212620840135690840e-9,0.0043205727998715841313180,0.00098342154528374501801465,1.2946889338419286812598,0.29468893384192868125980,0.77238630366025212477521,True
0.10888519935393931969556,0.0077177302869052617198502,4.9233846173317601085123,45.216288775189156978661,19.637184707208596082666,0.010060920200686669446367,1.9939126937357185586169e-9,0.015371352795640996246933,0.0053104325949543268005661,1.5278277224176654965056,0.52782772241766549650562,0.65452405747526283238872,True
0.27138933351486828730000,0.049103765514203667268381,4.4745029635805433400000,16.487394348294841971013,7.1603843864273107070805,0.026636760038107381078799,4.0635987944620371834631e-11,0.042635868284935174155791,0.015999108246827793076992,1.6006401763554940234990,0.60064017635549402349896,0.62475003112623676750310,True
0.38605827176145355600000,0.59831754292810296237930,4.8366452045859176200000,12.528277616013609714196,5.4409618363867375737482,0.0098403977284899547736068,5.9974518837571165549919e-12,0.034799704418786673608997,0.024959306690296718835390,3.5364123868727830630431,2.5364123868727830630431,0.28277245145730608626844,True
0.70887648851310941200000,4.2891226910470778330273e-7,8.7309673600118224000000,12.316627087358052024124,5.3490431796997227921416,0.015800187267117818488813,2.4573482754599489998930e-10,24.168954393882553492532,24.153154206615435674043,1529.6625277461865518988,1528.6625277461865518988,0.00065373896651139495080077,True
0.75341440049077837900000,0.33254045504569418462316,5.2763859316236930822866,7.0032984877732966118037,3.0414938883613308563500,0.036279215438502519375936,4.3679001905352624173471e-9,0.056486760858901709871612,0.020207545420399190495676,1.5570006180164872972443,0.55700061801648729724426,0.64226050293668596358889,True
0.34433654473804217050000,0.0025342707119485850853673,5.0117932596402035200000,14.554926963831215173447,6.3211244648967477467606,0.040817640556004359167810,2.6008952419978054284734e-11,0.11472828885229585842325,0.073910648296291499255438,2.8107525885745762526588,1.8107525885745762526588,0.35577660021194978768673,True
0.21940589368151742520000,3.4669620641311743032793e-8,8.9970825895994083230937,41.006567502053001023106,17.808925987934831555751,0.0044705644337956341626841,4.5898894487247628238259e-15,21.228558047552385064831,21.224087483118589430668,4748.5185286835796515343,4747.5185286835796515343,0.00021059199705328465679273,True
0.31147001457342427900000,5.5136059311709305699104e-6,15.947961584774258382782,51.202237257464060088409,22.236849102017731734879,0.0014189744365605776406396,2.9920130130844972175804e-12,0.0015818511026404314275862,0.00016287666607985378694653,1.1147847782759547944099,0.11478477827595479440988,0.89703413563515587357810,True
0.11961662862759980911892,0.000046499932573051671294383,5.2389093140135078800000,43.797500181381179933273,19.021012649930517487672,0.015889721351998187805722,1.8427984967840894483432e-16,0.38560286497659698870761,0.36971314362459880090189,24.267440343005516917899,23.267440343005516917899,0.041207477421005590467117,True
0.12650166325935079853344,0.0014415873651062119008684,4.9913341519319372200000,39.456668183870585314315,17.135813266542596070352,0.014455507278127251257724,4.8564648444317752028524e-14,0.033598415243429077118712,0.019142907965301825860988,2.3242640051980133353829,1.3242640051980133353829,0.43024372350283246127269,True
0.30036443043712663900000,1.3843156413168955466339e-6,9.9794595198331264000000,33.224504996513103094250,14.429219183952659778921,0.0042524322314255092480226,1.2611057777615781984875e-11,0.33718164808340039284039,0.33292921585197488359236,79.291480671138092153505,78.291480671138092153505,0.012611695374279945685017,True
0.046058469214061845461926,1.1745043352033365552043e-8,5.6963700573124221792449,123.67692966168524565590,53.712208090806512102685,0.0066718713896936890137104,9.5465801475649859239394e-10,125.17679415411519648161,125.17012228272550279259,18761.871571367649499502,18760.871571367649499502,0.000053299586674822593243054,True
0.99106831910956429000000,5.3864967898838480084358e-7,5.1263797497619338648122,5.1725795799504351381314,2.2464227687779141933001,0.22060388506002599631431,9.9679533174490772012435e-8,2524.3620038400221318902,2524.1413999549621058939,11442.962589499033082160,11441.962589499033082160,0.000087389956244170459796092,True
0.45743961355724293270572,2.0461844992520657429090e-7,4.3473315866667145960000,9.5036185276129339860135,4.1273690846558041387085,0.20288422271123560657889,2.2647749249720606298566e-12,3744.6296254769128578804,3744.4267412542016222739,18456.977952428715468429,18455.977952428715468429,0.000054180050633284311473465,True
0.89286974202875427100000,0.000089960293125005147976102,18.108153023201518667806,20.280845201514688296798,8.8078591593518724623126,0.0030895161228490275210299,1.9954594344641030237153e-9,0.0031415873267270052207291,0.000052071203877977699699136,1.0168541615604063362420,0.016854161560406336241953,0.98342519291601963624152,True
0.39003814792482546700000,0.013797746019621477680249,39.901315109273184314770,102.30105778515700099975,44.428784888959386667788,0.00025810967757463781157052,2.8655930692193830356695e-18,0.00025931212057128942799628,1.2024429966516164257609e-6,1.0046586513452363865143,0.0046586513452363865143431,0.99536295104909666627611,True
0.72529323309928920700000,0.00050141191845003616510789,7.8090444233894902000000,10.766741046266550538107,4.6759362244748070814943,0.020733864900948235859844,1.3530082838200403696622e-9,0.081315662566799514306155,0.060581797665851278446311,3.9218767439292348306789,2.9218767439292348306789,0.25497996630004333978342,True
0.84677178662750431000000,0.037517133842043090485665,11.830935304546278294899,13.971810931096500559515,6.0678803895707452305198,0.0075028414450566311286689,3.3049228568699003719447e-11,0.0076815476629249381392453,0.00017870621786830701057642,1.0238184718652225421820,0.023818471865222542182020,0.97673564941465712076769,True
0.63264393349076395369968,4.3131822347480746781836e-8,5.7683067583452093210492,9.1177777150524459082346,3.9598005488677172687352,0.091775700856042153154055,2.8901168324010526472253e-11,5898.8227341676549880996,5898.7309584667989459464,64274.341455811389460477,64273.341455811389460477,0.000015558307986515894717803,True
0.075062065297390427451125,0.0034483147988955806966228,15.137067789672968689804,201.66068878735230973522,87.580124357156076433170,0.00038253736299753750066948,1.6487300608738241186216e-10,0.00039008583339862268471258,7.5484704010851840431000e-6,1.0197326356357346867713,0.019732635635734686771348,0.98064920652124395710808,True
0.056700127112692799023669,5.0512806555368602256373e-6,6.0886104994080262000000,107.38266048869297282034,46.635696902329705343810,0.0045500598476494638638094,7.1842381495307697914865e-13,0.28023481310882019178500,0.27568475326117072792119,61.589258711308593003918,60.589258711308593003918,0.016236597434746960639128,True
0.061213988038082420595157,0.0052483917136580272902158,10.984059467432406504083,179.43708324638166083096,77.928535102717991909182,0.00064028865005002321854349,2.2426914654705265440379e-13,0.00066248113850528341756036,0.000022192488455260199016872,1.0346601309480128809276,0.034660130948012880927553,0.96650095049448232774033,True
0.28564504306871217400000,0.51611665240686450702230,5.2924362446195341563530,18.528017107394486873678,8.0466155903504752540708,0.0052951444766223702888642,7.7613153388845805984477e-14,0.020035152280275739747125,0.014740007803653369458260,3.7836837821383907747911,2.7836837821383907747911,0.26429269927912393620190,True
0.025543235576288450107510,0.044290356150095913674634,8.0288827144812382000000,314.32520326181292160221,136.50970129972336422937,0.00020912151918131453838663,2.3217152553968671975605e-18,0.00060353149984846481481772,0.00039440998066715027643110,2.8860324954180596074486,1.8860324954180596074486,0.34649644506346552144225,True
0.11988860831496096672277,0.72446878691018352971213,6.2484970638119656000000,52.119189234363746836879,22.635076285755543729372,0.00050461493741414446855018,5.6023512208696548268543e-18,0.0051839022817208989586025,0.0046792873443067544900523,10.272986186824664989726,9.2729861868246649897259,0.097342679315827603349035,True
0.070266611603903180350621,2.3162621443755535817917e-6,6.3800570469040304879764,90.797846961352980849273,39.433003904011541090368,0.0048933450082942259708494,6.5417003778058756191111e-12,0.65946277367369803233329,0.65456942866540380636244,134.76727525974722768439,133.76727525974722768439,0.0074201989917257278002595,True
0.038955304296579363330724,7.4625047758040329017516e-7,4.3104173807050276600000,110.65033269637486172811,48.054828910794566393861,0.013929378005469750544583,2.1776421679872615510794e-10,7.8165082116098357553628,7.8025788336043660048182,561.15270965727761972723,560.15270965727761972723,0.0017820461040110580282549,True
0.88799991975330203800000,0.16132100056989019142199,12.513735155043817115874,14.092045366986402418055,6.1200975416124799052794,0.0067370887023805900173976,7.6603359277734423354475e-12,0.0070673976582920144218747,0.00033030895591142440447710,1.0490284409933192340602,0.049028440993319234060231,0.95326300119480604910503,True
0.36017865596522099170000,0.00012699259248849912978490,5.7830320760698611705347,16.056009928107103806532,6.9730365131607422724184,0.032669385248503932449849,3.8794217890729750825909e-10,0.66675408075913296902962,0.63408469551062903657977,20.409140719587505007816,19.409140719587505007816,0.048997653244668856719617,True
0.13218436932475990150000,3.4379270075303323092697e-8,9.7742843556601453822744,73.944327953375430643032,32.113613598195324217588,0.0020327860769556924218463,1.3220594775542246389788e-12,3.2630903535201917633472,3.2610575674432360709254,1605.2305702560730606054,1604.2305702560730606054,0.00062296346613961870822100,True
0.49378530526051177540000,0.17796360572323273937555,20.062947347425336173676,40.630912126557725567522,17.645780931259939379333,0.0012707705505144993718187,1.4108387241967827575124e-17,0.0013896537820425726541420,0.00011888323152807328232335,1.0935520826162841077683,0.093552082616284107768267,0.91445118700477062977155,True
0.33437258199979051116473,0.040941768330665445266101,24.362644819888936524056,72.860773075898310473746,31.643031694067656800852,0.00061094624572883442746863,1.4427767061986915594452e-15,0.00062225724220648612164350,0.000011310996477651694174872,1.0185138980012196129055,0.018513898001219612905453,0.98182263586431940513632,True
0.42277979125774522450000,4.0149521264663702880342e-6,8.6887802556085120000000,20.551550559594860075027,8.9254250025877349305701,0.0091978389206553679013407,4.3856148190312128365880e-10,0.97128422455791049140034,0.96208638563725512349900,105.59917747382166376056,104.59917747382166376056,0.0094697707304387180694834,True
0.76378085960415139000000,0.018950708145503878016208,24.907516769325853823891,32.610815597336125769193,14.162697264287576512970,0.0013438328281193148089260,5.3718454719994909311997e-14,0.0013564581501140548265330,0.000012625321994740017607025,1.0093950093572346142006,0.0093950093572346142006202,0.99069243530021295170091,True
0.20804024929629521350000,4.0496409142069842465710e-6,5.7897647635377353800000,27.830022234264067816940,12.086425087585692196177,0.022469722448460662730651,9.6999680333546992789642e-14,6.6400953734235231686762,6.6176256509750625059456,295.51301261749307288733,294.51301261749307288733,0.0033839457394533847019262,True
0.92265092008665345100000,2.7578819325051224742306e-7,9.4992577871847364000000,10.295614062025306289578,4.4713283749431144222135,0.015524094940475180878513,2.2114365841901197507420e-12,26.918085346146882586807,26.902561251206407405929,1733.9552128069464270800,1732.9552128069464270800,0.00057671616464717599147463,True
0.47612040235426141300000,0.00010146127276246688765164,8.5068199696986532000000,17.866951148564899850915,7.7595182922567033550648,0.010546687673858977693530,1.3333462287155512386113e-16,0.069538830777137220928830,0.058992143103278243235300,6.5934284703903939100635,5.5934284703903939100635,0.15166616343693957651011,True
0.67788579403694120500000,3.4016219096284321961317e-6,5.6801667832611085436843,8.3792385579208189962043,3.6390570682559730668183,0.085686645671986521438422,7.9130507346413170770252e-9,95.527460830866280983506,95.441774185194294462067,1114.8465444259654425384,1113.8465444259654425384,0.00089698443700599176575165,True
0.044029876274092067050000,0.33607612968599718605408,24.107062409549577257040,547.51601525018559884513,237.78318417681228124711,9.8547267196220766640376e-6,1.0940944505513168361875e-19,0.000083787107222111861807854,0.000073932380502489785143816,8.5022253387585618580179,7.5022253387585618580178,0.11761626634868905029078,True
0.96934412544642951400000,0.049314445313413231026895,13.462930618328192318780,13.888700890540669785484,6.0317861575665924569600,0.0064010303277882431628159,4.6096571649681505083893e-11,0.0065423173773846757428133,0.00014128704959643257999740,1.0220725480682500826553,0.022072548068250082655276,0.97840412785768690600175,True
0.096184632283139021500000,0.00023636495527423733059696,5.4697315014756473800000,56.867000181217937113380,24.697024381094171793268,0.0092983477283558806832981,7.3733699154863932084653e-11,0.044860453195104778445714,0.035562105466748897762415,4.8245617937367603357439,3.8245617937367603357439,0.20727271050776024089277,True
0.78939499017522676600000,1.3163172685229080696058,19.083736922867763354792,24.175143192423391483137,10.499131287690442208713,0.0011449356169112017158489,1.2711338836082239061559e-17,0.0024740581354109592773824,0.0013291225184997575615336,2.1608709685226264663048,1.1608709685226264663048,0.46277635942496536266312,True
0.67990349125825038100000,0.099977344014097817734476,7.8681072979871209077345,11.572388433285081023005,5.0258244390167283905822,0.015682710433853504878178,1.4130447577017396680052e-9,0.016992524178135936294791,0.0013098137442824314166127,1.0835196026737189599621,0.083519602673718959962075,0.92291823565755157066624,True
0.066767737100375776784458,0.000014136016706314908323237,7.0241396219205226000000,105.20260124078684560944,45.688909200741920989971,0.0029077891435062740924159,4.0276675175415258034991e-11,0.048421374317750417409080,0.045513585174244143316664,16.652299024461895046643,15.652299024461895046643,0.060051768139103192322930,True
0.36414812530219219970874,0.093574983352833813651284,7.3387873036806226000000,20.153302444137126349369,8.7524680436160720466034,0.0093115824952384308033340,6.9321184963610210599928e-14,0.010980938985020331028650,0.0016693564897819002253162,1.1792774204208083929933,0.17927742042080839299332,0.84797689049550716184756,True
0.75426037178960110600000,0.000097178536441668378230004,8.0390003158023442000000,10.658123661897488140314,4.6287642938045587640418,0.020399731043048602334437,2.2570615877025607062772e-16,0.28340819272572405622087,0.26300846168267545388644,13.892741631135280480270,12.892741631135280480270,0.071980032923010781828909,True
0.17336231184766408300000,0.00098816394626144685253758,7.1125341277192222000000,41.026991691072432173210,17.817796100523319492061,0.0062699521846830448349011,1.7270845679746165650081e-11,0.010245505629382563084790,0.0039755534446995182498886,1.6340643959632505929859,0.63406439596325059298589,0.61197098625389153320410,True
0.69283324986742459000000,0.011926037152722612803770,7.7129168946527878000000,11.132428901367932508861,4.8347524420443731903356,0.018649601957652183006285,7.2799713013628554702364e-13,0.021283561443079695846719,0.0026339594854275128404340,1.1412340859289366102626,0.14123408592893661026263,0.87624442025495976882500,True
0.24973730988011906444393,7.7519441728805897145730e-7,8.0166027468103210000000,32.100140546314508954122,13.940913907583226745317,0.0074341384799829709624990,2.5836007455096626678518e-12,3.7311848603630242781869,3.7237507218830413072244,501.89875671667218269745,500.89875671667218269745,0.0019924337062355225022160,True
0.084690676229788444935701,0.0017965852727901098972005,8.0539242017856068058358,95.098121308338091363046,41.300589323577284238990,0.0019993429058214369618536,2.0898184445344559331464e-13,0.0022455300781410745114960,0.00024618717231963754964240,1.1231340414907420279162,0.12313404149074202791616,0.89036567591940714991859,True
0.42775587307465474575658,0.49833156650274246392075,6.1975793982798972400000,14.488589843857632432402,6.2923146197468667716710,0.0082070754597009756949003,8.3623153838694757469276e-12,0.019342348665079862113778,0.011135273205378886418878,2.3567894263987429493274,1.3567894263987429493274,0.42430604482473223565334,True
0.055049201365578830844208,0.19776967574482209633038,8.5793950302515230000000,155.84958214518345092430,67.684613532580733380260,0.00020340412809120825238732,2.2582394631066398506119e-18,0.0010748536300772698833704,0.00087144950198606163098303,5.2843255452283435729702,4.2843255452283435729702,0.18923890881457578923940,True
0.93789643170131815600000,0.13761178821927383729670,11.067177698821515971236,11.799999791817058184795,5.1246747960456687095540,0.0094980974619851801189823,1.0545134128965847278667e-16,0.0099136608319910980483163,0.00041556337000591792933400,1.0437522747759909575921,0.043752274775990957592096,0.95808174426697079446532,True
0.16750818770131778001860,0.68645966975015388363608,7.6763171647201906000000,45.826519109667385702337,19.902204374162466496920,0.00068202205691719546895438,7.5719659089167942543204e-18,0.0042585710043553388353726,0.0035765489474381433664182,6.2440370676638884665748,5.2440370676638884665748,0.16015279684656561397121,True
0.020604686256004476477907,7.2177763713256926803243e-6,9.0944462418182182000000,441.37756473569098848417,191.68784080060591205183,0.00036854118614366589931761,1.6321916363489249473567e-13,0.0011775637071525720270217,0.00080902252100890612770408,3.1952024669870422327782,2.1952024669870422327782,0.31296921254037557745905,True
0.51921703637803626934746,6.6249546846372028621421e-7,17.948026703844027750239,34.567484204767628196124,15.012467643408398098295,0.0018313027335168813106299,2.3218199925424213676355e-10,0.0022422456515968949389763,0.00041094291808001362834640,1.2243992271506241790294,0.22439922715062417902941,0.81672707547125979585909,True
0.27424969896065029300000,0.000015890501384095444823248,5.8489014300377523915429,21.326920146873016077712,9.2621637357782398912075,0.026641131118619924485394,4.8025130432435142884540e-10,2.7546239282922032277168,2.7279827971735833032314,103.39740891733201529460,102.39740891733201529460,0.0096714222384384601521949,True
0.57428155224045698500000,4.1380098708664095049757e-6,34.491106953029470602842,60.059576732821335450615,26.083542760509239997126,0.00051349601272239097554020,7.7226947326780928100760e-18,0.00051613945769326316266007,2.6434449708721871198689e-6,1.0051479367032618046950,0.0051479367032618046949513,0.99487842882098899389798,True
0.69007806241292971900000,0.00011183712995185909830412,14.473393779852137672706,20.973560192950361253190,9.1087014576640435758502,0.0038918349765539199785711,3.9132639770589885763595e-15,0.0041253108704981433365750,0.00023347589394422335800391,1.0599912111769337846648,0.059991211176933784664752,0.94340404850119078131737,True
0.021960610985282294518778,0.0032268806000829023521275,28.864367272192217315983,1314.3699549860760798884,570.82361862987833739257,0.000028053703566714848784031,3.1145867625775703257071e-19,0.000028606673971315788660903,5.5297040460093987687188e-7,1.0197111373650154364896,0.019711137365015436489646,0.98066988126073625028905,True
0.021749524855764073873061,0.013892172827688077685519,4.9243056152384696800000,226.40980195635983541675,98.328527638455146786775,0.0010184775407311184004319,4.5810991255190876723138e-10,0.0024908429911568613767533,0.0014723654504257429763214,2.4456533320988101756062,1.4456533320988101756062,0.40888869525175926946084,True
0.56256886919182455100000,4.7662186063438248932729e-8,7.1465399133351706000000,12.703404515791551438633,5.5170184825931214825061,0.029883777588512879610361,3.1190404402093057514056e-9,834.19744091284962475473,834.16755713526111187512,27914.725253259461895561,27913.725253259461895561,0.000035823386794152130720846,True
0.038572732725355391923829,5.8082317724479375133744e-8,8.5532435561811226000000,221.74326141426674964030,96.301874831446310172351,0.00091333971350236121533876,1.3203897433998610454300e-14,0.64619722425400444507590,0.64528388454050208386056,707.51026666304471494103,706.51026666304471494103,0.0014134070516269341657275,True
0.10015268927436906748486,0.00088502886004819260950275,7.5446997296150380000000,75.331973452517831967928,32.716260381310752679310,0.0029494098083282142248710,9.7228484120298461344591e-16,0.0039102055651196885895646,0.00096079575679147436469362,1.3257586497740960051636,0.32575864977409600516355,0.75428510322779792390175,True
0.54526419104196525636309,3.5276727773068378006279e-8,9.5690611896875146000000,17.549403292744469610330,7.6216090107336810933968,0.0090761796597498407368990,8.7603618622583883670613e-10,67.965522942918195364000,67.956446763258445523263,7488.3404131283440331985,7487.3404131283440331985,0.00013354093762174975758124,True
0.66411789587992866700000,0.0035150064183648880407400,6.0077676424802230000000,9.0462366392343336158288,3.9287306544104889328203,0.042957097200426022433990,1.7612638272928666856827e-14,0.10047358920617273865037,0.057516492005746716216385,2.3389287394674401448117,1.3389287394674401448117,0.42754615954126670862645,True
0.67852616369806293400000,0.072806849345720295465958,8.2782159683545114000000,12.200289998011382750966,5.2985186237557787425007,0.014051464281318548037747,4.1750552257987365205678e-13,0.014888883859143519105178,0.00083741957782497106743097,1.0595966058098530126843,0.059596605809853012684314,0.94375538248888298415635,True
0.66428724886183509400000,0.22881808665232132119321,8.0437425856263754000000,12.108831833530182681633,5.2587988475965935699113,0.012869976087802076416147,1.9483335966873395895226e-11,0.015336559182911563267505,0.0024665830951094868513581,1.1916540542330353169365,0.19165405423303531693646,0.83916972081600774560547,True
0.11544701411009043056113,1.6581348129718104382174e-7,4.1809568592110588620000,36.215374571958116495247,15.728137336660750628232,0.055376600415778849797210,2.6815803619972120677062e-9,364.15660458959210999041,364.10122798917633114061,6576.0014492661122414477,6575.0014492661122414477,0.00015206809300682269647676,True
0.42730780597475533300000,0.011655172434200433800984,5.7625151599430719600000,13.485630450391332682570,5.8567348895914204256189,0.027582345608791025433642,3.5614565549323469796698e-9,0.038508882425741860166373,0.010926536816950834732731,1.3961424083334064506003,0.39614240833340645060034,0.71625931139339370692541,True
0.34014803448759685300000,0.00047359662288989727038540,7.4453836009146322000000,21.888656837692591248504,9.5061228808837744472883,0.011173158604488661606224,7.9025668061726619590370e-11,0.032522540892784960253438,0.021349382288296298647214,2.9107741189424698778866,1.9107741189424698778866,0.34355122010062249823261,True
0.20154908183126165560000,4.5155607730501558033570e-8,9.2450690745429748000000,45.870062967009759352697,19.921115231127041769438,0.0037215776104375639214574,1.3092324076454673666555e-9,10.418631716235278310290,10.414910138624840746368,2799.5202053599815350977,2798.5202053599815350977,0.00035720406592722310143297,True
0.51726000986903228700822,1.7264397367593242707402e-7,38.700193159699417098161,74.817678578125761844401,32.492904955291150609251,0.00036476543699531439353729,4.0497098673965491143549e-18,0.00036629148689380007094949,1.5260498984856774121936e-6,1.0041836471982000869686,0.0041836471982000869686104,0.99583378278477946339807,True
0.17715411184322621235480,0.030181374642275481121786,7.3606422551870662000000,41.549372908154222043088,18.044663380551845547210,0.0047701981158473036859475,7.6013842888898386048355e-10,0.0054592237749055276077728,0.00068902565905822392182530,1.1444438244124869302180,0.14444382441248693021804,0.87378688116331198072344,True
0.84088538251092183700000,0.000052485344036362647340833,24.991391602273737447064,29.720330644407576962701,12.907375599206327162441,0.0014696482693425526999243,5.4081678848021309391824e-12,0.0014828379904156365274882,0.000013189721073083827563902,1.0089747467800470724899,0.0089747467800470724898738,0.99110508284901253771697,True
0.58650409790605933664200,0.000012562379319998581901968,6.9886452945670849600000,11.915765498515681087959,5.1749512036585109528531,0.028518739284641323408893,5.4861510716199968561618e-10,4.1555616705036887496516,4.1270429312190474262427,145.71337214550901650250,144.71337214550901650250,0.0068627881249045725843207,True
0.47928024679606360840000,1.7878876024024816856379e-7,7.8000120289218436000000,16.274428335121417574335,7.0678944220731572551059,0.016709904784925349296087,1.5388292099519665047654e-8,76.157570228587918530706,76.140860323802993181410,4557.6304119513957391549,4556.6304119513957391549,0.00021941226242867724019297,True
0.014875614286994223409467,1.8210730435269584516500e-7,12.864640664201031836294,864.81407866622426045115,375.58398223698593455593,0.00010967815199315376311489,1.2186087239829925507455e-18,0.00037514299891605463734194,0.00026546484692290087422705,3.4203986126559781613178,2.4203986126559781613178,0.29236358484647165246134,True
0.82346621013419033800000,3.4163762503834223764127e-6,6.7829476678242344200000,8.2370686062745663839623,3.5773134427635534243282,0.048348992077739591048543,4.7616516488604119666432e-10,38.079737212323202733563,38.031388220245463142515,787.60146956311698453807,786.60146956311698453807,0.0012696776715699890832100,True
0.30275219621505256300000,0.068725680585114537593259,6.0638881671833434000000,20.029212811642198129535,8.6985766009621222728949,0.012768119333862032130823,1.5572161086151905525387e-9,0.016415461406698919278942,0.0036473420728368871481190,1.2856600864595505558859,0.28566008645955055588586,0.77781056636346157973032,True
0.10605842977144618245675,3.5880521731096995205161e-7,6.0388656912748965675024,56.939044866952420841141,24.728312990559112001681,0.010456959964535842953683,2.4258990157735912848786e-14,14.435737166335452842827,14.425280206370916999873,1380.4908133236997987499,1379.4908133236997987499,0.00072438004682724268489829,True
0.011946295702832634753682,9.0471746321908596093639e-7,9.1067102248687672000000,762.30410257712255575304,331.06446528145477670290,0.00021688348257355729949728,3.8689047412409666074901e-11,0.0023495736123548561263326,0.0021326901297812988268354,10.833345096060897659850,9.8333450960608976598499,0.092307592081010052193382,True
0.26985473364139072300000,0.0046127243613181016766465,4.1986253490612221800000,15.558835275577432890753,6.7571163050249395913899,0.051325138813326977828348,1.2139187409112507079672e-15,0.12588408018949561385912,0.074558941376168636030772,2.4526788061371753716460,1.4526788061371753716460,0.40771747099447607180480,True
0.97645303759693219300000,0.030072082120709765605473,31.015945528862326383123,31.763888619972041411138,13.794881551443354408457,0.0010872032948725100349341,3.7753728396348676700539e-16,0.0010945567614512404446601,7.3534665787304097260436e-6,1.0067636536914586040681,0.0067636536914586040680511,0.99328178598158704366630,True
0.64045170375744026800000,2.2800584334896256976721e-6,7.4734486260859672000000,11.669027628844287397435,5.0677943083836609577490,0.025113315575390744808445,7.5183921891441771808275e-12,15.523272442672665441698,15.498159127097274696889,618.12915128914174387676,617.12915128914174387676,0.0016177848883432304848004,True
0.079397130810288971800000,0.038813271371216873701741,8.2763013185509034443482,104.23929975915941069088,45.270552682861899282795,0.0013075963750104667707578,3.9409883002689235801614e-11,0.0017361115621965929162074,0.00042851518718612614544957,1.3277121253740827002206,0.32771212537408270022064,0.75317531631207340517015,True
0.099570947655355686838529,4.2485893191460469032424e-8,6.7292660657404741600000,67.582625496670391306798,29.350761325737964817982,0.0065919558187921512664777,1.7011172426377488308174e-10,47.620133965760178281380,47.613542009941386130113,7223.9765063361194000771,7222.9765063361194000771,0.00013842791419973531299927,True
0.25539321876396670047971,0.00061210736900819287729934,26.054741968194753392873,102.01814321575402652731,44.305916652617640287544,0.00040905733432545898176451,8.2763042218909107944744e-13,0.00041248282407892603985778,3.4254897534670580932708e-6,1.0083741066741065443455,0.0083741066741065443455140,0.99169543662547361779755,True
0.13912706104214079284930,2.4271904129495155821272e-7,7.9750107776140402000000,57.321779946163420684459,24.894532723491253227930,0.0042806857506859755574886,1.6456567217625230595904e-10,3.8746156119184272928351,3.8703349261677413172776,905.13899818446707141511,904.13899818446707141511,0.0011048026899799982800960,True
0.41223180524179368430000,0.046044797055638562660545,7.2575083812484342000000,17.605406203414018892789,7.6459307658079870929422,0.011993784577315152946598,1.9146134521989611847834e-14,0.013266717464519320075452,0.0012729328872041671288547,1.1061327122392852939318,0.10613271223928529393179,0.90405065227261263198382,True
0.084122165109886782619863,0.029011143371774770704403,15.367272335330718733765,182.67804109959386497045,79.336065214449061393061,0.00038401861571864816435783,4.0693223774659663677240e-13,0.00042275852536780376330530,0.000038739909649155598947471,1.1008802908594890982079,0.10088029085948909820795,0.90836397772120260591078,True
0.44002914560909760160000,0.00047103991419136790787476,14.001920870197409406262,31.820439645686778170607,13.819441349857233480795,0.0026705855950109631493300,2.8202439688775905212930e-11,0.0027465625391424733063012,0.000075976944131510156971202,1.0284495446517220731002,0.028449544651722073100156,0.97233744251269387136091,True
0.15140639453016038050000,5.2007525069598600382562e-6,17.085526544142891858022,112.84547523347456363395,49.008167201648071186905,0.00059383854762903147209886,8.2922682884921999857126e-14,0.00061351872582562441128539,0.000019680178196592939186527,1.0331406209232598799635,0.033140620923259879963465,0.96792244903346848940217,True
0.023178488120139863939009,0.0014450317024782443763122,7.1833492500071368000000,309.91448677644773576041,134.59415146888955902208,0.00072236484501609407273256,5.4214927083977912108384e-10,0.00085015011560818041230191,0.00012778527059208633956934,1.1768985180739786997153,0.17689851807397869971534,0.84969093311165251174909,True
0.80189756914701921400000,0.0053630006266240038837429,34.990379272580150434477,43.634474799318220961185,18.950211626090405037262,0.00069603025440011241258587,1.4716510678685811734327e-17,0.00069954029791505470205956,3.5100435149422894736866e-6,1.0050429467580651226689,0.0050429467580651226688992,0.99498235694869359097646,True
0.040566922533171024195092,0.016450275076712618644641,7.8923443451819674000000,194.55122184160023756073,84.492522093342386081098,0.00078820634356236575241533,6.9206550247650565380482e-10,0.0010232995071917746226036,0.00023509316362940887018828,1.2982634757376923395769,0.29826347573769233957692,0.77025967277696489143500,True
0.095712449253842247191441,0.000018039225130664987379769,8.3978944540877026000000,87.740879264466011489843,38.105379701897037757467,0.0022159167348913207176559,4.6268574541560644642562e-11,0.017421814338637467447564,0.015205897603746146729908,7.8621249906720513797870,6.8621249906720513797870,0.12719207608457524532046,True
0.53758791404768013535202,3.1563567173986870004895e-7,12.320427118196745548674,22.917976383494390338386,9.9531506797406572728776,0.0044016025884391621125991,2.1221712838229289883364e-11,0.36279583232163465432272,0.35839422973319549221012,82.423577556620007575062,81.423577556620007575062,0.012132450806482654109898,True
0.71788512941358636892013,8.4689515298922642694547e-6,7.4284307491613986000000,10.347659318740042817546,4.4939313427435626609272,0.027834281522434563057898,5.3589848332968429208674e-10,5.5467632842588180555022,5.5189290027363834924443,199.27811967368730224358,198.27811967368730224358,0.0050181123830226509029140,True
0.69832656083812673800000,0.000094310998566521164191746,6.7642141816117162000000,9.6863194971323342429403,4.2067151075564538773538,0.035879016824732681163936,4.3321309301416136372401e-9,1.0445715362873779674656,1.0086925194626452863016,29.113716838732261230639,28.113716838732261230639,0.034348070551734622857285,True
0.39687537073704468197894,0.00062520071968312059124564,5.6088795282503220103598,14.132596633129354485662,6.1377087327325541505459,0.036269894626535865437613,1.2742357571179590627457e-9,0.22717280071560605227192,0.19090290608907018683431,6.2633984205016508265048,5.2633984205016508265048,0.15965773416660720198883,True
0.42564665759473469800000,0.28383178628183270169280,8.1749828550256222000000,19.206030892433695814061,8.3410732358473412559941,0.0063627059783417885692663,1.0457690788420497482977e-9,0.0093735749816639370029859,0.0030108690033221484337196,1.4732057419549069913361,0.47320574195490699133611,0.67879181537334027388797,True
0.35518982638460498200000,0.00026519472006218116088622,8.8725975082392958000000,24.979875123540028924558,10.848621924785745604350,0.0067660302973823237645431,4.5307418368716826402982e-9,0.015066210282485066555186,0.0083001799851027427906424,2.2267429527050682384548,1.2267429527050682384548,0.44908641061833859822692,True
0.50823938365125641200000,1.0690938769248724954594e-6,6.1867841189887441514349,12.172972654228603251055,5.2866548520906635021509,0.046024104646618107715620,1.4126766158423884339953e-10,93.327460827237860434607,93.281436722591242326892,2027.7952508543943080873,2026.7952508543943080873,0.00049314643555785944976734,True
0.37528891709702177170000,0.29102110974382390800276,4.7429763284701997800000,12.638199830569521565007,5.4887004476069553976750,0.016931900202257264411090,3.4300636093000047299610e-10,0.038717603383305674500501,0.021785703181048410089410,2.2866661698221009083976,1.2866661698221009083976,0.43731787927653578461118,True
0.36327326900150923660000,0.0059933585523644858149106,4.4481029700002513935785,12.244509435627567553805,5.3177228815053528864945,0.057816206483027254574658,2.9344120971991973749315e-9,0.13168178365640419967255,0.073865577173376945097888,2.2775929391884471841290,1.2775929391884471841290,0.43906001937129309641131,True
0.13786219541527819750000,2.1081946965668947422732,9.4171101798714058000000,68.308140251970632279462,29.665848380504247499093,0.00010151923116734280657732,1.1270898788422778893598e-18,0.0021101808391806039981924,0.0020086616080132611916150,20.786020687077633190922,19.786020687077633190922,0.048109256459158893211207,True
0.38815282836695366200000,0.000026439236087280624580012,20.681737321439801599946,53.282459407683635374492,23.140278102991010678895,0.0010112805165753242023588,5.3633263527982220117080e-11,0.0010238103232751369219033,0.000012529806699812719544455,1.0123900406409930568617,0.012390040640993056861665,0.98776159371031709932377,True
0.25278424514334748838259,2.3553202831417761924350e-7,10.845348641455323937727,42.903578248340610599373,18.632787287158710057065,0.0028574646490617798676310,1.2076580543397793745596e-9,0.53550673621729031137582,0.53264927156822853150819,187.40625064009755244327,186.40625064009755244327,0.0053360013157748934090429,True
0.014811882451779364947058,0.000056659069409718711740663,12.610750677528100750700,851.39419102081516796463,369.75579908482314265923,0.00011383929560492012456978,1.2594883269127502453758e-11,0.00011730709311020592461844,3.4677975052858000486548e-6,1.0304622185762709703431,0.030462218576270970343106,0.97043829649731474310044,True
0.66461793144425735690245,0.12460793816023162888045,35.199589826992362883095,52.962142851760557275549,23.001166390291363485428,0.00055878918436548663973471,6.2038061839407484336087e-18,0.00057266062690733175481336,0.000013871442541845115078657,1.0248241070692811326883,0.024824107069281132688300,0.97577720225544718785223,True
0.59320898249708809000000,0.061437876582844435031335,39.960439473849780945627,67.363173270974426695412,29.255454435076820379344,0.00038931448109255398252010,4.3222590072894861787757e-18,0.00039318484295894291374773,3.8703618663889312276318e-6,1.0099414793293260718025,0.0099414793293260718025063,0.99015638080740288976537,True
0.076407975639279662671938,0.000015720430187178651501208,6.1739151491408581600000,80.801972536057923455264,35.091850799308059023952,0.0055247854987540276958450,1.5262864265141139197734e-11,0.15071191846556606354711,0.14518713296681203585126,27.279234370195048124660,26.279234370195048124660,0.036657920322448182455612,True
0.33629384814380972200000,0.0022644136535062562966310,4.5000278441108785000000,13.381237477131982677238,5.8113975973554109927653,0.058271570727489606362528,6.4648192014175687270524e-16,0.20836292597830194037755,0.15009135525081233401502,3.5757218035656408955461,2.5757218035656408955461,0.27966381473044666539570,True
0.14474031828614398005394,0.000014642314679006932619249,14.453692180847782840151,99.859474899547997720287,43.368418914629978015820,0.00081883981939029789788250,2.0990130622295271414473e-10,0.00088968842311773011858325,0.000070848603727432220700755,1.0865231539181687201369,0.086523153918168720136862,0.92036694882556990162966,True
0.12178519213428013150000,5.1392916436459662309488e-8,20.177310817087205901874,165.67950884241936135929,71.953696454703746492140,0.00033439482115870546414620,3.7737738342891410150329e-13,0.00036450043085703529768120,0.000030105609698329833534997,1.0900301314297016571895,0.090030131429701657189549,0.91740583234005041786145,True
0.15059110405041526396610,5.8482012455084975322101e-8,4.5800124453702444400000,30.413565756426996472776,13.208443783017943702413,0.054731474262387588613464,8.3698872212206976830930e-13,1057.8417710139405611944,1057.7870395396781736058,19327.850843968726023435,19326.850843968726023435,0.000051738809869388604969688,True
0.012030942089636783309945,0.12413344361053381987655,7.2026748395317246000000,598.67920449355058603400,260.00307494177750524441,0.000022417324460563759839014,2.4888229766610604078983e-19,0.00037473026565906898851199,0.00035231294119850522867298,16.716101259911242858318,15.716101259911242858318,0.059822561759554074368528,True
0.28610803859827324512745,0.000022531963458507925879279,9.8163812184288268000000,34.310050379996809522259,14.900665553855182885660,0.0041629509505944686046260,2.4133755053461052787642e-9,0.026397277038367367079033,0.022234326087772898474407,6.3410012156395551416333,5.3410012156395551416333,0.15770380196956636643622,True
0.67430302538971671197142,4.7695017518177543280195e-7,8.2451303732863095900824,12.227633664435950592373,5.3103938271989717755063,0.018566176813972021685703,5.5256013832444263844400e-16,34.053007680301659345628,34.034441503487687323942,1834.1421619272194631109,1833.1421619272194631109,0.00054521400835650217621879,True
0.023559337972871328797965,0.000065709476184249438750107,5.1514300864837760800000,218.65767588272931416086,94.961822061659089727998,0.0028036342189601011248024,4.8850246049654666326647e-15,0.014331583125185859103979,0.011527948906225757979176,5.1117877746910941403506,4.1117877746910941403506,0.19562627481349812152389,True
0.25677143659401339700000,6.2301846309615665525861e-6,7.1061887378347852000000,27.675152782162941532848,12.019166139122793081454,0.011613543324652562578430,4.6394332040645234926547e-14,1.4034016662089485169208,1.3917881228842959543424,120.84181605711050170897,119.84181605711050170897,0.0082752811289048696764496,True
0.45593060208242530600000,2.5467323410678774563380e-6,4.0963931133436175560000,8.9846855960834409979548,3.9019993760146673264341,0.21543255901840594902271,2.5726543908707022802156e-11,412.47829976137958703309,412.26286720236118108407,1914.6516275942236139865,1913.6516275942236139865,0.00052228822496367586113329,True
0.96748442918209684900000,3.3545994732641892384491e-7,7.3690976116224172000000,7.6167609414160701008883,3.3079172468332168106407,0.043038320371857997849817,7.4297729340784764960426e-11,271.14196276493390225612,271.09892444456204425827,6300.0126497089991409240,6299.0126497089991409240,0.00015872984001804988753574,True
0.080264106967761986715565,5.4020331467448878080970e-7,5.4134157038874839200000,67.445037494303374417541,29.291007615533877831943,0.012281556190658566070498,1.1003155661333930352411e-14,11.641119286190646703369,11.628837729999988137299,947.85376588065932818622,946.85376588065932818622,0.0010550150624457256271807,True
0.15499496024835031331193,0.74237833505857917512202,5.6272396599768665800000,36.305952470714350381521,15.767474818272974421983,0.0010114745635942987972685,1.1229623493250726812088e-17,0.0088858618165282387710078,0.0078743872529339399737393,8.7850571199260993088373,7.7850571199260993088373,0.11382965259631824568053,True
0.80740390961342961738883,0.00013442439561828429300099,7.0997549522652946000000,8.7933125759380194318107,3.8188871293803508926298,0.034085198463149421933261,1.5271841529833916978088e-8,0.67384557688946615939508,0.63976037842631673746182,19.769448536964857811900,18.769448536964857811900,0.050583100389988263273962,True
0.27571317156804153250000,0.00015625166793946436772398,12.195411649210760993752,44.232241716464864216519,19.209818499671510531152,0.0022946413158587565294629,7.2331560769431241144056e-12,0.0025543603828278134335196,0.00025971906696905690405673,1.1131850390621326857460,0.11318503906213268574597,0.89832324807608626505175,True
0.35662423270273888870000,0.000024312767447509041928529,5.1742463075066708377909,14.508958822828004683772,6.3011607549157028204388,0.056747480451466274836492,5.9050128743693673066340e-9,6.8751307947662461805734,6.8183833143147799057369,121.15305807534936117421,120.15305807534936117421,0.0082540219445229745613379,True
0.012423077925156891852327,4.0839429919842588845177e-6,11.481162050966950033363,924.18015246587561732278,401.36634050043573322945,0.00011949827097270932109264,8.4053237744424735246128e-14,0.00015872285925638022886158,0.000039224588283670907768936,1.3282439818114933970871,0.32824398181149339708711,0.75287372929495544225380,True
0.22248750591794550059266,0.012914490448842474001616,7.5820025629476724000000,34.078329619749311575216,14.800030506337268133002,0.0059919208068695274346566,1.6484060556859166503994e-12,0.0065734328138841962166751,0.00058151200701466878201858,1.0970493479065987694728,0.097049347906598769472833,0.91153602334134798305347,True
0.049102658879985414588949,0.000095058462456209492748266,8.2855673790656230000000,168.73968880823433196785,73.282715727488070041679,0.0011307753055443289908879,1.2733478352767096301855e-17,0.0020064571781909838492986,0.00087568187264665485841072,1.7744083801203298530867,0.77440838012032985308668,0.56356812287607993069216,True
0.44839432895984719840000,1.0847177978060365721862e-7,31.451785090982697690425,70.143137545789837979648,30.462777579517328605865,0.00048527550121346128704026,1.2551648293804524609262e-16,0.00048821808263585172797487,2.9425814223904409346067e-6,1.0060637337245180001978,0.0060637337245180001977920,0.99397281352934805064755,True
0.067002529575836477925973,0.012973044863248450854285,5.9798608811551936000000,89.248285385806486237334,38.760037862382389596336,0.0030248263428944851004859,3.3476895407548645206794e-17,0.0041062088029175753928108,0.0010813824600230902923249,1.3575023282124371906669,0.35750232821243719066694,0.73664698705659146652781,True
0.21467009372935859903732,0.000041752754672804011832729,4.7886430340954135800000,22.306987204899662681429,9.6878014509743666235221,0.042760838458331714128252,1.4707394226858559414391e-12,2.3558813936907690205791,2.3131205552324373064509,55.094368553751744587523,54.094368553751744587523,0.018150675400233864769601,True
0.021948926395150364170851,3.4500432524036067098789e-8,8.2015654450226314000000,373.66590499090538482900,162.28104061293497543836,0.00060725580933274823748106,4.1145134785942900672738e-10,0.52438618208513987314918,0.52377892627580712491170,863.53423717977208798189,862.53423717977208798189,0.0011580316760409098031500,True
0.55424098541092442965261,0.0011562520850202922719541,5.6801008229512160661268,10.248431589265967330933,4.4508372873811830165124,0.047245899322232451815361,1.5528092941622446019693e-9,0.23086923237131032792383,0.18362333304907787610847,4.8865454078185033637602,3.8865454078185033637602,0.20464355010392284805962,True
0.38717334355338394570000,0.000069071691010818571130612,6.8432322250498426000000,17.674853754766020370150,7.6760914541418540505486,0.018775523082226346949420,6.6560125736030562584056e-9,0.40470292468713635107391,0.38592740160491000412449,21.554814899950465437371,20.554814899950465437371,0.046393346667166140876305,True
0.81023657123694236817303,0.0025269382268746042221694,6.5716584075714434476977,8.1107896642320946741137,3.5224711950539274079486,0.039555943264753169409979,2.2429569850210511031011e-9,0.10078828415565685583217,0.061232340890903686422191,2.5479934451586077872186,1.5479934451586077872186,0.39246568781410341724665,True
0.021775815901806544387358,0.00010236254469878045715352,7.8118814229430450000000,358.74115845620109112314,155.79930554910822113020,0.00058791024989316180269493,9.2445193053972526595113e-11,0.00087798909082531859780012,0.00029007884093215679510520,1.4934066738670936162100,0.49340667386709361621005,0.66960997128167075529806,True
0.14495591581341795640000,0.000038613805403349030468576,9.2048791650832912000000,63.501231484277473307493,27.578234427682748326340,0.0025102385910396300357369,3.0362990092492684447161e-17,0.0090896523784815121322498,0.0065794137874418820965128,3.6210312481559688261843,2.6210312481559688261843,0.27616442153302482611982,True
0.045626868930018547784399,0.00015079596399570315811122,5.2118003227789007200000,114.22656090586977015203,49.607965088204951586293,0.0051198053497651549939690,4.1293154859329731253405e-15,0.022550026683515267137939,0.017430221333750112143970,4.4044695340907120252602,3.4044695340907120252601,0.22704209718332099866108,True
0.10081489665866437404178,0.00021769198489415147095985,4.1466726757371879791571,41.131547153957320152629,17.863203961107066592767,0.026543849228045443225928,1.5287563901623280801454e-8,0.24771642413029946528287,0.22117257490225402205694,9.3323474678483949573032,8.3323474678483949573032,0.10715417567178876856816,True
0.18292553010224670812052,4.8103101711381417730605e-8,5.5668095900298206759224,30.432108557609414906386,13.216496819250497121421,0.029360698729967334284458,1.0289224328992019308791e-9,563.50761522361582587838,563.47825452488585854409,19192.581907066990476199,19191.581907066990476200,0.000052103463975932561543743,True
0.051347161528422087250000,1.1452497352468494036936e-8,7.0793602011821303507291,137.87247416322140534854,59.877254735435713794649,0.0027637901092430338820386,8.2041811394749592245372e-10,31.262779589645619781837,31.260015799536376747955,11311.560702490569363419,11310.560702490569363419,0.000088405130494487899483347,True
0.13234069752513695278240,0.00032224125284829991917564,9.7703557002958699998694,73.827294876091134206971,32.062786778530597466486,0.0018994828854645870817820,3.4063189790800142178803e-15,0.0022748229931906531688036,0.00037534010772606608702155,1.1976012053587222080537,0.19760120535872220805366,0.83500249960124752848150,True
0.015673896996160444808661,0.000012155551179011513439054,35.340741706592514609819,2254.7514326047796012731,979.22610524370758745356,0.000013327955140464079822332,1.4797002668114432797183e-19,0.000013393648821680693290847,6.5693681216613468515436e-8,1.0049290142804551795966,0.0049290142804551795965822,0.99509516173738457480665,True
0.72197522800164768700000,4.3903028189782907237767e-6,9.4523830074472786000000,13.092392426829506725402,5.6859537858839784866539,0.012003841572624633034170,5.0299492940364528796980e-13,1.1020430309831021139452,1.0900391894104774809110,91.807528807808235763869,90.807528807808235763869,0.010892352871118233832246,True
0.12779336342911050483198,0.000023644359678699567352267,7.4994360048685162559862,58.684080328072756961615,25.486172262049170525241,0.0043816179804181977530788,1.5464273963794689350294e-11,0.061934353252253393884909,0.057552735271835196131830,14.135041787997718406636,13.135041787997718406636,0.070746165097942292265179,True
0.029014277282180344228938,2.0542587744839013284273e-6,4.5688080834460944400000,157.46758187398010923732,68.387301886518080069020,0.0075173860795835452631630,5.4796833945423985453037e-14,1.1405748654891774565122,1.1330574794095939112490,151.72492850764477719700,150.72492850764477719700,0.0065908747483747486558567,True
0.085770266557294409609104,0.000013793533781487218934062,19.769270770957259686509,230.49095641729662129873,100.10095050063483321097,0.00024597451417051953227276,1.5406717532817536930736e-14,0.00024922533956752449692458,3.2508253970049646518208e-6,1.0132161065871700851825,0.013216106587170085182523,0.98695628059873023440610,True
0.42915484044512016400000,0.00015399358944382698411290,8.4149842592236606000000,19.608270643051873667808,8.5157637399429560260528,0.0097473950757122678853945,9.3263179889482100702826e-12,0.044702088946928328101879,0.034954693871216060216484,4.5860548997663181797439,3.5860548997663181797439,0.21805233950665415444700,True
0.044917811751908563001882,0.00013027078587391796281095,5.3742427389808049800000,119.64613878930673389691,51.961657857226529880405,0.0045639962769581096689280,5.0573819467373432324262e-17,0.020555055318669349550710,0.015991059041711239881782,4.5037405973453673646357,3.5037405973453673646357,0.22203765478620780350343,True
0.98811292522721763700000,0.045065225133423865653335,4.5900183982421827000000,4.6452366739223687410481,2.0174006546190998822765,0.12135924621294598142478,1.3545503029856413974362e-15,0.18647644459561877260810,0.065117198382672791183319,1.5365656133724932671791,0.53656561337249326717906,0.65080201671647107887385,True
0.38382765899603637700000,0.49221123539699996546326,10.218348474430704195059,26.622230667686782522479,11.561887874931893192898,0.0024255165563112052844173,2.6928643274262202663385e-17,0.0048759960840323688370319,0.0024504795277211635526146,2.0102918165390396949754,1.0102918165390396949754,0.49744021826722691909756,True
0.23238056000840776030000,0.0025150591943937893527009,36.744707217591307325897,158.12298247435950404514,68.671938750698929530313,0.00018232927745272732741494,2.0242616189128629395542e-18,0.00018317924539053051678492,8.4996793780318936998049e-7,1.0046617194434040430337,0.0046617194434040430336919,0.99535991134808371357345,True
0.14001387428139715000000,0.00067191045745938271651251,9.6643601867087188000000,69.024303743538132841279,29.976874233032579014710,0.0020566450677546273751270,2.1807901121012075106281e-13,0.0022998326104437404328846,0.00024318754268911305775756,1.1182447795693870740841,0.11824477956938707408411,0.89425859013183080364756,True
0.29587868094842775701814,0.52947961781309044363999,7.2274090029504119045973,24.426933970988479831201,10.608482633415383658479,0.0029242002992292763121701,3.2465145008201149592009e-17,0.0088332114148961101580920,0.0059090111156668338459220,3.0207272112051476686601,2.0207272112051476686601,0.33104611243629660600117,True
0.021786216201843658325323,6.9032308341953710468441e-6,9.1422535747222738000000,419.63475851068671042918,182.24506003599488043016,0.00038415590158497448917362,1.8884548029362407178567e-12,0.0012800979132501446757423,0.00089594201166517018656870,3.3322354491201007116302,2.3322354491201007116302,0.30009884213435660965512,True
0.23160739025120799855328,1.0868244712004571024374e-7,6.1198924213721890000000,26.423562800540944199704,11.475607516498967273103,0.023542041468252344968775,5.1751813457481174241746e-11,206.31692670768120341586,206.29338466621295107089,8763.7653253610228212383,8762.7653253610228212383,0.00011410620468192478169364,True
0.45013537737365708838931,1.1560392301383613100120e-8,27.758821922994874591331,61.667718909265588107918,26.781950033854864490358,0.00063161866564826009414156,1.9464030053791198665357e-12,0.00063694558470798807277626,5.3269190597279786347047e-6,1.0084337581351569301582,0.0084337581351569301582319,0.99163677527936685517150,True
0.039854877438739405285197,3.7574144554138161097677e-7,7.1757805814882686000000,180.04773926398594963358,78.193739641504549542059,0.0017909140689874034316094,1.4811518083111670889555e-16,0.51504943368198380962925,0.51325851961299640619764,287.59025494349749281249,286.59025494349749281249,0.0034771692809843949068824,True
0.55591455267151511500000,5.7087700824418061566697e-7,4.7872035458318314000000,8.6114017393974334578263,3.7398842568723699760476,0.15946203103701292206937,3.7755175290019667997218e-10,1139.6363523223031989630,1139.4768902912661860409,7146.7567853678023642974,7145.7567853678023642974,0.00013992360871261071827485,True
0.34337165881677042198505,0.027239840626965626969002,7.8874024723841254000000,22.970452772845157172336,9.9759408860659018765693,0.0081876596100203062498307,1.3766455575013099978526e-11,0.0087986233868244976204734,0.00061096377680419137064261,1.0746200753212157676338,0.074620075321215767633841,0.93056143558558497442729,True
0.27030031323381478360000,2.3011803601891658117893e-8,6.8597258124657670000000,25.378164495621494009484,11.021596801281436976394,0.017323791616600994295105,1.5224220072086669415230e-12,556.42445277253334718364,556.40712898091674618934,32119.091771995484401508,32118.091771995484401509,0.000031134130662807104894294,True
0.59142117910637203300000,1.5322389034944628705104e-8,8.1861646742122930000000,13.841514242999307588499,6.0112932569198652099548,0.017832974143731815006650,4.3643688373794924844468e-12,871.44947501399820491456,871.43164203985447309955,48867.309961322830935607,48866.309961322830935607,0.000020463577814933403512707,True
0.28431209123556485500000,1.5202864440113202385005e-8,34.637044480109255371627,121.82754637547569890259,52.909031134681603704915,0.00025201089454058955359421,1.7864933730451815070756e-17,0.00025329862850960265987509,1.2877339690131062808791e-6,1.0051098345226725917544,0.0051098345226725917544152,0.99491614314459547998444,True
0.18767433415885684300000,0.50457791922047380970239,21.303128121977166257283,113.51114267945207939783,49.297262900218737270435,0.00014572948987385699675660,1.6179223502483463720991e-18,0.00046451487295374000698223,0.00031878538307988301022563,3.1875145748181968408172,2.1875145748181968408172,0.31372405569534878893442,True
0.51401510306627322700000,0.000084965817138696892575856,11.506043644803175095905,22.384641183042578205077,9.7215261451796705623736,0.0049255467101653444468512,6.2752653003012700035434e-10,0.0079548041608882898333771,0.0030292574507229453865259,1.6150093845361699960473,0.61500938453616999604729,0.61919144840585528359736,True
0.013168828749015556115898,1.7094207485716213640367e-8,9.8544171248369023812302,748.31386394735943300816,324.98858184403894154586,0.00019521188508644338534890,2.1654163019784978744862e-18,0.059742637869824925571689,0.059547425984738482186340,306.03996187716641952911,305.03996187716641952911,0.0032675471329504495027277,True
0.46944005895812880460000,0.039135175278276663523856,9.3500629128820924000000,19.917479845315163209109,8.6500515902396091598157,0.0072322520171817996740228,2.2505238320727736870029e-12,0.0075275312712253044286669,0.00029527925404350475464417,1.0408281201127953193278,0.040828120112795319327808,0.96077342711650532125008,True
0.059185919050750771300000,0.0013096359703832975950632,10.815470679203470435473,182.73722622993173864685,79.361768989965524673146,0.00064970528569290757218819,3.1915823751281105436066e-10,0.00067052963345273097972344,0.000020824347759823407535245,1.0320519906769949400850,0.032051990676994940084950,0.96894343408419782989466,True
0.10046794796788432639885,2.0616887804432490045538e-7,8.4997094408961790000000,84.601204790339737796877,36.741836402811503088533,0.0024213763058494649555717,9.3688822629424653269118e-16,1.3125485017838026253033,1.3101271254779531603477,542.06712877011307659826,541.06712877011307659826,0.0018447899659012400465689,True
0.12896100751494478420000,0.28618159387612195962578,6.4980686082704708068315,50.387855472650794702360,21.883167586710809126592,0.0013091550125199278312283,1.4534540377030588701093e-17,0.0052171578100372549614525,0.0039080027975173271302242,3.9851337390482167128994,2.9851337390482167128994,0.25093260740575132164005,True
0.26941282597416379600000,0.30538002234630337756886,29.702107900000276827091,110.24756446765699044032,47.879908891576448048796,0.00020806146659831965977967,2.3099463075473242291791e-18,0.00033056058716365126689270,0.00012249912056533160711303,1.5887640924968897200782,0.58876409249688972007823,0.62942006602654740737963,True
0.82664273224812984105474,1.8885756901304218612332,8.4704387758710364000000,10.246795193898227774193,4.4501266099027616844685,0.0047739207352519877807869,5.3001167180122133288477e-17,0.016282742392821382690962,0.011508821657569394910175,3.4107693227047077266895,2.4107693227047077266895,0.29318898623346637923730,True
0.011204675931715673425897,0.00015868032255146289284398,39.246418603721203090526,3502.6821697387319592510,1521.1955381784405733385,7.6759403794688761968734e-6,8.5220057449363071143540e-20,7.7081107383287169662770e-6,3.2170358859840769403604e-8,1.0041910641914166018257,0.0041910641914166018256772,0.99582642751875980568988,True
0.031939601787323966449873,1.5807732298109997270008e-6,6.5986606193643697600000,206.59808670448778226340,89.724409027528621173981,0.0018975489773696393236861,2.4679603454498349166239e-11,0.15517139536030514117452,0.15327384638293550185084,81.774645719765269824707,80.774645719765269824707,0.012228729225277412204662,True
0.60436976620484504800000,0.018088465791831740692330,7.2157210822929796000000,11.939248926372143474486,5.1851499267927456766367,0.019347352879877256748404,2.4724779325416651500619e-12,0.021921446149808201412705,0.0025740932699309446643004,1.1330462769719882835439,0.13304627697198828354387,0.88257648458318219445241,True
0.19034353664197926300246,3.4806791403187221298805e-8,36.798961336614682894809,193.32918777184717957627,83.961799440150859458620,0.00014890270423787894155127,1.6531521067384307960784e-18,0.00014958514087417669082739,6.8243663629774927612416e-7,1.0045831043820905042577,0.0045831043820905042576896,0.99543780463547659594090,True
0.30448868131162801853346,0.00025665255400964989572511,5.9357322641164750000000,19.494098232313495406312,8.4661792919736867735278,0.023510255698222600187532,2.0386744622447277161229e-9,0.20944722142789984065590,0.18593696572967724046837,8.9087598244937110019302,7.9087598244937110019302,0.11224906942160498404633,True
0.76325427116397340300000,1.3393307920027583793259e-6,13.125520381507108914143,17.196786021898714523498,7.4684692757815852625551,0.0053781593759931281657910,4.7351712119331183798184e-9,0.076570719258794059578920,0.071192559882800931413129,14.237346628400083371670,13.237346628400083371670,0.070237806671451015646945,True
0.72611343378818135200000,0.0017324566087103073403105,6.0956784269900092000000,8.3949396104523993124849,3.6458759487305114807824,0.047236215120322850586767,2.0476060112983493561920e-11,0.17427636550856665404474,0.12704015038824380345797,3.6894650654088118667945,2.6894650654088118667945,0.27104200264034613183711,True
0.45907489771707118600000,0.000049995606998258561629179,16.485930337395499350314,35.911199717907060332929,15.596035876012649951869,0.0019454720833460434139870,4.4117375671326445548019e-12,0.0019959724842132115215416,0.000050500400867168107554551,1.0259579159729250875564,0.025957915972925087556392,0.97469884917422859087358,True
0.67572620616532155400000,7.7563551613580108759387e-6,6.4702014980501464061571,9.5751821359243871261270,4.1584487648505539265506,0.046586057935259457937967,1.9245718823028301686244e-8,16.309343363024843293277,16.262757305089583835339,350.09065127789738783776,349.09065127789738783776,0.0028564030383268162651882,True
0.85930369979955365800000,0.0044262197324075696690921,18.681063364854739866953,21.739768337099440984662,9.4414614266573202510212,0.0027810894517529475487081,1.6532105898856362530407e-11,0.0028201148773944647157975,0.000039025425641517167089445,1.0140324237384450414907,0.014032423738445041490738,0.98616176030475283727212,True
0.72678673004017152700000,0.0021101516265366505690101,32.588640074501656103755,44.839343823325435774941,19.473479594632895083073,0.00073077039869516141079163,8.4904068554021293912079e-16,0.00073493474608352435449522,4.1643473883629437035920e-6,1.0056985715291679298152,0.0056985715291679298151848,0.99433371818307026788410,True
0.10313456888628075073880,0.00030062456119546123238113,5.9810869334037926200000,57.993037620574313163497,25.186056227423113479097,0.0070876822946734953705181,3.7878403532528719789259e-16,0.024476249310417463354560,0.017388567015743967984042,3.4533502339420249356937,2.4533502339420249356937,0.28957387240114726917498,True
0.065701577643332251207291,0.000010686485383253390681547,9.1626022616097913854891,139.45787285885153244684,60.565784640564491080151,0.0011601347524344802431267,2.5626201548228632189949e-12,0.0062854016915744213443260,0.0051252669391399411011993,5.4178203681812347205179,4.4178203681812347205179,0.18457607156431075074281,True
0.012188306724360457462060,0.21409498775017196586321,5.6906586276260953545089,466.89493104504182254741,202.76989218146092573400,0.000021409971225359435418901,2.3769843010956121962337e-19,0.00072754703427560076085698,0.00070613706305024132543808,33.981691363220715276177,32.981691363220715276177,0.029427611160118018422118,True
0.94454046393668161300000,0.012253843740916633201488,7.2409920720385914858494,7.6661533819942307442446,3.3293681112240462394061,0.031102290694559945271292,5.0152505612407955409869e-11,0.038751150613816510369173,0.0076488599192565650978816,1.2459259349856959456498,0.24592593498569594564984,0.80261592757636966747174,True
0.31031064389217340900000,0.022483200581681895709560,7.4697570064595278000000,24.071868475949266235166,10.454279648205606757811,0.0086048857604078395393753,3.3090484503794507133169e-11,0.0094213268300291189587303,0.00081644106962127941935500,1.0948811050319607210199,0.094881105031960721019885,0.91334117960763324832662,True
0.047081027642052916179923,1.5795516692083616564482,4.5339740888720584665691,96.301510734704080835369,41.823214711028753051665,0.000068252876250901117531851,7.5775914710641950232351e-19,0.0045589832109584091547444,0.0044907303347075080372126,66.795473852257157912929,65.795473852257157912929,0.014971074270868548097656,True
0.28057146965880349872840,0.0021156493195909055949072,37.213026419940858887704,132.63296679877951636608,57.601765599167151161426,0.00021447612565784658070746,2.3811633293773956054891e-18,0.00021544633638203036754198,9.7021072418378683452059e-7,1.0045236304097154498530,0.0045236304097154498530081,0.99549674067112747269940,True
0.10573592087645987270819,5.6047444658658486007032e-7,8.0465809433390536000000,76.100731677937034080330,33.050127836528048340281,0.0030664617675859908409989,8.2234278793058815561335e-11,0.89527435362886194423157,0.89220789186127595339057,291.95679629609350209605,290.95679629609350209605,0.0034251643143317379839828,True
0.45357739169591904760000,0.000013528103369053387382372,16.969138088476775214820,37.411781096560882473707,16.247730088408778989973,0.0018052610616163691463514,7.2517196826484643007327e-10,0.0018745137236526567780103,0.000069252662036287631658927,1.0383615774520063937235,0.038361577452006393723540,0.96305566549742689649184,True
0.24975644226189608162946,9.6827460816993823071001e-8,6.1493887821478978000000,24.621542197096210935397,10.692999912146951624371,0.025039481868789494654839,1.3354363174557525458942e-9,260.03220768287094707961,260.00716820100215758495,10384.887716346420916143,10383.887716346420916143,0.000096293771036728831167905,True
0.011943432320328431732868,0.33031958486380851380039,9.0287778987591002411430,755.96174170063186796993,328.31001295055579929749,5.2952579035638808931099e-6,5.8789172458649569198511e-20,0.00020452195430891607857561,0.00019922669640535219768250,38.623605881644810454087,37.623605881644810454087,0.025890902135453707500960,True
0.032733983393409647806513,0.0023469880975697548405735,4.6298420423588895400000,141.43839406025416297298,61.425914069626052371404,0.0036135485179718086460752,2.5980108857856146916714e-9,0.0062401461333707080711401,0.0026265976153988994250649,1.7268748717045428672537,0.72687487170454286725374,0.57908075239576103967503,True
0.10482129420305350340268,0.23005173897975136014653,8.3130081964511265362263,79.306483092525716213193,34.442367986237456699869,0.00065180856446017657348518,7.2365287591155860033497e-18,0.0022137605730916852345630,0.0015619520086315086610779,3.3963355098365525575396,2.3963355098365525575396,0.29443498650347551956516,True
0.77846902924062680200000,0.00012509077080909407333841,6.7216656303659951800000,8.6344676254144348860460,3.7499016438897630721938,0.040678600586192691709865,1.5621186765741771469421e-15,1.0331830056860912516519,0.99250440509989855994202,25.398686060915742029221,24.398686060915742029221,0.039372115455170333291579,True
0.37800739884840778056268,0.16986833521881459429392,7.6110812030880347889738,20.134741347061052944022,8.7444070615778627846534,0.0077381732578356517168472,7.5859521127836522338984e-10,0.010135609678185018454275,0.0023974364203493667374274,1.3098194290133953251261,0.30981942901339532512611,0.76346401484763221610376,True
0.10383853564819846330951,0.35623231227493384685782,4.3471207416471542200000,41.864233875322125397727,18.181405761159586918522,0.0015756184965800082514210,1.7492879329283985034080e-17,0.013398020772916650885254,0.011822402276336642633833,8.5033406259180161068498,7.5033406259180161068499,0.11760083995130331907004,True
0.24381490888560128500000,1.0951657708618198704838e-7,7.9027514920961056000000,32.412913255456831911090,14.076749369253668370220,0.0080204921381939136868000,4.2479718106862942794697e-13,28.615130204370033265207,28.607109712231839351521,3567.7524161021996928004,3566.7524161021996928004,0.00028028850754518124069106,True
0.41176778616715032656341,1.1733888211347924041975e-6,10.620426885079730655494,25.792272348300077825085,11.201441556612550669183,0.0049056264206698122454840,4.1934142055108460046491e-10,0.36832634122288227418860,0.36342071480221246194311,75.082427734599314366725,74.082427734599314366725,0.013318695601250281148509,True
0.90744674241772455400000,0.0079022551679608473033509,8.7951214424997112000000,9.6921626706893360261696,4.2092527655890627479121,0.017066810878440553833707,6.5771795428565837503368e-11,0.019084782328183593954501,0.0020179714497430401207943,1.1182395155202791044215,0.11823951552027910442145,0.89426279980343366009638,True
0.68692470894181272700000,4.8834485914686119663727e-8,5.4097524126620698000000,7.8753207480272968872459,3.4202083440864445344739,0.13337563577878870025134,7.1536263222083533919503e-12,9465.7896672703943300246,9465.6562916346155413243,70970.905683028650153966,70969.905683028650153966,0.000014090280945070862852856,True
0.14083983219621601786504,0.00010528458617174598030860,6.9353985265911796000000,49.243160961232065720583,21.386033076936716240230,0.0060929575123957315158287,2.7052818239696800984979e-12,0.036073671767368400286643,0.029980714254972668770815,5.9205519969536677889025,4.9205519969536677889025,0.16890316992647563387730,True
0.69516836747547849100000,0.0027554539125688172762692,9.2999750869039426000000,13.378018221221770126377,5.8099994922777712516049,0.011337909398834146701072,6.9243324807916882352116e-12,0.013289375479515180368132,0.0019514660806810336670600,1.1721186871436544382930,0.17211868714365443829297,0.85315592266249771440902,True
0.27971911266171244865261,2.2098767452448047603291e-7,18.557232692384932837994,66.342383671250006290026,28.812131144732275404763,0.00091834504866340588884680,3.3309162743862826140888e-12,0.0011066985313294129268471,0.00018835348266600703800029,1.2051009943812990762916,0.20510099438129907629164,0.82980597033977365552497,True
0.17992699608678196802947,0.00019327325152989559126389,6.2128518094909468000000,34.529847908394906135994,14.996122407574449535148,0.011495331804332606262574,9.7324019846813146161631e-9,0.073565042044753546034115,0.062069710240420939771541,6.3995579507349915014248,5.3995579507349915014248,0.15626079296385614340217,True
0.42089539228049174500000,0.000053091974704196116359000,7.8988158664568692000000,18.766695980346978701511,8.1502725078206297583121,0.012112329556110948882855,1.1441296452767048496907e-12,0.18808446561282229662142,0.17597213605671134773857,15.528347766753865872449,14.528347766753865872449,0.064398351648267192759006,True
0.30606364464061643102267,2.5622483362063103538850e-6,11.582502556170306312943,37.843444522039259081781,16.435199132133493513693,0.0029029949978946143536333,6.3720678312989710798781e-13,0.034923963108125213364860,0.032020968110230599011226,12.030321489859155648145,11.030321489859155648145,0.083123298146515903878102,True
0.19494206473139241130000,0.064362967029104214863069,26.054464431196272833081,133.65234674771864870254,58.044476685954234942029,0.00029368462930532875402605,3.2605543743328000856245e-18,0.00031485586204348953911618,0.000021171232738160785090137,1.0720883240918616374551,0.072088324091861637455132,0.93275896913351257964492,True
0.58749618954338245000000,0.0029983480988923068834464,16.603983343706143743015,28.262282614311418747702,12.274153385385659202376,0.0024510963639259611446815,9.0183308904001472961996e-15,0.0024913922377567853925570,0.000040295873830824247875462,1.0164399386429188314499,0.016439938642918831449945,0.98382596155669727574779,True
0.71134302977061192100000,5.5543194481731440882037e-8,7.2707363160231844000000,10.221139466802383580649,4.4389844691958208107871,0.035033142826536728919427,3.6970987645811216127373e-11,991.48615548263861116104,991.45112233981207443212,28301.376225133094888306,28300.376225133094888306,0.000035333970759766373485194,True
0.30717440101888402600000,0.00023273541880373173123655,8.0063360337597064000000,26.064463728758127827423,11.319652771167110399090,0.0080633343711609871201108,3.9092740676535994552507e-10,0.026830465684228632020912,0.018767131313067644900801,3.3274653448813245249174,2.3274653448813245249174,0.30052905029899430186864,True
0.34572254451846249700000,0.000020365215210354309282407,9.0181136536806089600246,26.084829574077769962345,11.328497545408726146188,0.0064900428679346285847835,7.1631922540048247466045e-17,0.093963512211885726618396,0.087473469343951098033613,14.478103476963379085701,13.478103476963379085701,0.069069819924352333730462,True
0.96650073561711246297524,1.4139315757319853319850,19.632217309755105881468,20.312677048527955561700,8.8216835548585229432294,0.0014604823672662672046468,1.6214611511980639529519e-17,0.0028498387879072219553545,0.0013893564206409547507077,1.9512996882266739766412,0.95129968822667397664116,0.51247894212948511486804,True
0.28390716444635158129157,0.15787088722044134329602,6.9809854021448820400000,24.588972299302582487392,10.678854985259025892730,0.0065260476046247684285169,3.3144769164779020652548e-10,0.0096532696695824362552066,0.0031272220649576678266897,1.4791908141677546572126,0.47919081416775465721264,0.67604530154051528079585,True
0.27964947943339684300000,0.011966919994698122235908,17.524745542746661911418,62.666826980167758286388,27.215857155872679880854,0.0010369370966000218591814,2.3813618759689900245861e-10,0.0010540534498909358355609,0.000017116353290913976379556,1.0165066457232904590037,0.016506645723290459003715,0.98376139910866472111312,True
0.32333518766181929770000,0.000013149789744343821554329,5.7214497392974312000000,17.695103897202719127581,7.6848859792598671909264,0.035170469354561062988119,7.8921538125587971492615e-9,5.3754379777463858415102,5.3402675083918247785221,152.83952919579889319201,151.83952919579889319201,0.0065428099998850758278433,True
0.20326708274331105961322,2.1615028732498815864035,8.5190711711871922215984,41.910726794584897316308,18.201597379442982165820,0.00026267585823580116452727,2.9162878582656000332823e-18,0.0039421245747018316295326,0.0036794487164660304650054,15.007563318449427972652,14.007563318449427972652,0.066633068858730583897928,True
0.52485358533777123576013,0.000031764686701051510046684,6.1997570013715650400000,11.812355244523463075554,5.1300407009774769522007,0.039928955216245999698645,2.3996970880054590815891e-9,3.3312948539776863285590,3.2913658987614403288604,83.430553991111532353885,82.430553991111532353885,0.011986016539055192180711,True
0.096727844445647363009550,2.4361124990145839399933e-7,6.9942953840978260000000,72.309017369119724074900,31.403407235255088088287,0.0050676560627533417344064,1.0173123424453499224572e-9,5.7603430111163678426537,5.7552753550536145009193,1136.6878374904309864903,1135.6878374904309864903,0.00087974901025402968663708,True
0.87168702392562935902989,9.9279481196015933597378e-7,7.2018117262257880000000,8.2619237507890590843444,3.5881078948731054833282,0.041337577461016614152176,6.7989881523163227010020e-9,90.229436472916616140508,90.188098895455599526356,2182.7461117673731612205,2181.7461117673731612205,0.00045813848647303205359298,True
0.72156264456534726700000,0.00077293742368933188905969,4.9296028654002499600000,6.8318432259886863871723,2.9670318142749971464890,0.11068442295294487090735,1.2703591809483647304364e-15,1.2836540189513051275415,1.1729695959983602566341,11.597422516238110047201,10.597422516238110047201,0.086226055711935287208297,True
0.025775487948514053660685,0.0022744571571147138747687,10.687817204437768575696,414.65043167316321810840,180.08039439445614168179,0.00028732217182416283033450,1.1842291257127864307284e-13,0.00029847210997203626172953,0.000011149938147873431395034,1.0388063965863972319397,0.038806396586397231939701,0.96264328298909380560827,True
0.069560684016592408953030,0.00059636029319686167956724,23.533065317075177723740,338.30986066010797367698,146.92610565814290978565,0.00013793324860830736503196,1.6148610997271267856010e-11,0.00013930384104113670834327,1.3705924328293433113078e-6,1.0099366356310612991097,0.0099366356310612991096549,0.99016112963873979202893,True
0.79391225448793932400000,7.3016236010568662268209e-8,14.935065098095778561857,18.811984591078841714651,8.1699411015545422561823,0.0041804832377302770499514,1.3203627774323794934956e-11,0.20555522814454488106397,0.20137474490681460401401,49.170207474901305770669,48.170207474901305770669,0.020337518415199796667250,True
0.75770322418730154700000,4.2258961194473633272880e-7,8.6142032336877328000000,11.368835394526884503552,4.9374224775094048943882,0.017759300318290156270557,5.5196377001022181818358e-13,31.965753157587331752387,31.947993857269041596117,1799.9444000992577053420,1798.9444000992577053420,0.00055557271654883068999505,True
0.87821717365435830248565,1.3182238410368403692498e-8,9.5919970706288452000000,10.922124228925619665630,4.7434182832842058518979,0.014678701410512070304232,4.9864451226105771932855e-10,459.87128853277403993037,459.85660983136352786007,31329.153422484619557773,31328.153422484619557773,0.000031919151676863059374559,True
0.18414020191792783022737,0.00061151424585901014434476,8.5887552869808044214357,46.642477837668787727001,20.256570747194271768848,0.0037671707083845424526407,4.5740849278875610445824e-12,0.0051243946068042212384939,0.0013572238984196787858531,1.3602767178559026672968,0.36027671785590266729677,0.73514453851435569975790,True
0.17454049673844378946066,0.000013996895218118196815990,7.4393029994766022000000,42.622217413673961702449,18.510593829239291278224,0.0063348324193417833507351,2.2747783380008735560221e-12,0.20096178751486639608352,0.19462695509552461273278,31.723299720018039581993,30.723299720018039581993,0.031522572015703016721915,True
0.060884540600867736129067,0.056176584858108129587048,7.4517805635802182841926,122.39199787070437919559,53.154169304361459233761,0.00092982636341539457018941,8.1147507143649651241174e-12,0.0017615710291863978787202,0.00083174466577100330853079,1.8945161145096788050701,0.89451611450967880507012,0.52783926847664253352122,True
0.044076059296087190037598,1.5750707674587268154248e-6,23.701733080838237370612,537.74619281679603401181,233.54020420481659314822,0.000086099800710301260943633,6.0598812689517475021894e-12,0.000086944452674958249148207,8.4465196465698820457479e-7,1.0098101500548064716829,0.0098101500548064716828553,0.99028515404180277327085,True
0.24676241452360112440000,9.5646346904449276259691e-6,25.347540966242293694277,102.72042853518916302384,44.610915291569982603779,0.00041867333677756263597728,2.4571331100786686340559e-10,0.00042234430282116838099374,3.6709660436057450164599e-6,1.0087680913044531807234,0.0087680913044531807234074,0.99130811989392425163590,True
0.32999285136977062300000,9.7876257794552815875692e-8,8.9025495024583903675339,26.978007146229709860515,11.716399636354057211870,0.0069266133222422531675811,5.0478983560015508518672e-11,18.917842670687748885341,18.910916057365506632174,2731.1821507258249918642,2730.1821507258249918642,0.00036614181874842918015768,True
0.087668373512147579146785,2.7971506860000134664923e-7,20.060663520443227125065,228.82440630273087636086,99.377176982063698035942,0.00024370281922606420735121,7.5743760679580339777915e-11,0.00024957598026832926473089,5.8731610422650573796843e-6,1.0240996844472980073230,0.024099684447298007322975,0.97646744275650812390960,True
0.060485033803864213420807,6.3473525716902530093273e-8,8.1026243038550062000000,133.96081301912660960552,58.178441885479983185076,0.0017681187798619564286244,5.1652075421747344441532e-10,2.4209598644031969785765,2.4191917456233350221479,1369.2292011016422027531,1368.2292011016422027531,0.00073033791508056425503964,True
0.011220449469452947944360,0.11980390064788440422321,6.7847411330844635800000,604.67641261212801081459,262.60762933450106359172,0.000022774881045046646529778,2.5285197319309833326775e-19,0.00041332974916652869839742,0.00039055486812148205186764,18.148492119409975790692,17.148492119409975790692,0.055100996458570295914343,True
0.94108700449812143800000,0.00024522032731739805439895,5.0546844856131434914628,5.3711128317076165298658,2.3326446644903671463454,0.14843686509843612216898,4.2324433367652470240553e-10,5.5804415913600228487212,5.4320047262615867265523,37.594714679937122907973,36.594714679937122907973,0.026599483691085496440957,True
0.27308932923642183100000,0.00011932848225429693703529,29.118867967852637758838,106.62763004790838322255,46.307791348227978146068,0.00034685608772403217997025,2.0265646684456646047549e-15,0.00034926000757672358173385,2.4039198526914017636007e-6,1.0069305972643156362363,0.0069305972643156362362536,0.99311710530681552072622,True
0.090610803576920972211723,0.0044274840168743254820748,20.550651756582415228941,226.80134095860473837960,98.498570866580013073294,0.00023891981896645771459405,2.3536169039748245762322e-11,0.00024220450479439417636646,3.2846858279364617724181e-6,1.0137480676243003657242,0.013748067624300365724171,0.98643837846564905909659,True
0.12636259133835919330000,8.9619912124271286506116e-6,6.3436442319000576400000,50.201916284810729654612,21.802415223462296654425,0.0086729649179431561151425,6.3532572247163774442237e-10,0.57930563356874129826354,0.57063266865079814214840,66.794416793989175502036,65.794416793989175502036,0.014971311196327264348620,True
0.12688597680098941689945,3.1870448513943596095824e-8,5.3051838492905290000000,41.810639623409990934316,18.158130073292414118141,0.025303779267094736739806,4.7600838644172058903805e-15,562.00313423386543409893,561.97783045459833936219,22210.244892734240270888,22209.244892734240270888,0.000045024267171729182835311,True
0.039579679943044323348585,0.0038634895288017182814603,5.3065496203649009800000,134.07257532150576325615,58.226979636688052288882,0.0027895561825360906704197,1.3389105206916040679774e-10,0.0041416911123633238825342,0.0013521349298272332121145,1.4847132810201931055179,0.48471328102019310551786,0.67353071652519239717887,True
0.28113576156099287470000,0.000089544117957465231776006,6.4742140060960661350221,23.028781433384007799243,10.001272701474732659154,0.016448162914705260026796,3.8342137142432822614284e-9,0.25776783513736058216559,0.24131967222265532213879,15.671527359867447404822,14.671527359867447404822,0.063809989737238871128001,True
0.13464060935248597582872,0.51014527849822233131194,17.298087762926456471878,128.47600620731347147514,55.796420552804169914677,0.00011562721663554441907347,1.2837199818210234395037e-18,0.00052204436850082639507384,0.00040641715186528197600036,4.5148917676216655552887,3.5148917676216655552887,0.22148925189557213171393,True
0.15113187879327242200000,1.1816213658370949952777,8.3254189199239327489821,55.087113231166524742757,23.924029300275234593805,0.00027751169505485637970680,3.0809987345265674534664e-18,0.0031182013999917238941202,0.0028406897049368675144134,11.236288255798883715748,10.236288255798883715748,0.088997360804081779736177,True
0.17807575969458241660000,1.3155915451315828359046e-7,4.5477632339355112828349,25.538362109112302102173,11.091169740834564862451,0.064168389155081750427828,7.3739479016128215601956e-16,684.81398159015487050784,684.74981320099978875741,10672.139204478093440493,10671.139204478093440493,0.000093701926187431477559669,True
0.64525563895503952000000,0.0023076310781097668404431,22.334854158410217417170,34.613961986570841518500,15.032652687576637013627,0.0014285359546775509367207,9.0160860988513305633838e-11,0.0014439006672134246284913,0.000015364712535873691770590,1.0107555658543727825915,0.010755565854372782591511,0.98935888535495591967149,True
0.95377747783640988700000,0.00081804575243222436305407,9.0782201256540090644116,9.5181741408356973676249,4.1336905071591682831573,0.016955089502187339682342,8.2052157635817860727057e-15,0.032288218860283788121323,0.015333129358096448438981,1.9043378600931805374047,0.90433786009318053740467,0.52511690333724149387376,True
0.64815928413400986261473,0.000010610864530975091570220,4.0020832367208143410000,6.1745366219167903434479,2.6815671832080071760387,0.30785486065154817069966,3.9812229516270862461862e-9,226.23022243140340033675,225.92236757075185216605,734.85999848307320080883,733.85999848307320080883,0.0013608034211472105951736,True
0.70479395952421312000000,0.014575097635406002008381,5.1325488783098617187656,7.2823394822718164328998,3.1626798524968336655915,0.068277139884862953777004,3.0435774225523494913305e-11,0.11513094258624086020161,0.046853802701377906424609,1.6862297216958468033532,0.68622972169584680335317,0.59303900716107452752176,True
0.48106336220788695400000,0.000014103580331714275070866,9.6053396207675464000000,19.966890799338591681972,8.6715104949175594248062,0.0075119963472305049703528,4.7011237227195915650696e-9,0.13448091070089916862858,0.12696891435366866365823,17.902153367057891794454,16.902153367057891794454,0.055859201934897947775091,True
0.10221065529982230430000,4.5410023857860070532977e-8,6.5019359694542794000000,63.613093472316121362092,27.626815471822660736294,0.0078981297759487747262882,3.5180377109602492599728e-16,61.266049651811436625735,61.258151522035487851009,7757.0325367883386296771,7756.0325367883386296771,0.00012891527723487314595430,True
0.076329384311242872705680,2.9975285612608578722702e-7,7.3914600149925436000000,96.836363632292848069013,42.055498373081519726102,0.0031226495258769657475978,2.7137697898545773909696e-12,1.8432853485107794753685,1.8401626989849025096209,590.29530315065079662998,589.29530315065079662998,0.0016940673501255818126656,True
0.93021135002614732022346,0.0023634316093447320652215,6.0393825442582300000000,6.4924842554205223738968,2.8196500859728754708252,0.062323820169814829800417,1.9928896986126781610703e-11,0.22506116829923739946108,0.16273734812942256966066,3.6111581043332902346378,2.6111581043332902346378,0.27691947322938520771884,True
0.39976547328788499100000,1.1046932475198103885251e-7,6.5625592759910245000000,16.416023179833486556799,7.1293882817975566505533,0.030149143504628730185675,5.8855194306077808035287e-13,358.78723629782897963975,358.75708715432435090956,11900.412237009160220300,11899.412237009160220300,0.000084030702473490310590603,True
0.77858245596461883400000,0.0088390042943435266743668,8.1417203123000980000000,10.457107336451571226453,4.5414640128909288210209,0.018121181146328259055486,2.6611565313218968207342e-10,0.020818744981843069988260,0.0026975638355148109327744,1.1488624728008635005152,0.14886247280086350051519,0.87042620302676874634985,True
0.17796422607796502449508,0.13463007032048375815296,6.0685796550243997600000,34.099997447609457328323,14.809440724411758978548,0.0047697997858298517841818,2.1474545179521125202820e-9,0.0091049076820454945962023,0.0043351078962156428120205,1.9088657995864744470929,0.90886579958647444709293,0.52387129583265317407926,True
0.32626485909321796900000,0.000017549258761449118213185,7.2240634298366458000000,22.141714709682050449037,9.6160245182909760536306,0.013434774323906487975065,8.9340599165300340667457e-9,0.70886542131179725121413,0.69543064698789076323906,52.763478136763919853493,51.763478136763919853493,0.018952503423068155985177,True
0.81649087799243124700000,6.1310268488459793214886e-8,5.4792736024868975748921,6.7107591158387560737481,2.9144456533907168850418,0.14925951535440103805824,4.6347152003436882735398e-8,9791.2063373679843779527,9791.0570778526299769146,65598.540328365622724118,65597.540328365622724118,0.000015244241640047401983473,True
0.063751045015237085660419,3.7556740702126738726785e-6,17.420742300507960617164,273.26206647034951509598,118.67620758155240551428,0.00023976116855696579568595,1.5986558244874106472548e-16,0.00024521793179869415251643,5.4567632417283568304788e-6,1.0227591618549851331170,0.022759161854985133117018,0.97774729114750075763286,True
0.029666081626152465374142,0.43778548023717521669497,32.812276184213726999071,1106.0535933834854245181,480.35297229571076611588,1.8634037995387550077201e-6,2.0687938024219255109606e-20,0.000029574917884412713928467,0.000027711514084873958920747,15.871448738986869179698,14.871448738986869179698,0.063006220569114445183868,True
0.069942434159309861185012,0.023818115390072893151989,9.5708716436284839254912,136.83927016078163352906,59.428539938495766955009,0.00090977595244441000070597,2.0115320409798014805181e-10,0.0010541285027787560262421,0.00014435255033434602553608,1.1586682412812690748241,0.15866824128126907482411,0.86305981675495666220083,True
0.61243928395040694700000,1.1081380940783409941561e-7,6.3160273112700742000000,10.312903624551821819510,4.4788371365429013619750,0.056012491578513520193334,3.3535299700782984656324e-9,1121.8127723060308343729,1121.7567598144523208527,20027.903431747356459841,20026.903431747356459841,0.000049930338610223361771392,True
0.025234813448790268952876,1.0427494069963797555065e-8,9.6865195553352438635620,383.85540574700010970362,166.70628456465592674542,0.00039780355810620341956980,1.5219653911963552469523e-17,0.43242658942598882159220,0.43202878586788261817263,1087.0354993419690187093,1086.0354993419690187093,0.00091993315821364115414925,True
0.020596363689631569143474,0.0072241974610557606388438,4.1987715233670044200000,203.85984568143507459863,88.535206061095715254441,0.0018753891842946857555035,2.9029564657346195601073e-11,0.0043929368205485521269578,0.0025175476362538663714543,2.3424134346816603237150,1.3424134346816603237150,0.42691011979100197968982,True
0.45111908054975280850000,0.00092418183114033281604659,9.9694387754093194000000,22.099350715248264999711,9.5976260692770029576512,0.0061479210608334444584683,7.2163920593990731464340e-17,0.0073435014225793600452950,0.0011955803617459155868267,1.1944690489542226548420,0.19446904895422265484200,0.83719205690219975700044,True
0.44934191991812108800000,0.64193356907870842585903,8.8934571476302945054537,19.792182196690789165241,8.5956355128465909403637,0.0034877157565865302941580,3.8721423363103137210102e-17,0.0079491969743446407619934,0.0044614812177581104678354,2.2791986300295917002124,1.2791986300295917002124,0.43875070247256888740077,True
0.96891929658124930000000,2.8275643669551222643068e-8,5.6193954629211982000000,5.7996527499749102930798,2.5187571862691233749114,0.16451075259066189993819,1.8579031746628550703107e-9,25242.443553166227866023,25242.279042413637204123,153439.47526624506512342,153438.47526624506512342,6.5172277099150677095936e-6,True
0.75261440838193948900000,3.9524835970403853702898e-6,13.816356354609057783651,18.357815370972120908035,7.9726979154118900007370,0.0047141562876768009262642,3.4389569666121459970815e-11,0.015911867742658762392488,0.011197711454981961466223,3.3753373396324844744313,2.3753373396324844744313,0.29626668370542264257667,True
0.12513500316977080833312,7.1467951991660744102896e-6,8.6080676925778372000000,68.790246330191572977298,29.875224389967619539066,0.0027290879641785192872751,9.7048796981121513197686e-12,0.054539928672097114505192,0.051810840707918595217917,19.984672311034920180315,18.984672311034920180315,0.050038348612192696154926,True
0.22589751028506682403853,2.0840785388298887431650,6.5758989844387453398344,29.110099425798990653222,12.642355548279521165524,0.00056448284510913584119304,6.2670185164607856075868e-18,0.0081983684465273798437114,0.0076338856014182440025184,14.523680422816615026713,13.523680422816615026713,0.068853071045890405612274,True
0.69746611944073224700000,2.6689620502346724770665e-8,11.305499764332937914942,16.209389172047993635441,7.0396482724427634977558,0.0071216849550603713234489,1.3914133765599625710898e-12,21.599863276809489056125,21.592741591854428684802,3032.9709069005544894247,3031.9709069005544894247,0.00032970972379748849065523,True
0.22691200170303552884545,0.0076327355930361973302588,16.167044599697836262559,71.248080658404242786851,30.942648276142767980652,0.0010022990045440312579574,3.1117086046020633277210e-12,0.0010199849558485390905316,0.000017685951304507832574168,1.0176453844853947314263,0.017645384485394731426308,0.98266057631232937767411,True
0.42635497249640814204265,1.7388866963954595890069e-6,5.9822111029202840200000,14.031057425912117361937,6.0936108153412772251464,0.043420893704628858440293,6.4093363285200828702762e-10,51.498138098033945916741,51.454717204329317058300,1186.0220668959657470619,1185.0220668959657470619,0.00084315463254168690126723,True
0.19749612218262353772050,1.2380332905165101843813,9.1299511554766394224722,46.228508461721722635396,20.076786131543528656001,0.00037495382151447920544141,4.1628236581656622481173e-18,0.0032631589122781802281005,0.0028882050907637010226591,8.7028287886170275561484,7.7028287886170275561484,0.11490516753678555135169,True
0.12110348184333223627727,3.3049459345708649269688e-8,20.197155212794251064852,166.77600763719308437371,72.429899830687540581522,0.00033182452316055362993313,1.4524802227014241230962e-10,0.00037500593360823064706329,0.000043181410447677017130155,1.1301332705503012149835,0.13013327055030121498354,0.88485139413076937619044,True
0.17562962327270241428775,0.000057343496180941120748300,6.0786614199729972130728,34.610684158529339227080,15.031229144945584825345,0.013143577262276045305222,9.4677325710938092392587e-13,0.24807400333915857465697,0.23493042607688252935175,18.874161758927426687151,17.874161758927426687151,0.052982485409027648383264,True
0.76782221349545329300000,1.0020565498196926491908e-6,4.9740553716094696000000,6.4781342401718933575718,2.8134179535351683687186,0.18516345409412062346655,3.3691524895051237772376e-10,982.49732376438818608074,982.31216031029406545728,5306.1082089394053605978,5305.1082089394053605978,0.00018846204423710420972524,True
0.010184356224839464018525,4.5940627307675101748011e-7,6.9999280392737401600000,687.32160234154417630071,298.49997918983380628419,0.00047812458071403366107183,9.5229253616967243757862e-12,0.034074789002328880053891,0.033596664421614846392819,71.267595051150514461594,70.267595051150514461594,0.014031622636940046642370,True
0.64777510269935535700000,0.040879948693431296869566,5.3241016188819398800000,8.2190587392071409395383,3.5694918568763594535915,0.048331100968683506555782,5.2466934453342575023919e-9,0.063436375232509614010773,0.015105274263826107454991,1.3125373509205528207638,0.31253735092055282076375,0.76188308035473914802293,True
0.43427185813577105200000,0.0057734570606324793382909,5.4210864531748310800000,12.483163142199232463035,5.4213688693551847841907,0.036886788612359389975897,4.5372046918648770426764e-13,0.068395089974434228309771,0.031508301362074838333874,1.8541893330209173930044,0.85418933302091739300441,0.53931924976116710692883,True
0.070842037914439273681060,2.8484728824417454222924e-6,7.1168436816709528000000,100.46074183052789697495,43.629545824905451638370,0.0031267498461124540544608,2.5851187221570511474654e-11,0.23196813521670875464079,0.22884138537059630058633,74.188261496236748784714,73.188261496236748784714,0.013479221373191575546136,True
0.37308643346096049559387,0.00061406940889417965978577,4.6524428461375600000000,12.470147474886374760906,5.4157162368629221585295,0.067766795065651677015800,1.5750626987129513111765e-11,0.62618661341251418858112,0.55841981834686251156532,9.2403161873875241513617,8.2403161873875241513617,0.10822140495202316304534,True
0.19295506199708248985522,0.085205162734124249413198,4.8920859490216535663318,25.353498884085366242072,11.010884662298527496197,0.011080093333578142657969,7.4107711010109773669938e-9,0.020224487879449552860320,0.0091443945458714102023514,1.8252994149570372942063,0.82529941495703729420634,0.54785532269703671988879,True
0.83649382545635428600000,2.4603876896412327015971e-7,6.7516432124568176869250,8.0713604894494203035075,3.5053473220198130801890,0.055280969651673671404804,2.9290095622758136988839e-13,565.36533472613803325439,565.31005375648635958299,10227.124058939533962454,10226.124058939533962454,0.000097779199141121156974369,True
0.77787267456200610934163,0.000011166716461735107441459,5.8766559056998852000000,7.5547786904956291358520,3.2809986972825265480133,0.080177981963916308032868,3.3891526100242510795549e-9,30.319588542824705914388,30.239410560860789606355,378.15355039080282842448,377.15355039080282842448,0.0026444284311665192341418,True
0.95874665944910955400000,0.11699144311648659630310,8.6010252272310168915046,8.9711136330562212148260,3.8961051473633508214380,0.017903219378065196194192,6.4232934445828809762276e-9,0.018875251426812693295859,0.00097203204874749710166661,1.0542937014969731528785,0.054293701496973152878515,0.94850229929299352022577,True
0.26435689903730333260000,0.018491844686416233670117,7.7123594909601832000000,29.174042815019910555028,12.670125809372358551801,0.0067348656979062605119723,1.9001215703820530344304e-9,0.0073126603535390315422246,0.00057779465563277103025223,1.0857915631209091836379,0.085791563120909183637930,0.92098707888803534951631,True
0.037402906920893625339244,0.018204070540696621714118,4.1206291233556131520000,110.16868640907131990996,47.845652585989449921197,0.0030364883876142746461877,1.2589353880061262814245e-9,0.0078105538351176066733592,0.0047740654475033320271715,2.5722324073349237286021,1.5722324073349237286021,0.38876735910348577865899,True
0.24316304721798113655101,0.047844687614839959523282,9.1253389169448898000000,37.527654885672529576121,16.298053435617188431163,0.0038016126325969269411863,1.3914414329374158979201e-15,0.0041245110279054900265590,0.00032289839530856308537267,1.0849372165222387057033,0.084937216522238705703346,0.92171232101844144909534,True
0.65494286503520325630799,1.0787154404984062291293e-6,23.600073945510225442852,36.033790434898040583164,15.649276347934395890502,0.0012910106088417942875038,1.4340510625919672297315e-10,0.0013047109721423064582798,0.000013700363300512170776018,1.0106121229420439791654,0.010612122942043979165443,0.98949931165366343297069,True
0.067922059182433507648857,0.13934196211069188993216,8.1431510930588116000000,119.88963808041985880076,52.067408255704313552542,0.00046753527848642816773714,5.1906843100016719349823e-18,0.0015220715678384646663119,0.0010545362893520364985748,3.2555223913068798938447,2.2555223913068798938447,0.30717036463034899492111,True
0.59010148027592628029030,0.000060244542519337943216849,17.919918939064709093356,30.367520736747706606034,13.188446685052101475109,0.0020882596208074932329338,5.8474112419369197588194e-16,0.0021247203988024828161953,0.000036460777994989583261486,1.0174598874736134783274,0.017459887473613478327354,0.98283972892831484898033,True
0.78614376342380604100000,5.1554017175000136536329e-6,12.984905275100960634923,16.517214635843730902638,7.1733351727585614169965,0.0056748433406133265693559,6.3024307416569745247777e-12,0.028587972235434199496045,0.022913128894820872926689,5.0376672129145444122147,4.0376672129145444122147,0.19850457716547925638448,True
0.97745767727947159690399,5.3653642853279689418928e-8,33.568966378083386375559,34.343140535265808800303,14.915036425693831085731,0.00092435367305091315702802,2.7947246009051257479413e-17,0.00092934888770451924882823,4.9952146536060918002053e-6,1.0054040080103959912450,0.0054040080103959912449997,0.99462503832554831709952,True
0.072755939393936113600000,1.3214513523993066238206,7.5276265442457148000000,103.46408289071049016143,44.933880274616214013197,0.000070630427845389951959617,7.8415527233077704396223e-19,0.0019166264807093485713811,0.0018459960528639586194215,27.135988541720928881244,26.135988541720928881244,0.036851430654996190113760,True
0.77169121322508497800000,0.13507164438805566261225,7.9197329525471008000000,10.262826395869681551587,4.4570888724572405920173,0.017230063897861148663585,6.5997248558616307507503e-11,0.018815213990646952962741,0.0015851500927858042991561,1.0919990838213070505523,0.091999083821307050552273,0.91575168405877377950821,True
0.67228089485238318788871,3.7258840779634335512701e-6,5.3914097942615144800000,8.0195790711044067033183,3.4828589377674498589984,0.10586422437350440433405,2.3087518233023491198630e-13,121.58853944044231662705,121.48267521606881222272,1148.5328510173582177273,1147.5328510173582177273,0.00087067600993233289436805,True
0.44521676209914872858013,0.24114634129295182073530,6.5680560517097010881125,14.752490496409051220769,6.4069252169206152669138,0.011874004760296600727598,1.5879452944156611758803e-9,0.017744797325456279978582,0.0058707925651596792509840,1.4944239693073049384516,0.49442396930730493845158,0.66915414938340407822321,True
0.14381720544187851130000,0.000014088368928526547143067,22.232335770123744459401,154.58745496976436158459,67.136478664836085340054,0.00032150896141369831071727,3.3812211425614979593327e-11,0.00032500439177564514114058,3.4954303619468304233085e-6,1.0108719531380312655606,0.010871953138031265560612,0.98924497498987714436338,True
0.37700272260916907500000,1.0142764434935347204051,11.367475725734433101300,30.152237753250551649791,13.094950473271618250104,0.0010360906931994779522610,1.1502917431898995207062e-17,0.0037319857226913078684108,0.0026958950294918299161498,3.6019874970277247519238,2.6019874970277247519238,0.27762450614422633278763,True
0.64839093791374715731751,0.000018215955579870013287801,7.0684093302167650000000,10.901462245848116878062,4.7344448980484680220173,0.029803113019736523771209,4.9600904350114237224695e-12,3.2000536690957170183482,3.1702505560759804945770,107.37313471168413154431,106.37313471168413154431,0.0093133166195173212494817,True
0.080629971432413063338354,0.000013228363019682975040432,4.2050073631532723562559,52.151914337189868501282,22.649288617332644879794,0.026448071697277806176622,7.6953282823157118632182e-16,2.1822369891481076230328,2.1557889174508298168562,82.510249296273516758219,81.510249296273516758219,0.012119706442883864646797,True
0.32789647687850816500000,5.6921121653923439228184e-8,8.3126407029069112556732,25.351418173324569051112,11.009981021096676559205,0.0089757612654247038048180,1.3727389988565238890632e-13,62.476618214362597996917,62.467642453097173293112,6960.5926858847228708498,6959.5926858847228708498,0.00014366592690129453663163,True
0.69617702316930065200000,0.000034279241844780262281245,21.153554342465716229309,30.385309538320490524505,13.196172263414833418239,0.0017290527023890043789249,7.7307463353496707102111e-10,0.0017497106797414485764768,0.000020657977352444197551947,1.0119475695124280489943,0.011947569512428048994254,0.98819348959137816566054,True
0.97755295291717123996974,0.00014242872697419326019017,37.491352281986938113862,38.352246975580060648872,16.656169230085099288670,0.00073590580362672145811487,8.1701956714166514377949e-18,0.00073916687312155161150685,3.2610694948301533919828e-6,1.0044313680891750216592,0.0044313680891750216592481,0.99558818229900044527462,True
0.57374747943814521100000,0.33515850874368460490337,5.5118416602334378046290,9.6067379078179646293251,4.1721532624561323641710,0.021926930500010507642090,2.5318429777999706764828e-12,0.037409824380818943752527,0.015482893880808436110437,1.7061131461515334545445,0.70611314615153345454447,0.58612759784173309470249,True
0.17198649135705263889302,0.0017770070375370928401404,9.7666729758482000775715,56.787442425184975159902,24.662472886656451274249,0.0024421111460936319893383,2.2063754389402443016631e-12,0.0025944252928874564425050,0.00015231414679382445316669,1.0623698667595306239461,0.062369866759530623946150,0.94129175844400323323333,True
0.19761202141581849400000,4.5142777471085757658511e-8,9.9784520045777017326413,50.495166908802969402070,21.929772351276811725656,0.0028536123408224090503343,2.8311152523688246688394e-10,4.4273273528279680742685,4.4244737404871456652181,1551.4817095134987658963,1550.4817095134987658963,0.00064454514279357634670707,True
0.30541192141890512591692,0.00076827134492740104202217,6.8304362459732978834004,22.364668066131654995443,9.7128519307188480894612,0.013172060607662412977778,2.1022622153883481815664e-15,0.034715423856217023681988,0.021543363248554610704210,2.6355347800345276106661,1.6355347800345276106661,0.37942963514482597770254,True
0.47176132195054031794828,3.1663816141807598356750e-8,12.579198482591041597804,26.664327695583850275352,11.580170381852116971440,0.0036823350512782267600661,6.4448326620612110213516e-10,2.0804315676995838468903,2.0767492326483056201302,564.97617373992520936305,563.97617373992520936305,0.0017699861453986354762543,True
0.89328883945974037300000,4.8294095510265265442358e-7,9.9929880457303144000000,11.186737821300954798319,4.8583385062894102914845,0.012772149751029186924318,2.3837577467109031286893e-9,8.3285385421366441233036,8.3157663923856149363793,652.08588252463340084757,651.08588252463340084757,0.0015335403308048517463731,True
0.58694779812357513100000,2.1135091743036989416176e-7,17.815060167809946211957,30.352035095392230262575,13.181721356462685306162,0.0021036139895216308131622,1.6020272173805832146792e-10,0.0039055474364381958552483,0.0018019334469165650420861,1.8565894008559674093190,0.85658940085596740931901,0.53862205587242772916445,True
0.44663583615162438070000,1.2867538846062871619363e-6,6.1518849808280100400000,13.773827541101207045133,5.9818972957872897823906,0.040879442293609407921884,3.0207691162519200337235e-8,62.418539462504934043936,62.377660020211324636014,1526.8931267260141942719,1525.8931267260141942719,0.00065492468496745029064631,True
0.18088690302396515605314,2.7695628637777093242338e-8,6.4643747419773980044440,35.737107739198523624378,15.520428690315914053812,0.014952170731570441655377,1.2437233333887801325065e-9,328.78872364025120102942,328.77377146951963058776,21989.363921991424983620,21988.363921991424983620,0.000045476531451639957173387,True
0.035772923056961103938871,0.0011780623148522590866522,20.857273902942091224811,583.04639712363244113621,253.21383296436556766534,0.000091481541905038967922358,1.8329891005819532977080e-11,0.000092637517772488889818121,1.1559758674499218957623e-6,1.0126361651036650122875,0.012636165103665012287504,0.98752151509187761430960,True
0.53477917028365609000000,1.6086353179836055587872e-7,11.057137510959520953048,20.676081129140883747273,8.9795079417698421514627,0.0057606286103793334205278,1.3152257432545235805146e-15,2.7714187573244548771512,2.7656581287140755437306,481.09658594046368554249,480.09658594046368554249,0.0020785846942670910410170,True
0.070699469829720397363265,0.0017687375921279345749050,30.760370860351705173592,435.08630169982925953654,188.95557997992926325538,0.000080096418456769827691730,6.7463325921648401255696e-17,0.000080630398837699898283015,5.3398038093007059128527e-7,1.0066667198261589441493,0.0066667198261589441493077,0.99337743098598688298830,True
0.064008375392910157609677,2.5025114031995326360257,25.994194590344164076962,406.10614518460958532721,176.36965792067678690566,2.4222746528525806566311e-6,2.6892650915628431497945e-20,0.00010388699799453803736474,0.00010146472334168545670811,42.888199268483443747275,41.888199268483443747275,0.023316437086572991210944,True
0.60999879513480266800000,7.3424831507299203852851e-7,6.7282570080827477114440,11.029951307683945256413,4.7902469885886939947349,0.038897526077953479913490,2.3358907772868610154967e-12,103.55706332490812198696,103.51816579883016850705,2662.3046184832478134068,2661.3046184832478134068,0.00037561441807125511802835,True
