sample_type,H0,T,T_ratio,t0,sigma1,xi,zfr_R,L,log10_x,log_x_offset,number_low_zeros,slow,s1,low_weight_base,low_weight_tail,low_reciprocal_base,low_reciprocal_tail,low_error_base,low_error_tail,low_total,zfr_factor,high_weight_part,high_reciprocal_part,high_error_part,high_bracket,high_total,hybrid_zero_bound,ch_H0_zero_bound,ch_same_T_zero_bound,zero_ratio_H0,zero_ratio_same_T,truncation_H0,truncation_T,truncation_saving,ch_H0_combined,hybrid_combined,combined_ratio,combined_margin,hybrid_combined_wins,high_fraction
boundary,3.0001753328000000000000000000e12,3.0001753628017533280000000000e12,1.0000000100000000000000000000,20000.000000000000000000000000,0.50000100000000000000000000000,1.0000000000000000000000000000,5.5586910000000000000000000000,28.730691857155524903582172297,12.477580934825334753940929780,0.00099999999999999999999999999576,22491,4.9273990504676354076693531890e12,0.023032850249880258685275725514,0.000066396211105186349317822256099,7.1008926574657028496630874561e-19,1.3332627191086607831336380804e-8,1.2650407506276445159186462761e-31,1.2361776995219686849721567381e-17,1.7962267208408780255776750678e-30,0.000066409543732390507791914560659,0.83534979084096534995296226202,7.1556560263256733558899544415e-8,2.3836602808482384676057378482e-20,2.0818000954762051003066803127e-19,8.5660595175885730182547688552e-8,7.1556560263488750171255647309e-8,0.000066481100292653996542085816307,0.000065584091015500990600114116862,0.000065584091064586431210910876451,1.0136772388435023852236215837,1.0136772380848306845398493429,1.0471363520804003986785406528e-12,1.0471363416090369825881708269e-12,1.0471363416090369825882799511e-20,0.000065584092062637342680514515541,0.000066481101339790338151122798895,1.0136772386251271053340652737,-8.9700927715299547060828335406e-7,False,0.0010763444038755715341858169652
boundary,3.0001753328000000000000000000e12,3.0001753628017533280000000000e12,1.0000000100000000000000000000,20000.000000000000000000000000,0.50000100000000000000000000000,1.0000000000000000000000000000,5.5586910000000000000000000000,28.739691857155524903582172298,12.481489585162464020389789940,0.010000000000000000000000000008,22491,4.9273990504676354076693531890e12,0.023032850249880258685275725514,0.000066098099409591415878735408077,7.0712248559150148280616931887e-19,1.3272765159315347951544601349e-8,1.2597296872983040810098714335e-31,1.2306273974199809343640095792e-17,1.7887157253745315634341920161e-30,0.000066111372174763744623146745904,0.83530271531951414696803543909,7.1552527746071021410405861124e-8,2.3835259514308928483579039799e-20,2.0816827771670054943759148707e-19,8.5660595175885730182547688552e-8,7.1552527746303024947636870602e-8,0.000066182924702510047648094382774,0.000065289625649913943718891081532,0.000065289625698778996092378227276,1.0136820979398168958511982199,1.0136820971811415584488301054,1.0471363520804003986785406528e-12,1.0471363416090369825881708269e-12,1.0471363416090369825882799511e-20,0.000065289626697050295799291480211,0.000066182925749646389257131365363,1.0136820977203787810745775164,-8.9329905259609345783988515147e-7,False,0.0010811327554339606000757784322
boundary,3.0001753328000000000000000000e12,3.0001753628017533280000000000e12,1.0000000100000000000000000000,20000.000000000000000000000000,0.50000100000000000000000000000,1.0000000000000000000000000000,5.5586910000000000000000000000,28.829691857155524903582172298,12.520576088533756684878391543,0.10000000000000000000000000001,22491,4.9273990504676354076693531890e12,0.023032850249880258685275725514,0.000063189616589523301291222404903,6.7812430192476766465489705138e-19,1.2688730069267575746358463666e-8,1.2078244212463730255608653171e-31,1.1764766930083232426793973735e-17,1.7153026671005395036252481025e-30,0.000063202305319605011758200773203,0.83483210599018327936086751950,7.1512215070825345584521190224e-8,2.3821830735389940507857005754e-20,2.0805099576398147441995148430e-19,8.5660595175885730182547688552e-8,7.1512215071057218411020561639e-8,0.000063273817534676068976611793765,0.000062416717711143499119953096845,0.000062416717757858366138649349950,1.0137318951550627356215972108,1.0137318943963501282317693998,1.0471363520804003986785406528e-12,1.0471363416090369825881708269e-12,1.0471363416090369825882799511e-20,0.000062416718758279851200353495524,0.000063273818581812410585648776353,1.0137318949246889294163667827,-8.5709982353255938529528082917e-7,False,0.0011302023152288265991003217806
boundary,3.0001753328000000000000000000e12,3.0001753628017533280000000000e12,1.0000000100000000000000000000,20000.000000000000000000000000,0.50000100000000000000000000000,1.0000000000000000000000000000,5.5586910000000000000000000000,29.229691857155524903582172297,12.694293881295057415938843110,0.50000000000000000000000000000,22491,4.9273990504676354076693531890e12,0.023032850249880258685275725514,0.000051735282377049348127500010155,5.6290451930490950394524368914e-19,1.0388653525214675204263187054e-8,1.0017134668548340523898770282e-31,9.6321764884539816294895291687e-18,1.4236382869641673887663988083e-30,0.000051745671030584757883712033757,0.83274371477742462265542883813,7.1333322236580929292548883281e-8,2.3762238750818856656132326081e-20,2.0753054156936968193367528283e-19,8.5660595175885730182547688552e-8,7.1333322236812222072869071819e-8,0.000051817004352821570105784902829,0.000051102486296300325184725689197,0.000051102486334547223438880649738,1.0139820605279037861267415536,1.0139820597690039461725503129,1.0471363520804003986785406528e-12,1.0471363416090369825881708269e-12,1.0471363416090369825882799511e-20,0.000051102487343436677265126087875,0.000051817005399957911714821885417,1.0139820602413984692969851053,-7.1451805652123444969579754183e-7,False,0.0013766392543865368764074838149
boundary,3.0001753328000000000000000000e12,3.0001753628017533280000000000e12,1.0000000100000000000000000000,20000.000000000000000000000000,0.50000100000000000000000000000,1.0000000000000000000000000000,5.5586910000000000000000000000,29.729691857155524903582172297,12.911441122246683329764407570,1.0000000000000000000000000000,22491,4.9273990504676354076693531890e12,0.023032850249880258685275725514,0.000040291478427666284573096479666,4.4588965283247477700992501156e-19,8.0906915004946997283835325285e-9,7.9262571201637314734791428872e-32,7.5015465918899356455863445705e-18,1.1274873006422747516677524470e-30,0.000040299569119174726709069586816,0.83014057084130483585711024148,7.1110335377685133509800880707e-8,2.3687958361048088215061308941e-20,2.0688180431532705854490334522e-19,8.5660595175885730182547688552e-8,7.1110335377915703272477255854e-8,0.000040370679454552642412342064072,0.000039798656344454429558006930203,0.000039798656374241143868395161207,1.0143729251848955680486300766,1.0143729244257031912368534248,1.0471363520804003986785406528e-12,1.0471363416090369825881708269e-12,1.0471363416090369825882799511e-20,0.000039798657391590781638407328882,0.000040370680501688984021379046660,1.0143729248067314815038528146,-5.7202311009820238297171777829e-7,False,0.0017614351885746257541964821483
boundary,3.0001753328000000000000000000e12,3.0001753628017533280000000000e12,1.0000000100000000000000000000,20000.000000000000000000000000,0.50000100000000000000000000000,1.0000000000000000000000000000,5.5586910000000000000000000000,30.729691857155524903582172297,13.345735604149935157415536489,2.0000000000000000000000000000,22491,4.9273990504676354076693531890e12,0.023032850249880258685275725514,0.000024438016991529769628168199698,2.7954270808447772618407395725e-19,4.9072524533264462355832848158e-9,4.9590352506231547958996298175e-32,4.5499180032440595526870152360e-18,7.0660864596651765950897741692e-31,0.000024442924243987925535115112277,0.82495866969442264958361876220,7.0666450641302039833686588085e-8,2.3540093453693887829233596335e-20,2.0559040729570640470741837565e-19,8.5660595175885730182547688552e-8,7.0666450641531170334435988377e-8,0.000024513590694629456705449548265,0.000024139105288278328880866659500,0.000024139105306344884362218171993,1.0155136407036997190932365333,1.0155136399436535906636028222,1.0471363520804003986785406528e-12,1.0471363416090369825881708269e-12,1.0471363416090369825882799511e-20,0.000024139106335414680961267058179,0.000024513591741765798314486530853,1.0155136400307291716505369455,-3.7448540635111735321947267442e-7,False,0.0028827458009655468982642749854
boundary,3.0001753328000000000000000000e12,3.0001753628017533280000000000e12,1.0000000100000000000000000000,20000.000000000000000000000000,0.50000100000000000000000000000,1.0000000000000000000000000000,5.5586910000000000000000000000,33.729691857155524903582172298,14.648619049859690640368923245,5.0000000000000000000000000000,22491,4.9273990504676354076693531890e12,0.023032850249880258685275725514,5.4528586450300868234176760707e-6,6.8463841696642307661518616489e-20,1.0949560257995051229567613567e-9,1.2079347643709840103204753790e-32,1.0152239327260710779225509569e-18,1.7289639227413703037384142075e-31,5.4539536010569700163150557304e-6,0.80960623855548440823650752864,6.9351352252548052955503749612e-8,2.3102013732820266931354394568e-20,2.0176438220283387884798708340e-19,8.5660595175885730182547688552e-8,6.9351352252772919351439403758e-8,5.5233049533097429356664951342e-6,5.3861624288133529162619969921e-6,5.3861624328445463341464527304e-6,1.0254620105332776679647810773,1.0254620097657858296302391947,1.0471363520804003986785406528e-12,1.0471363416090369825881708269e-12,1.0471363416090369825882799511e-20,5.3861634759497049966623956706e-6,5.5233060004460845447034777224e-6,1.0254620055831480595961154937,-1.3714252449637954804108205176e-7,False,0.012556133119395362455993397534
boundary,3.0001753328000000000000000000e12,3.0001753628017533280000000000e12,1.0000000100000000000000000000,20000.000000000000000000000000,0.50000100000000000000000000000,1.0000000000000000000000000000,5.5586910000000000000000000000,38.729691857155524903582172298,16.820091459375949778624567840,10.000000000000000000000000000,22491,4.9273990504676354076693531890e12,0.023032850249880258685275725514,4.4759789437360932570408609946e-7,6.4529427774726065373362012945e-21,8.9879463870982071678822111511e-11,1.1302908661449360861132166579e-33,8.3334655120768667434196817658e-20,1.6275894001192259659921119535e-32,4.4768777383757009537366318025e-7,0.78465112981330622024516492857,6.7213682785021051481158317705e-8,2.2389922796003314954771315016e-20,1.9554524522193096328568908281e-19,8.5660595175885730182547688552e-8,6.7213682785238986649176251983e-8,5.1490145662280908202283943223e-7,4.4212313555723946642869333196e-7,4.4212313588813997258840876198e-7,1.1646109764734249495805927238,1.1646109756017891307038398888,1.0471363520804003986785406528e-12,1.0471363416090369825881708269e-12,1.0471363416090369825882799511e-20,4.4212418269359154682909201050e-7,5.1490250375915069105982202040e-7,1.1646105866052507230711708661,-7.2778321065559144230730009903e-8,False,0.13053698318526286703980860224
boundary,3.0001753328000000000000000000e12,3.0001753628017533280000000000e12,1.0000000100000000000000000000,20000.000000000000000000000000,0.50000100000000000000000000000,1.0000000000000000000000000000,5.5586910000000000000000000000,48.729691857155524903582172298,21.163036278408468055135857029,20.000000000000000000000000000,22491,4.9273990504676354076693531890e12,0.023032850249880258685275725514,3.0158908891916348334187815589e-9,5.4706281942784304619306265059e-23,6.0560306386889430987537978571e-13,9.4857371064509359758585424412e-36,5.6150448939080559633381398079e-22,1.3774595958291325178809613070e-34,3.0164964922561199384999906758e-9,0.73702483325547637194638537950,6.3133985875867336922858384981e-8,2.1030912323102973202067471785e-20,1.8367615399710964718088261557e-19,8.5660595175885730182547688552e-8,6.3133985876072043989178597602e-8,6.6150482368328163927678588277e-8,2.9790022544541588362992788057e-9,2.9790022566837489087739955077e-9,22.205583184578316236891194581,22.205583167958876721272447439,1.0471363520804003986785406528e-12,1.0471363416090369825881708269e-12,1.0471363416090369825882799511e-20,2.9800493908062392366979573464e-9,6.6151529504669772964661176448e-8,22.198131919811157233710165631,-6.3171480113863533727963219102e-8,False,0.95439947851838534468982102022
boundary,3.0001753328000000000000000000e12,3.0001753628017533280000000000e12,1.0000000100000000000000000000,20000.000000000000000000000000,0.50000100000000000000000000000,1.0000000000000000000000000000,5.5586910000000000000000000000,68.729691857155524903582172298,29.848925916473504608158435408,40.000000000000000000000000000,22491,4.9273990504676354076693531890e12,0.023032850249880258685275725514,1.3692123454061820572396627855e-13,3.5030590247816337296044525319e-27,2.7494336563593429220419465325e-17,6.0044074436050823650848362909e-40,2.5492264379662494556074341385e-26,8.8033414289912151057975060708e-39,1.3694872887721079447659115155e-13,0.65026915596075576204771211850,5.5702442923938589674966082988e-8,1.8555349817756241201171423882e-20,1.6205551324810914673700059446e-19,8.5660595175885730182547688552e-8,5.5702442924119200538031948376e-8,5.5702579872848077748826424967e-8,1.3524649311450283663438159948e-13,1.3524649321572606932386724744e-13,411859.69846692419580138420356,411859.69815867391069535013515,1.0471363520804003986785406528e-12,1.0471363416090369825881708269e-12,1.0471363416090369825882799511e-20,1.1823828451949032353129222523e-12,5.5703627009189686785809013138e-8,47111.328818380764294001315279,-5.5702444626344491882573700216e-8,False,0.99999754142933433563076241418
boundary,3.0001753328000000000000000000e12,3.0001753628017533280000000000e12,1.0000000100000000000000000000,20000.000000000000000000000000,0.50000100000000000000000000000,1.0000000000000000000000000000,5.5586910000000000000000000000,108.72969185715552490358217230,47.220705192603577714203592164,80.000000000000000000000000000,22491,4.9273990504676354076693531890e12,0.023032850249880258685275725514,2.8221569856215460006964284013e-22,1.1422739256894144747878153626e-35,5.6670051404595486497762288857e-26,1.9375438154370295244391980357e-48,5.2543473070302765888086204998e-35,2.8655937445372786811394311314e-47,2.8227236861362316176846782992e-22,0.50619193546569064060781001857,4.3360702465084006818138474188e-8,1.4444124177496480367453671020e-20,1.2614959998025323036504540478e-19,8.5660595175885730182547688552e-8,4.3360702465224600542296223899e-8,4.3360702465224882814664837522e-8,2.7876379920506899071853679869e-22,2.7876379941370562345141118437e-22,1.5554638941237539142575868614e14,1.5554638929595900239314864280e14,1.0471363520804003986785406528e-12,1.0471363416090369825881708269e-12,1.0471363416090369825882799511e-20,1.0471363523591641978836096435e-12,4.3361749601566491851647425693e-8,41409.840756529823550467651495,-4.3360702465214132687449542083e-8,False,0.99999999999999349013386395194
boundary,3.0001753328000000000000000000e12,3.0001753628017533280000000000e12,1.0000000100000000000000000000,20000.000000000000000000000000,0.50000100000000000000000000000,1.0000000000000000000000000000,5.5586910000000000000000000000,188.72969185715552490358217230,81.964263744863723926293905678,160.00000000000000000000000000,22491,4.9273990504676354076693531890e12,0.023032850249880258685275725514,1.1989522638966178691835672854e-39,8.4236523145294403910029603319e-53,2.4075445403230632497088555621e-43,1.4178942703364260558560067529e-65,2.2322328740601976812259816962e-52,2.1105397207594785227017480317e-64,1.1991930183509576353190897103e-39,0.30673219038552002841980518459,2.6274861987941546087450314101e-8,8.7525650583270467848027864293e-21,7.6441642798204736055642227223e-20,8.5660595175885730182547688552e-8,2.6274861988026740295306845884e-8,2.6274861988026740295306845884e-8,1.1842873725741049204320179210e-39,1.1842873734604672469124332419e-39,2.2186221517263228368233682600e31,2.2186221500658279805461790215e31,1.0471363520804003986785406528e-12,1.0471363416090369825881708269e-12,1.0471363416090369825882799511e-20,1.0471363520804003986785406540e-12,2.6275909124368349332289434054e-8,25093.111391047240782224515919,-2.6274861988016268931890755514e-8,False,1.0000000000000000000000000000
boundary,3.0001753328000000000000000000e12,3.0001753628017533280000000000e12,1.0000000100000000000000000000,20000.000000000000000000000000,0.50000100000000000000000000000,1.0000000000000000000000000000,5.5586910000000000000000000000,348.72969185715552490358217230,151.45138084938401635047453270,320.00000000000000000000000000,22491,4.9273990504676354076693531890e12,0.023032850249880258685275725514,2.1639306574542132205811215593e-74,2.8094759655654740577190676588e-87,4.3452601049017328167321016830e-78,4.7062421487702247317197542048e-100,4.0288486007417076463192964661e-87,7.0335456608515266861569282088e-99,2.1643651834653872263194262381e-74,0.11262832470491506000945892232,9.6478093278546563192632757777e-9,3.2138352944017860418721638113e-21,2.8068440274339608630135817878e-20,8.5660595175885730182547688552e-8,9.6478093278859385948320171723e-9,9.6478093278859385948320171723e-9,2.1374627079981735390770668501e-74,2.1374627095979258141591354294e-74,4.5136737552354914084259306405e65,4.5136737518572992058239562589e65,1.0471363520804003986785406528e-12,1.0471363416090369825881708269e-12,1.0471363416090369825882799511e-20,1.0471363520804003986785406528e-12,9.6488564642275476318146053432e-9,9214.5177130539507180193788608,-9.6478093278754672314159268025e-9,False,1.0000000000000000000000000000
boundary,3.0001753328000000000000000000e12,3.0001753628017533280000000000e12,1.0000000100000000000000000000,20000.000000000000000000000000,0.50000100000000000000000000000,1.0000000000000000000000000000,5.5586910000000000000000000000,668.72969185715552490358217230,290.42561505842460119883578676,640.00000000000000000000000000,22491,4.9273990504676354076693531890e12,0.023032850249880258685275725514,7.0489793011493815028883665644e-144,1.7552516504596359319058185571e-156,1.4154634961176245499821527983e-147,2.9322544710569358782377463408e-169,1.3123928114916431099591986069e-156,4.3923205889415852667619821504e-168,7.0503947646485667719003046818e-144,0.015185327432715358913460674551,1.3007841858228848216119829637e-9,4.3331143731536416627966575369e-22,3.7843806805097706954455860870e-21,8.5660595175885730182547688552e-8,1.3007841858271025137298080986e-9,1.3007841858271025137298080986e-9,6.9627602593252839399679439470e-144,6.9627602645364586304206743144e-144,1.8682018874410492706145186752e134,1.8682018860428212658281219289e134,1.0471363520804003986785406528e-12,1.0471363416090369825881708269e-12,1.0471363416090369825882799511e-20,1.0471363520804003986785406528e-12,1.3018313221687115507123962694e-9,1243.2299953891347317431202879,-1.3007841858166311503137177287e-9,False,1.0000000000000000000000000000
boundary,3.0001753328000000000000000000e12,3.0001783329753328000000000000e12,1.0000010000000000000000000000,20000.000000000000000000000000,0.50000100000000000000000000000,1.0000000000000000000000000000,5.5586910000000000000000000000,28.730692847155024953915505047,12.477581364776654712778776198,0.00099999999999999999999999999576,22491,4.9274039285926465893782117509e12,0.023032850249880258685275725514,0.000066396183129150545787198116121,7.0958560921376445841325979285e-17,1.3332620591441115291257603458e-8,1.2648878571726567611403918413e-29,1.2361759093091476701478895506e-17,1.7960078532698913117819457014e-28,0.000066409515749825307222504033897,0.83534979084114559729105229755,7.1505839112349397839169447311e-6,2.3833732934669583092755418835e-18,2.0815473906560889452053190541e-17,8.5599876718206186274367461895e-6,7.1505839112581386311169725789e-6,0.000073560099661083445853621006476,0.000065584058551400367160854279790,0.000065584063459939659707565494786,1.1216155463058449632265197528,1.1216154623602385197286293008,1.0471363520804003986785406528e-12,1.0471353049450954535830870697e-12,1.0471353049450954535830882462e-18,0.000065584059598536719241254678468,0.000073560100708218750798716460059,1.1216155443640757676350683191,-7.9760411096820315574617815907e-6,False,0.097207371172732580659998487428
boundary,3.0001753328000000000000000000e12,3.0001783329753328000000000000e12,1.0000010000000000000000000000,20000.000000000000000000000000,0.50000100000000000000000000000,1.0000000000000000000000000000,5.5586910000000000000000000000,28.739692847155024953915505047,12.481490015113783979227636358,0.010000000000000000000000000008,22491,4.9274039285926465893782117509e12,0.023032850249880258685275725514,0.000066098071559164940509965170723,7.0662093334735934727018211222e-17,1.3272758589301538836740406701e-8,1.2595774357291943157876400064e-29,1.2306256152450188675909393741e-17,1.7884977729883725462682319284e-28,0.000066111344317837210398289288699,0.83530271532131651877187936099,7.1501809453655596320709468399e-6,2.3832389802272031128538531462e-18,2.0814300865919252042068045690e-17,8.5599876718206186274367461895e-6,7.1501809453887571719170932951e-6,0.000073261525263225967570206381994,0.000065289593331573566560643052926,0.000065289598218074056786582169199,1.1221011117524794480611032309,1.1221010277705315986153454111,1.0471363520804003986785406528e-12,1.0471353049450954535830870697e-12,1.0471353049450954535830882462e-18,0.000065289594378709918641043451604,0.000073261526310361272515301835577,1.1221011097941649402526391220,-7.9719319316513538742583839730e-6,False,0.097598035526811922594030738722
boundary,3.0001753328000000000000000000e12,3.0001783329753328000000000000e12,1.0000010000000000000000000000,20000.000000000000000000000000,0.50000100000000000000000000000,1.0000000000000000000000000000,5.5586910000000000000000000000,28.829692847155024953915505047,12.520576518485076643716237961,0.10000000000000000000000000001,22491,4.9274039285926465893782117509e12,0.023032850249880258685275725514,0.000063189589964585722860781804997,6.7764331762021380973379771350e-17,1.2688723788350918623912920321e-8,1.2076784428605086264166888582e-29,1.1764749892535473208439932785e-17,1.7150936598074732027531218278e-28,0.000063202278688453602861060458358,0.83483210600819684284149619446,7.1461525354470243062781362986e-6,2.3818962640610604898181647480e-18,2.0802574094709357758608428306e-17,8.5599876718206186274367461895e-6,7.1461525354702087766369067168e-6,0.000070348431223923811637697365075,0.000062416686814891481531671680068,0.000062416691486373645163877700116,1.1270773059863850503329638605,1.1270772216320015261841597980,1.0471363520804003986785406528e-12,1.0471353049450954535830870697e-12,1.0471353049450954535830882462e-18,0.000062416687862027833612072078747,0.000070348432271059116582792818658,1.1270773038544501733615890255,-7.9317444090312829707207399107e-6,False,0.10158225863947871456178488510
boundary,3.0001753328000000000000000000e12,3.0001783329753328000000000000e12,1.0000010000000000000000000000,20000.000000000000000000000000,0.50000100000000000000000000000,1.0000000000000000000000000000,5.5586910000000000000000000000,29.229692847155024953915505047,12.694294311246377374776689528,0.50000000000000000000000000000,22491,4.9274039285926465893782117509e12,0.023032850249880258685275725514,0.000051735260578394153884886700335,5.6250525855399306769761593238e-17,1.0388648382835050498362979076e-8,1.0015923987509056779747630254e-29,9.6321625392896741225641923590e-18,1.4234648179243248328810625806e-28,0.000051745649226842871623779904658,0.83274371486726712908426893155,7.1282759330267845579478691891e-6,2.3759377832830945066311033707e-18,2.0750534994709173498067489731e-17,8.5599876718206186274367461895e-6,7.1282759330499110307258614571e-6,0.000058873925159892782654505766115,0.000051102461000588643537555642597,0.000051102464825274753358511754305,1.1520761232852292669380787381,1.1520760370598473552995133975,1.0471363520804003986785406528e-12,1.0471353049450954535830870697e-12,1.0471353049450954535830882462e-18,0.000051102462047724995617956041276,0.000058873926207028087599601219698,1.1520761201690294258813301935,-7.7714641593030919816451784224e-6,False,0.12107696087343554623411863634
boundary,3.0001753328000000000000000000e12,3.0001783329753328000000000000e12,1.0000010000000000000000000000,20000.000000000000000000000000,0.50000100000000000000000000000,1.0000000000000000000000000000,5.5586910000000000000000000000,29.729692847155024953915505047,12.911441552198003288602253988,1.0000000000000000000000000000,22491,4.9274039285926465893782117509e12,0.023032850249880258685275725514,0.000040291461450856549393402039946,4.4557338892912813793971208070e-17,8.0906874956054211569913662665e-9,7.9252991407431307896356209646e-30,7.5015357282698497675018748327e-18,1.1273499167045346090393524279e-28,0.000040299552138404213689180334636,0.83014057102042815616126494057,7.1059930537899395420667522935e-6,2.3685106388800755744413741333e-18,2.0685669146398683643670589142e-17,8.5599876718206186274367461895e-6,7.1059930538129937218520310527e-6,0.000047405545192217207411032365689,0.000039798636644134363542707208382,0.000039798639622802900873593025739,1.1911349028385365990338765302,1.1911348136898598495657322561,1.0471363520804003986785406528e-12,1.0471353049450954535830870697e-12,1.0471353049450954535830882462e-18,0.000039798637691270715623107607060,0.000047405546239352512356127819272,1.1911348978095867741309236345,-7.6069085480817967330202122116e-6,False,0.14989792913466203978649473288
boundary,3.0001753328000000000000000000e12,3.0001783329753328000000000000e12,1.0000010000000000000000000000,20000.000000000000000000000000,0.50000100000000000000000000000,1.0000000000000000000000000000,5.5586910000000000000000000000,30.729692847155024953915505047,13.345736034101255116253382907,2.0000000000000000000000000000,22491,4.9274039285926465893782117509e12,0.023032850249880258685275725514,0.000024438006694574161133770604305,2.7934443166692821334117881094e-17,4.9072500242383100276242579230e-9,4.9584358893975033638714864349e-30,4.5499114141254019976370736180e-18,7.0652254519797886110895198469e-29,0.000024442913944630883798379122397,0.82495867005043304405343544435,7.0616360453703299857635181299e-6,2.3537259289098476743955243073e-18,2.0556545124809232215952815802e-17,8.5599876718206186274367461895e-6,7.0616360453932402568172372098e-6,0.000031504549990024124055196359606,0.000024139093339430202690576880406,0.000024139095146083995703143913801,1.3051256543493601297580347892,1.3051255566692192827720683534,1.0471363520804003986785406528e-12,1.0471353049450954535830870697e-12,1.0471353049450954535830882462e-18,0.000024139094386566554770977279085,0.000031504551037159429000291813190,1.3051256411131878591592477692,-7.3654566505928742293145341049e-6,False,0.22414654542373398088278364663
boundary,3.0001753328000000000000000000e12,3.0001783329753328000000000000e12,1.0000010000000000000000000000,20000.000000000000000000000000,0.50000100000000000000000000000,1.0000000000000000000000000000,5.5586910000000000000000000000,33.729692847155024953915505048,14.648619479811010599206769663,5.0000000000000000000000000000,22491,4.9274039285926465893782117509e12,0.023032850249880258685275725514,5.4528563474687328587900220045e-6,6.8415280887608477720124190103e-18,1.0949554837966802762239338914e-9,1.2077887673300611475781453527e-30,1.0152224624949697806572935138e-18,1.7287532423971113135891612608e-29,5.4539513029603862896175202513e-6,0.80960623942894706471545334368,6.9302194285183550031360116622e-6,2.3099232326809905688086599414e-18,2.0173989071635336712358653686e-17,8.5599876718206186274367461895e-6,6.9302194285408389154403279895e-6,0.000012384170731501225205057848241,5.3861597626649569301569648163e-6,5.3861601657839070978192424269e-6,2.2992579643374339417622859734,2.2992577922529752142999148666,1.0471363520804003986785406528e-12,1.0471353049450954535830870697e-12,1.0471353049450954535830882462e-18,5.3861608098013090105573634948e-6,0.000012384171778636530150153301824,2.2992577117454040403750233493,-6.9980109688352211395959383290e-6,False,0.55960302702486634294357232453
boundary,3.0001753328000000000000000000e12,3.0001783329753328000000000000e12,1.0000010000000000000000000000,20000.000000000000000000000000,0.50000100000000000000000000000,1.0000000000000000000000000000,5.5586910000000000000000000000,38.729692847155024953915505048,16.820091889327269737462414258,10.000000000000000000000000000,22491,4.9274039285926465893782117509e12,0.023032850249880258685275725514,4.4759770577828874719457247808e-7,6.4483657367016385662201589495e-19,8.9879419380680939985498262134e-11,1.1301542496899661716438241609e-31,8.3334534436850740634968034831e-20,1.6273910665612440909605179978e-30,4.4768758519839759924266673135e-7,0.78465113150638472677566294656,6.7166040123529613799344732935e-6,2.2387227147538468016480961692e-18,1.9552150886610533127633262505e-17,8.5599876718206186274367461895e-6,6.7166040123747522535358376734e-6,7.1642915975731498527785044048e-6,4.4212291670645205079928173911e-7,4.4212294979647052057936678107e-7,16.204298232135947766441693681,16.204297019349938720675133392,1.0471363520804003986785406528e-12,1.0471353049450954535830870697e-12,1.0471353049450954535830882462e-18,4.4212396384280413119968041765e-7,7.1642926447084547978739579879e-6,16.204262221931263323511321671,-6.7221686808656506666742775702e-6,False,0.93751125577439527763411222198
boundary,3.0001753328000000000000000000e12,3.0001783329753328000000000000e12,1.0000010000000000000000000000,20000.000000000000000000000000,0.50000100000000000000000000000,1.0000000000000000000000000000,5.5586910000000000000000000000,48.729692847155024953915505048,21.163036708359788013973703447,20.000000000000000000000000000,22491,4.9274039285926465893782117509e12,0.023032850249880258685275725514,3.0158896184463604998889658718e-9,5.4667478757633934729465611547e-21,6.0560276409560331117358770028e-13,9.4845905350855893234422307405e-34,5.6150367622896296358014465216e-22,1.3772917352829174773639106024e-32,3.0164952212164843547521465373e-9,0.73702483643610240534605742389,6.3089235136981762548074875414e-6,2.1028380338910083300643968420e-18,1.8365385877304205269791507125e-17,8.5599876718206186274367461895e-6,6.3089235137186444787186827550e-6,6.3119400089398609630734349015e-6,2.9790007798491525216675778707e-9,2.9790010028079431698049818753e-9,2118.8111301063433354027676263,2118.8109715271529507596364842,1.0471363520804003986785406528e-12,1.0471353049450954535830870697e-12,1.0471353049450954535830882462e-18,2.9800479162012329220662564113e-9,6.3119410560751659081688884846e-6,2118.0669685745217738809739920,-6.3089610081589646752468222282e-6,False,0.99952209697542370526950386016
boundary,3.0001753328000000000000000000e12,3.0001783329753328000000000000e12,1.0000010000000000000000000000,20000.000000000000000000000000,0.50000100000000000000000000000,1.0000000000000000000000000000,5.5586910000000000000000000000,68.729692847155024953915505048,29.848926346424824566996281825,40.000000000000000000000000000,22491,4.9274039285926465893782117509e12,0.023032850249880258685275725514,1.3692117684887200497216848722e-13,3.5005742830800873915664666697e-25,2.7494322953907073210425730993e-17,6.0036816385544142186045107345e-38,2.5492227462171953496297825132e-26,8.8022685811397981478489065236e-37,1.3694867117220146170115003391e-13,0.65026916157322068129005525202,5.5662960064138400865333604815e-6,1.8553115955151882469182155773e-18,1.6203584310877756382826629383e-17,8.5599876718206186274367461895e-6,5.5662960064318989824397534261e-6,5.5662961433805701546412151273e-6,1.3524642616753912254157140243e-13,1.3524643628985255789557391238e-13,4.1156696713635991390479078121e7,4.1156693633325740505999490366e7,1.0471363520804003986785406528e-12,1.0471353049450954535830870697e-12,1.0471353049450954535830882462e-18,1.1823827782479395212201120552e-12,5.5662971905158750997366687104e-6,4.7076947439678045774672584401e6,-5.5662960081330968517971474903e-6,False,0.99999997539680468940543398301
boundary,3.0001753328000000000000000000e12,3.0001783329753328000000000000e12,1.0000010000000000000000000000,20000.000000000000000000000000,0.50000100000000000000000000000,1.0000000000000000000000000000,5.5586910000000000000000000000,108.72969284715502495391550505,47.220705622554897673041438582,80.000000000000000000000000000,22491,4.9274039285926465893782117509e12,0.023032850249880258685275725514,2.8221557965060293358416879415e-22,1.1414636975925584833371370795e-33,5.6670023352941153555147747551e-26,1.9373095978365874763864459787e-46,5.2543396977683405841533654373e-35,2.8652445045640261710162244457e-45,2.8227224967514988183229724276e-22,0.50619194420356315515862795304,4.3329968019433533934455212357e-6,1.4442385386462768197472166647e-18,1.2613428915413822432039559796e-17,8.5599876718206186274367461895e-6,4.3329968019574110608995813350e-6,4.3329968019574113431718310101e-6,2.7876366121709222015345362151e-22,2.7876368208073522489183854130e-22,1.5543621371018699853108590100e16,1.5543620207680043737087159676e16,1.0471363520804003986785406528e-12,1.0471353049450954535830870697e-12,1.0471353049450954535830882462e-18,1.0471363523591640598956328730e-12,4.3329978490927162882672845932e-6,4.1379499807552411030556756792e6,-4.3329968019563639291032246976e-6,False,0.99999999999999993485519085829
boundary,3.0001753328000000000000000000e12,3.0001783329753328000000000000e12,1.0000010000000000000000000000,20000.000000000000000000000000,0.50000100000000000000000000000,1.0000000000000000000000000000,5.5586910000000000000000000000,188.72969284715502495391550505,81.964264174815043885131752095,160.00000000000000000000000000,22491,4.9274039285926465893782117509e12,0.023032850249880258685275725514,1.1989517587182213435443628429e-39,8.4176772881013836574645867762e-51,2.4075433485894127164538869456e-43,1.4177228646153391231451096731e-63,2.2322296413761651358567921191e-52,2.1102824937654116089161765125e-62,1.1991925130617211850682697523e-39,0.30673220097512689904101416059,2.6256238588889722034127287278e-6,8.7515115711506627140765004165e-19,7.6432366365599609862388936897e-18,8.5599876718206186274367461895e-6,2.6256238588974905912064037550e-6,2.6256238588974905912064037550e-6,1.1842867863522966281249125366e-39,1.1842868749884431681898239751e-39,2.2170507086249217866185799568e33,2.2170505426931398453968071315e33,1.0471363520804003986785406528e-12,1.0471353049450954535830870697e-12,1.0471353049450954535830882462e-18,1.0471363520804003986785406540e-12,2.6256249060327955363018573381e-6,2.5074336315574658539451183788e6,-2.6256238588964434559014586596e-6,False,1.0000000000000000000000000000
boundary,3.0001753328000000000000000000e12,3.0001783329753328000000000000e12,1.0000010000000000000000000000,20000.000000000000000000000000,0.50000100000000000000000000000,1.0000000000000000000000000000,5.5586910000000000000000000000,348.72969284715502495391550505,151.45138127933533630931237912,320.00000000000000000000000000,22491,4.9274039285926465893782117509e12,0.023032850249880258685275725514,2.1639297456822831417597412127e-74,2.8074831542012785704357862459e-85,4.3452579539995997097038724349e-78,4.7056732116886656746617780422e-98,4.0288427662274450410964458258e-87,7.0326884140451409955802407834e-97,2.1643642715061608175494221627e-74,0.11262833248166454437794476457,9.6409713753763439268184664796e-7,3.2134485776816752494036660091e-19,2.8065035050177896418794493021e-18,8.5599876718206186274367461895e-6,9.6409713754076224104463260513e-7,9.6409713754076224104463260513e-7,2.1374616499549292574576751967e-74,2.1374618099300013535634247767e-74,4.5104768900115297755630570396e67,4.5104765524317600153522553779e67,1.0471363520804003986785406528e-12,1.0471353049450954535830870697e-12,1.0471353049450954535830882462e-18,1.0471363520804003986785406528e-12,9.6409818467606718614008618821e-7,920699.75678013951580560499788,-9.6409713753971510573968750967e-7,False,1.0000000000000000000000000000
boundary,3.0001753328000000000000000000e12,3.0001783329753328000000000000e12,1.0000010000000000000000000000,20000.000000000000000000000000,0.50000100000000000000000000000,1.0000000000000000000000000000,5.5586910000000000000000000000,668.72969284715502495391550505,290.42561548837592115767363318,640.00000000000000000000000000,22491,4.9274039285926465893782117509e12,0.023032850249880258685275725514,7.0489763310627752824098020657e-144,1.7540066168045409946124123504e-154,1.4154627954637213002981616664e-147,2.9318999871969394506015708985e-167,1.3123909109053129661856341587e-156,4.3917852480364690074688555983e-166,7.0503917940349520563019281373e-144,0.015185329529745420734161773156,1.2998623356673267541366759040e-7,4.3325932741596766422517605416e-20,3.7839218259773720519242987793e-19,8.5599876718206186274367461895e-6,1.2998623356715439352900692437e-7,1.2998623356715439352900692437e-7,6.9627568127615491129517275292e-144,6.9627573338785119050876375579e-144,1.8668788392682584228201821506e136,1.8668786995445564510809402966e136,1.0471363520804003986785406528e-12,1.0471353049450954535830870697e-12,1.0471353049450954535830882462e-18,1.0471363520804003986785406528e-12,1.2998728070245933862446050746e-7,124135.96418862436514222940782,-1.2998623356610725822406182891e-7,False,1.0000000000000000000000000000
boundary,3.0001753328000000000000000000e12,3.0004753503332800000000000000e12,1.0001000000000000000000000000,20000.000000000000000000000000,0.50000100000000000000000000000,1.0000000000000000000000000000,5.5586910000000000000000000000,28.730791842155858261917505131,12.477624357759252626260448981,0.00099999999999999999999999999576,22491,4.9278917410937647602640683276e12,0.023032850249880258685275725514,0.000066393385724038650674920803161,7.0951408823150959980021809759e-15,1.3331960676380124567159573594e-8,1.2647049361109132141303981315e-27,1.2359969100586465517402673165e-17,1.7955706965644397387315511948e-26,0.000066406717691822531650922865610,0.83534979085916936728763069098,0.00071501924573340767846446526376,2.3831389030840294200044819781e-16,2.0811366508361524745720744012e-15,0.00085595190608753187263474810401,0.00071501924573572712900560981918,0.00078142596342754966065653268479,0.000065580812384774123088014258503,0.000065581303191022567825744122166,11.915466353829021561630439794,11.915377179246403738953049589,1.0471363520804003986785406528e-12,1.0470316489155088477937612767e-12,1.0470316489155088477937612794e-16,0.000065580813431910475168414657181,0.00078142596447458130957204153258,11.915466179538924747916896241,-0.00071584515104267083440362687540,False,0.91501854199911100455649258850
boundary,3.0001753328000000000000000000e12,3.0004753503332800000000000000e12,1.0001000000000000000000000000,20000.000000000000000000000000,0.50000100000000000000000000000,1.0000000000000000000000000000,5.5586910000000000000000000000,28.739791842155858261917505131,12.481533008096381892709309142,0.010000000000000000000000000008,22491,4.9278917410937647602640683276e12,0.023032850249880258685275725514,0.000066095286714094760004587515108,7.0654971042013378073090420089e-15,1.3272101637186693773231180528e-8,1.2593952814433233988394320297e-27,1.2304474196814930883897766223e-17,1.7880624423853107422785012289e-26,0.000066108558822809748276778039047,0.83530271550154406159284323832,0.00071497895149131867653744132527,2.3830046035159190678865353064e-16,2.0810193703230341567936086729e-15,0.00085595190608753187263474810401,0.00071497895149363799636811595133,0.00078108751031644774464489399038,0.000065286361739878949237125571563,0.000065286850342461243497483611876,11.964022645779249985101291177,11.963933107804471121297185490,1.0471363520804003986785406528e-12,1.0470316489155088477937612767e-12,1.0470316489155088477937612794e-16,0.000065286362787015301317525970242,0.00078108751136347939356040283817,11.964022469924279812425364912,-0.00071580114857646409224287686793,False,0.91536344142024918539574337620
boundary,3.0001753328000000000000000000e12,3.0004753503332800000000000000e12,1.0001000000000000000000000000,20000.000000000000000000000000,0.50000100000000000000000000000,1.0000000000000000000000000000,5.5586910000000000000000000000,28.829791842155858261917505131,12.520619511467674557197910744,0.10000000000000000000000000001,22491,4.9278917410937647602640683276e12,0.023032850249880258685275725514,0.000063186927659711334975256443702,6.7757500816763158634868984615e-15,1.2688095743783441813747025054e-8,1.2075037826158394110870152871e-27,1.1763046347435428457417158744e-17,1.7146761781591188999527176657e-26,0.000063199615762242631545112296284,0.83483210780945687133448142652,0.00071457613394025849844468131197,2.3816620240224232113901564584e-16,2.0798469286382631096278402969e-15,0.00085595190608753187263474810401,0.00071457613394257651157572181740,0.00077777574970481914312083411369,0.000062413597421369114610389713154,0.000062414064524207405073258633964,12.461639479837528814559705406,12.461546217730419495258153155,1.0471363520804003986785406528e-12,1.0470316489155088477937612767e-12,1.0470316489155088477937612794e-16,0.000062413598468505466690790111832,0.00077777575075185079203634296148,12.461639287539626571365185903,-0.00071536215228334532534555284965,False,0.91874313928374843093443519225
boundary,3.0001753328000000000000000000e12,3.0004753503332800000000000000e12,1.0001000000000000000000000000,20000.000000000000000000000000,0.50000100000000000000000000000,1.0000000000000000000000000000,5.5586910000000000000000000000,29.229791842155858261917505131,12.694337304228975288258362312,0.50000000000000000000000000000,22491,4.9278917410937647602640683276e12,0.023032850249880258685275725514,0.000051733080867519423109473992685,5.6244852909895852457061560160e-15,1.0388134183433353674183118191e-8,1.0014475024703927059835971753e-27,9.6307677945270121776123894974e-18,1.4231182580779118347630424519e-26,0.000051743469007336972521947520691,0.83274372385103741802475419837,0.00071278857771041254113076022778,2.3757041497159399402698090731e-16,2.0746440633901436777342659751e-15,0.00085595190608753187263474810401,0.00071278857771272475560912196546,0.00076453204672006172813106948615,0.000051099931619103521829103129068,0.000051100314050562080242548039036,14.961508215291705583103727492,14.961396244328017449849709364,1.0471363520804003986785406528e-12,1.0470316489155088477937612767e-12,1.0470316489155088477937612794e-16,0.000051099932666239873909503527747,0.00076453204776709337704657833394,14.961507929191377804692138350,-0.00071343211510085350313707480619,False,0.93232007836777681495423732567
boundary,3.0001753328000000000000000000e12,3.0004753503332800000000000000e12,1.0001000000000000000000000000,20000.000000000000000000000000,0.50000100000000000000000000000,1.0000000000000000000000000000,5.5586910000000000000000000000,29.729791842155858261917505131,12.911484545180601202083926771,1.0000000000000000000000000000,22491,4.9278917410937647602640683276e12,0.023032850249880258685275725514,0.000040289763890320439808628603364,4.4552842684225273501915536175e-15,8.0902870367087248224509473699e-9,7.9241522242705785528370886535e-28,7.5004494999565039040430943495e-18,1.1270753868376948771860334043e-26,0.000040297854181819933251385601334,0.83014058893180257942915712488,0.00071056041941449769562053553154,2.3682777611971560650232081002e-16,2.0681587807615108578352260013e-15,0.00085595190608753187263474810401,0.00071056041941680268217741675801,0.00075085827359862261542880235934,0.000039796666759853064443162406238,0.000039796964597772460875072451020,18.867365906033354999107568528,18.867224703882318116178634706,1.0471363520804003986785406528e-12,1.0470316489155088477937612767e-12,1.0470316489155088477937612794e-16,0.000039796667806989416523562804917,0.00075085827464565426434431120714,18.867365435901706037069819185,-0.00071106160683866484782074840222,False,0.94633094473516918548867125008
boundary,3.0001753328000000000000000000e12,3.0004753503332800000000000000e12,1.0001000000000000000000000000,20000.000000000000000000000000,0.50000100000000000000000000000,1.0000000000000000000000000000,5.5586910000000000000000000000,30.729791842155858261917505131,13.345779027083853029735055690,2.0000000000000000000000000000,22491,4.9278917410937647602640683276e12,0.023032850249880258685275725514,0.000024436977072062292455645132974,2.7931621320780083485950017801e-15,4.9070071336395090065180078783e-9,4.9577178524971266668203871100e-28,4.5492525833499097899767404287e-18,7.0635041940996936240180361433e-27,0.000024441884081993643349320568516,0.82495870564956961977483705095,0.00070612497654196166605164501094,2.3534945556750371833355085444e-16,2.0552489705993290522048990672e-15,0.00085595190608753187263474810401,0.00070612497654425226447781184371,0.00073056686062624590782713241223,0.000024137898544217508800974379475,0.000024138079192047247756959206077,30.266382108116905479067270553,30.266155596462917589363306016,1.0471363520804003986785406528e-12,1.0470316489155088477937612767e-12,1.0470316489155088477937612794e-16,0.000024137899591353860881374778153,0.00073056686167327755674264126002,30.266380838495363369958041587,-0.00070642896208192369586126648187,False,0.96654394635277881799798132781
boundary,3.0001753328000000000000000000e12,3.0004753503332800000000000000e12,1.0001000000000000000000000000,20000.000000000000000000000000,0.50000100000000000000000000000,1.0000000000000000000000000000,5.5586910000000000000000000000,33.729791842155858261917505131,14.648662472793608512688442447,5.0000000000000000000000000000,22491,4.9278917410937647602640683276e12,0.023032850249880258685275725514,5.4526266076327671720475945640e-6,6.8408350199409520980812698501e-16,1.0949012875784712563663034043e-9,1.2076135593427672179342957009e-28,1.0150754574785234901439878547e-18,1.7283315914547391595052405491e-27,5.4537215096054442207573836937e-6,0.80960632677054692029053877666,0.00069298407857752684828985327980,2.3096963147921916027477922121e-16,2.0170010429500079960872673499e-15,0.00085595190608753187263474810401,0.00069298407857977481896428250696,0.00069843780008938026318503989065,5.3858931678178039652899059906e-6,5.3859334757969840848234986296e-6,129.67910397160096097053211904,129.67813346154054653758501608,1.0471363520804003986785406528e-12,1.0470316489155088477937612767e-12,1.0470316489155088477937612794e-16,5.3858942149541560456903046692e-6,0.00069843780113641191210054873845,129.67907895353212277508830323,-0.00069305190692145775605485843378,False,0.99219154302801549074014558118
boundary,3.0001753328000000000000000000e12,3.0004753503332800000000000000e12,1.0001000000000000000000000000,20000.000000000000000000000000,0.50000100000000000000000000000,1.0000000000000000000000000000,5.5586910000000000000000000000,38.729791842155858261917505131,16.820134882309867650944087041,10.000000000000000000000000000,22491,4.9278917410937647602640683276e12,0.023032850249880258685275725514,4.4757884758416964906339025801e-7,6.4477100534500868421392283579e-17,8.9874970684183832071659350958e-11,1.1299899194203000778127445188e-29,8.3322467530278040658431203435e-20,1.6269935328643449224782562476e-28,4.4766872261941425589766706307e-7,0.78465130080520065314829631355,0.00067162377653609415149720890236,2.2385030328206696030547402249e-16,1.9548296990084069106705593046e-15,0.00085595190608753187263474810401,0.00067162377653827283149949937623,0.00067207144526089224575539704330,4.4210103326879036116853800571e-7,4.4210434194920589342173891344e-7,1520.1761468227185757585010171,1520.1647699223629364294985587,1.0471363520804003986785406528e-12,1.0470316489155088477937612767e-12,1.0470316489155088477937612794e-16,4.4210208040514244156893668425e-7,0.00067207144630792389467090589109,1520.1725485933870221278036674,-0.00067162934422751875222933695441,False,0.99933389712392016122533956344
boundary,3.0001753328000000000000000000e12,3.0004753503332800000000000000e12,1.0001000000000000000000000000,20000.000000000000000000000000,0.50000100000000000000000000000,1.0000000000000000000000000000,5.5586910000000000000000000000,48.729791842155858261917505131,21.163079701342385927455376231,20.000000000000000000000000000,22491,4.9278917410937647602640683276e12,0.023032850249880258685275725514,3.0157625529338875514322809654e-9,5.4661891382506334386841813947e-19,6.0557278901439078087618423538e-13,9.4832068830564508367941106068e-32,5.6142237005203319507444079153e-22,1.3769545835609531855157949155e-30,3.0163681262700822784097443134e-9,0.73702515448176771547749730516,0.00063085808581108027006254518792,2.1026321397536954167102336364e-16,1.8361769864125984116959755812e-15,0.00085595190608753187263474810401,0.00063085808581312671026293315588,0.00063086110218125298034521156562,2.9788533304060302661289573535e-9,2.9788756241193070345307089299e-9,211779.84687660468088811674702,211778.26192987315671031543159,1.0471363520804003986785406528e-12,1.0470316489155088477937612767e-12,1.0470316489155088477937612794e-16,2.9799004667581106665276358941e-9,0.00063086110322828462926072041341,211705.42783753116345037389601,-0.00063085812332781787115005388578,False,0.99999521864937330777412989661
boundary,3.0001753328000000000000000000e12,3.0004753503332800000000000000e12,1.0001000000000000000000000000,20000.000000000000000000000000,0.50000100000000000000000000000,1.0000000000000000000000000000,5.5586910000000000000000000000,68.729791842155858261917505131,29.848969339407422480477954609,40.000000000000000000000000000,22491,4.9278917410937647602640683276e12,0.023032850249880258685275725514,1.3691540808353049896940110294e-13,3.5002144322286103914101776375e-23,2.7492962087325399555665161339e-17,6.0028024838580073807612396014e-36,2.5488536167450085839907212689e-26,8.8001087019599087160449234092e-35,1.3694290108064545722750432599e-13,0.65026972278994641987683281183,0.00055659960869126004911796200857,1.8551307378487726630938660197e-16,1.6200400931869912386618475928e-15,0.00085595190608753187263474810401,0.00055659960869306560228493387707,0.00055659960883000850336557933430,1.3523973197317785463505009552e-13,1.3524074410619476489649707437e-13,4.1156515227374090535754651372e9,4.1156207214665362122400690973e9,1.0471363520804003986785406528e-12,1.0470316489155088477937612767e-12,1.0470316489155088477937612794e-16,1.1823760840535782533135907483e-12,0.00055659960987704015228108818209,4.7074667475413716816567519991e8,-0.00055659960869466406822750992878,False,0.99999999975396515033759341080
boundary,3.0001753328000000000000000000e12,3.0004753503332800000000000000e12,1.0001000000000000000000000000,20000.000000000000000000000000,0.50000100000000000000000000000,1.0000000000000000000000000000,5.5586910000000000000000000000,108.72979184215585826191750513,47.220748615537495586523111366,80.000000000000000000000000000,22491,4.9278917410937647602640683276e12,0.023032850249880258685275725514,2.8220368933902229048243184194e-22,1.1413457530132035632889783066e-31,5.6667218397856681324123811634e-26,1.9370249267467349525993328536e-44,5.2535788652195939992763887669e-35,2.8645399316832616873246863547e-43,2.8226035667160725825403434226e-22,0.50619281794485337222135678228,0.00043327670736631074603772630899,1.4440989991335079469973392548e-16,1.2610961747312718024486964372e-15,0.00085595190608753187263474810401,0.00043327670736771625211237093159,0.00043327670736771625239463128826,2.7874986345413518504007581287e-22,2.7875194961576937929156372906e-22,1.5543566622733307027844444977e18,1.5543450295681992821958491313e18,1.0471363520804003986785406528e-12,1.0470316489155088477937612767e-12,1.0470316489155088477937612794e-16,1.0471363523591502621326758379e-12,0.00043327670841474790131014013606,4.1377296035859638853788637734e8,-0.00043327670736761154895098987392,False,0.99999999999999999934854481704
boundary,3.0001753328000000000000000000e12,3.0004753503332800000000000000e12,1.0001000000000000000000000000,20000.000000000000000000000000,0.50000100000000000000000000000,1.0000000000000000000000000000,5.5586910000000000000000000000,188.72979184215585826191750513,81.964307167797641798613424879,160.00000000000000000000000000,22491,4.9278917410937647602640683276e12,0.023032850249880258685275725514,1.1989012444624209755634543128e-39,8.4168042622886629680214817133e-49,2.4074241841607225226425378851e-43,1.4175140108009959350013169070e-61,2.2319064127565619459390595904e-52,2.1097627580881236609290126893e-60,1.1991419877227406646881120337e-39,0.30673325988103562525239137395,0.00026254891845476303103209633286,8.7506811217424026900332026182e-17,7.6417548212027142364100023216e-16,0.00085595190608753187263474810401,0.00026254891845561471332543402831,0.00026254891845561471332543402831,1.1842281685673246033429710831e-39,1.1842370313209804585465513210e-39,2.2170467265041123211549569099e35,2.2170301342692295729646717414e35,1.0471363520804003986785406528e-12,1.0470316489155088477937612767e-12,1.0470316489155088477937612794e-16,1.0471363520804003986785406540e-12,0.00026254891950264636224094287610,2.5073040295184741889543645334e8,-0.00026254891845551001016054247743,False,1.0000000000000000000000000000
boundary,3.0001753328000000000000000000e12,3.0004753503332800000000000000e12,1.0001000000000000000000000000,20000.000000000000000000000000,0.50000100000000000000000000000,1.0000000000000000000000000000,5.5586910000000000000000000000,348.72979184215585826191750513,151.45142427231793422279405191,320.00000000000000000000000000,22491,4.9278917410937647602640683276e12,0.023032850249880258685275725514,2.1638385749575958692960163758e-74,2.8071913050388458460396085351e-83,4.3450428799150964073941456707e-78,4.7049788748610172457470266630e-96,4.0282593866047628660046638137e-87,7.0309546649688235239476029550e-95,2.1642730820531815099217635652e-74,0.11262911011774081006898047585,0.000096405101485910039258204119998,3.2131547392291650820293951808e-17,2.8059690872252575252224152066e-16,0.00085595190608753187263474810401,0.000096405101486222767714318937402,0.000096405101486222767714318937402,2.1373558535643700744090071123e-74,2.1373718495176059767002691969e-74,4.5104843597032479634197389244e69,4.5104506035288577347750127809e69,1.0471363520804003986785406528e-12,1.0470316489155088477937612767e-12,1.0470316489155088477937612794e-16,1.0471363520804003986785406528e-12,0.000096405102533254416629827785196,9.2065472029236089374298764180e7,-0.000096405101486118064549427386517,False,1.0000000000000000000000000000
boundary,3.0001753328000000000000000000e12,3.0004753503332800000000000000e12,1.0001000000000000000000000000,20000.000000000000000000000000,0.50000100000000000000000000000,1.0000000000000000000000000000,5.5586910000000000000000000000,668.72979184215585826191750513,290.42565848135851907115530596,640.00000000000000000000000000,22491,4.9278917410937647602640683276e12,0.023032850249880258685275725514,7.0486793434726334432089787710e-144,1.7538240425268308398564138115e-152,1.4153927353273368464346028792e-147,2.9314669814112672666514676579e-165,1.3122008756622318925738293148e-156,4.3907019578790093311936014137e-164,7.0500947537475134062462224909e-144,0.015185539223000718720651961857,0.000012998091242852278412378224433,4.3322270122819172340515901833e-18,3.7832274079092560640168557703e-17,0.00085595190608753187263474810401,0.000012998091242894442913469598911,0.000012998091242894442913469598911,6.9624121822325536261028771386e-144,6.9624642888667813056077445727e-144,1.8668948207439364947027658847e138,1.8668808490233602608230765585e138,1.0471363520804003986785406528e-12,1.0470316489155088477937612767e-12,1.0470316489155088477937612794e-16,1.0471363520804003986785406528e-12,0.000012998092289926091828978446705,1.2412989257895692407258907347e7,-0.000012998091242789739748578048026,False,1.0000000000000000000000000000
boundary,3.0001753328000000000000000000e12,3.0031755081328000000000000000e12,1.0010000000000000000000000000,20000.000000000000000000000000,0.50000100000000000000000000000,1.0000000000000000000000000000,5.5586910000000000000000000000,28.731691347488608486748981363,12.478015007961708597292056841,0.00099999999999999999999999999576,22491,4.9323264001948390410446204074e12,0.023032850249880258685275725514,0.000066367972780313794657008201460,7.0891013839826294413350010755e-14,1.3325965939694108718187783644e-8,1.2630577487828238211577207777e-26,1.2343716429088274339188172491e-17,1.7916228295618630198676856427e-25,0.000066381298817156846322173564792,0.83534979102293434176613294300,0.0071470961381113301464120244450,2.3810360090117622456871428679e-15,2.0774307571240258762729925673e-14,0.0085558124452062783400959540012,0.0071470961381344854899922764660,0.0072134774369516423363144500308,0.000065551323871306876398534508744,0.000065556227603273478129604752430,110.04319990719707604185293366,110.03496846410126981674378542,1.0471363520804003986785406528e-12,1.0460902618185818168616789738e-12,1.0460902618185818168616789755e-15,0.000065551324918443228478934907423,0.0072134774379977325981330318477,110.04319816529262479968317705,-0.0071479261130792893696540969403,False,0.99079760082465731668350195622
boundary,3.0001753328000000000000000000e12,3.0031755081328000000000000000e12,1.0010000000000000000000000000,20000.000000000000000000000000,0.50000100000000000000000000000,1.0000000000000000000000000000,5.5586910000000000000000000000,28.740691347488608486748981363,12.481923658298837863740917002,0.010000000000000000000000000008,22491,4.9323264001948390410446204074e12,0.023032850249880258685275725514,0.000066069987871696135893932087600,7.0594827699199524228739042235e-14,1.3266133816209998779505846063e-8,1.2577549987805978793367103220e-26,1.2288294498026742652784498500e-17,1.7841310664532892767260969833e-25,0.000066083254076119461886600135074,0.83530271713910151959996885258,0.0071466933827901903967575850055,2.3809018321511291304388524619e-15,2.0773136891182844307518324010e-14,0.0085558124452062783400959540012,0.0071466933828133444354809189790,0.0072127766368894638973675191140,0.000065257005626598459714376625021,0.000065261887341347106179764860350,110.52877108951454604076272039,110.52050332475997689018124793,1.0471363520804003986785406528e-12,1.0460902618185818168616789738e-12,1.0460902618185818168616789755e-15,0.000065257006673734811794777023700,0.0072127766379355541591861009309,110.52876933196221958770545395,-0.0071475196312618193473913239072,False,0.99083802848709618366211076980
boundary,3.0001753328000000000000000000e12,3.0031755081328000000000000000e12,1.0010000000000000000000000000,20000.000000000000000000000000,0.50000100000000000000000000000,1.0000000000000000000000000000,5.5586910000000000000000000000,28.830691347488608486748981363,12.521010161670130528229518604,0.10000000000000000000000000001,22491,4.9323264001948390410446204074e12,0.023032850249880258685275725514,0.000063162742030084957864354135988,6.7699817261240656262605210397e-14,1.2682390521957690648939534133e-8,1.2059309823355429982245717523e-26,1.1747578596137102450363076003e-17,1.7109059916557551722725828295e-25,0.000063175424488318480395023018797,0.83483212417580563349212270471,0.0071426670776582099975690638930,2.3795604793391257425903026642e-15,2.0761433718373764486486153212e-14,0.0085558124452062783400959540012,0.0071426670776813509917667767833,0.0072058425021696694721617998021,0.000062385533050996559404950561917,0.000062390199958003292930124434467,115.50502415807380608761231849,115.49638416001451005702410726,1.0471363520804003986785406528e-12,1.0460902618185818168616789738e-12,1.0460902618185818168616789755e-15,0.000062385534098132911485350960595,0.0072058425032157597339803816189,115.50502223609908686157556085,-0.0071434569691176268224950306583,False,0.99123274974865236852319889082
boundary,3.0001753328000000000000000000e12,3.0031755081328000000000000000e12,1.0010000000000000000000000000,20000.000000000000000000000000,0.50000100000000000000000000000,1.0000000000000000000000000000,5.5586910000000000000000000000,29.230691347488608486748981363,12.694727954431431259289970172,0.50000000000000000000000000000,22491,4.9323264001948390410446204074e12,0.023032850249880258685275725514,0.000051713279348761754228451614236,5.6196946348930883829444498058e-14,1.0383463142871479484427557691e-8,1.0001427212913300271332401621e-26,9.6181038708581107942218292528e-18,1.4199885488695127328161368507e-25,0.000051723662868111190160889784016,0.83274380547807727984865915603,0.0071247998145546866681351692931,2.3736080483084136695979110179e-15,2.0709499336633804664549673951e-14,0.0085558124452062783400959540012,0.0071247998145777697755201115115,0.0071765234774458809656810012955,0.000051076954456013740303455809755,0.000051080775396301908152674383710,140.50413839036022567395968345,140.49362841045359909526538499,1.0471363520804003986785406528e-12,1.0460902618185818168616789738e-12,1.0460902618185818168616789755e-15,0.000051076955503150092383856208433,0.0071765234784919712274995831123,140.50413553034440786638398410,-0.0071254465229888211351157269039,False,0.99279265747117438527482946197
boundary,3.0001753328000000000000000000e12,3.0031755081328000000000000000e12,1.0010000000000000000000000000,20000.000000000000000000000000,0.50000100000000000000000000000,1.0000000000000000000000000000,5.5586910000000000000000000000,29.730691347488608486748981363,12.911875195383057173115534631,1.0000000000000000000000000000,22491,4.9323264001948390410446204074e12,0.023032850249880258685275725514,0.000040274342452005964171995695573,4.4514871756350192640824579373e-14,8.0866492266613789084859378012e-9,7.9138242923009009915776386419e-27,7.4905868262864070081076980396e-18,1.1245961631729989206723158432e-25,0.000040282429145754987894201034000,0.83014075167556233149488437715,0.0071025285744356599020231991103,2.3661884440853811641519922780e-15,2.0644764011505259352156617696e-14,0.0085558124452062783400959540012,0.0071025285744586708544787897508,0.0071428110036044258423729907848,0.000039778772127245983210386265736,0.000039781747878534477410730966358,179.56338573638488075400737808,179.54995404961981162540426878,1.0471363520804003986785406528e-12,1.0460902618185818168616789738e-12,1.0460902618185818168616789755e-15,0.000039778773174382335290786664415,0.0071428110046505161041915726016,179.56338103585634444907558887,-0.0071030322314761337689007859372,False,0.99436042349077589305046514580
boundary,3.0001753328000000000000000000e12,3.0031755081328000000000000000e12,1.0010000000000000000000000000,20000.000000000000000000000000,0.50000100000000000000000000000,1.0000000000000000000000000000,5.5586910000000000000000000000,30.730691347488608486748981363,13.346169677286309000766663550,2.0000000000000000000000000000,22491,4.9323264001948390410446204074e12,0.023032850249880258685275725514,0.000024427623496907695866135791290,2.7907788638489949048630687458e-14,4.9048006903115830430913929029e-9,4.9512519299254370303334030725e-27,4.5432705693822555001877818820e-18,7.0479598377687347794714734102e-26,0.000024432528325510339358313644837,0.82495902910537059553002288733,0.0070581947279821508182099355993,2.3514187414279745393241186465e-15,2.0515899792493267886189120715e-14,0.0085558124452062783400959540012,0.0070581947280050181367438568417,0.0070826272563305284761021704866,0.000024127044900897020619493218093,0.000024128849785289171725774480428,293.55552183961008503142249861,293.53356332172328905829337830,1.0471363520804003986785406528e-12,1.0460902618185818168616789738e-12,1.0460902618185818168616789755e-15,0.000024127045948033372699893616771,0.0070826272573766187379207523034,293.55550914238355053560930297,-0.0070585002114285853652208586867,False,0.99655035801811082426233758243
boundary,3.0001753328000000000000000000e12,3.0031755081328000000000000000e12,1.0010000000000000000000000000,20000.000000000000000000000000,0.50000100000000000000000000000,1.0000000000000000000000000000,5.5586910000000000000000000000,33.730691347488608486748981363,14.649053122996064483720050307,5.0000000000000000000000000000,22491,4.9323264001948390410446204074e12,0.023032850249880258685275725514,5.4505395429105616607348094784e-6,6.8349802768385830244148447534e-15,1.0944089635253527016730536278e-9,1.2060357905120949759977311349e-27,1.0137406897439106443287957473e-18,1.7245237250117680550907249777e-26,5.4516339587100810309832607401e-6,0.80960712036160218978036801339,0.0069268466760949715546005588335,2.3076604883957767559182778855e-15,2.0134113291226397396082988459e-14,0.0085558124452062783400959540012,0.0069268466761174133283801810077,0.0069322983100761234094111642684,5.3834713926455095016565425114e-6,5.3838741167889795794268289179e-6,1287.7004082433694783908420721,1287.6040857750675683420984561,1.0471363520804003986785406528e-12,1.0460902618185818168616789738e-12,1.0460902618185818168616789755e-15,5.3834724397818615820569411900e-6,0.0069322983111222136712297460853,1287.7001579677652341569080846,-0.0069269148386824318096476891441,False,0.99921358924344237910284093335
boundary,3.0001753328000000000000000000e12,3.0031755081328000000000000000e12,1.0010000000000000000000000000,20000.000000000000000000000000,0.50000100000000000000000000000,1.0000000000000000000000000000,5.5586910000000000000000000000,38.730691347488608486748981363,16.820525532512323621975694902,10.000000000000000000000000000,22491,4.9323264001948390410446204074e12,0.023032850249880258685275725514,4.4740753087931942194606647131e-7,6.4421695884345959886969694943e-16,8.9834558264961083232327407127e-11,1.1285100796686265942733180115e-28,8.3212903122619120697460735232e-20,1.6234034456491748293495985813e-27,4.4749736608188455477761727116e-7,0.78465283906531157807920463149,0.0067133425256196817951159872700,2.2365321503223128920097682856e-15,1.9513525460308802229989754002e-14,0.0085558124452062783400959540012,0.0067133425256414318527266183851,0.0067137900230075137372813960024,4.4190224185710517785361629821e-7,4.4193529946786773000834676427e-7,15192.930442698466396948427243,15191.793982267444022486794818,1.0471363520804003986785406528e-12,1.0460902618185818168616789738e-12,1.0460902618185818168616789755e-15,4.4190328899345725825401497675e-7,0.0067137900240536039990999778193,15192.894443818016443457359891,-0.0067133481207646105418417238043,False,0.99993334653533274736761078285
boundary,3.0001753328000000000000000000e12,3.0031755081328000000000000000e12,1.0010000000000000000000000000,20000.000000000000000000000000,0.50000100000000000000000000000,1.0000000000000000000000000000,5.5586910000000000000000000000,48.730691347488608486748981363,21.163470351544841898486984091,20.000000000000000000000000000,22491,4.9323264001948390410446204074e12,0.023032850249880258685275725514,3.0146082300565487529412719322e-9,5.4614660567409695442535582196e-18,6.0530049227556307648953782410e-13,9.4707464045433154502495736085e-31,5.6068413088024119855602137185e-22,1.3739097764803411202889298292e-29,3.0152135360108510569042974279e-9,0.73702804426862216670113174738,0.0063058737135990914486351851675,2.1007850027784641313630370379e-15,1.8329144802342652660426793304e-14,0.0085558124452062783400959540012,0.0063058737136195213784403062843,0.0063058767288330573892913631886,2.9775138844102221215546228485e-9,2.9777366248394565952851835759e-9,2.1178328543989672636104947772e6,2.1176744364263699961687453441e6,1.0471363520804003986785406528e-12,1.0460902618185818168616789738e-12,1.0460902618185818168616789755e-15,2.9785610207623025219533013891e-9,0.0063058767298791476511099450055,2.1170883140964779999962319920e6,-0.0063058737513181268888074230522,False,0.99999952184071055115035423975
boundary,3.0001753328000000000000000000e12,3.0031755081328000000000000000e12,1.0010000000000000000000000000,20000.000000000000000000000000,0.50000100000000000000000000000,1.0000000000000000000000000000,5.5586910000000000000000000000,68.730691347488608486748981363,29.849359989609878451509562469,40.000000000000000000000000000,22491,4.9323264001948390410446204074e12,0.023032850249880258685275725514,1.3686300190597608810121217511e-13,3.4971712738912192593770244812e-22,2.7480599834508068094799757802e-17,5.9948850327532505824925121962e-35,2.5455020160902814209901145338e-26,8.7806027286403766649431573746e-34,1.3689048285555317857952781274e-13,0.65027482205845654253618704177,0.0055636294153540154271460119852,1.8535082952243082924916653093e-15,1.6171679581954930966040348296e-14,0.0085558124452062783400959540012,0.0055636294153720406150231912244,0.0055636294155089310978787444030,1.3517892121904752329249985812e-13,1.3518903361889003412733550191e-13,4.1157521937118271958216442971e10,4.1154443275282960968789381305e10,1.0471363520804003986785406528e-12,1.0460902618185818168616789738e-12,1.0460902618185818168616789755e-15,1.1823152732994479219710405109e-12,0.0055636294165550213596973262199,4.7057071342982703200920327776e9,-0.0055636294153727060863978782979,False,0.99999999997539547072025264133
boundary,3.0001753328000000000000000000e12,3.0031755081328000000000000000e12,1.0010000000000000000000000000,20000.000000000000000000000000,0.50000100000000000000000000000,1.0000000000000000000000000000,5.5586910000000000000000000000,108.73069134748860848674898136,47.221139265739951557554719226,80.000000000000000000000000000,22491,4.9323264001948390410446204074e12,0.023032850249880258685275725514,2.8209567215631785827998780891e-22,1.1403479531677472685499984307e-30,5.6641737895680737316442199167e-26,1.9344611830832770676671988327e-43,5.2466707013891356651325574384e-35,2.8581768504708065744565872189e-42,2.8215231503461395889511703399e-22,0.50620075687581318171990196302,0.0043309587354368884414351123521,1.4428473471387135719361191522e-15,1.2588702755590970925299854499e-14,0.0085558124452062783400959540012,0.0043309587354509199915378420366,0.0043309587354509199918199943517,2.7862452314797623210106989938e-22,2.7864536635754317040997608501e-22,1.5544068722015424574871533887e19,1.5542905995765456600881662149e19,1.0471363520804003986785406528e-12,1.0460902618185818168616789738e-12,1.0460902618185818168616789755e-15,1.0471363523590249218265168849e-12,0.0043309587364970102536385761685,4.1360026578583361250042066912e9,-0.0043309587354498739012795512467,False,0.99999999999999999993485222735
boundary,3.0001753328000000000000000000e12,3.0031755081328000000000000000e12,1.0010000000000000000000000000,20000.000000000000000000000000,0.50000100000000000000000000000,1.0000000000000000000000000000,5.5586910000000000000000000000,188.73069134748860848674898136,81.964697818000097769645032739,160.00000000000000000000000000,22491,4.9323264001948390410446204074e12,0.023032850249880258685275725514,1.1984423492046339919870591039e-39,8.4094165414595546505312491160e-48,2.4063416821622611394654788961e-43,1.4156330408198118203938333887e-60,2.2289715800360240352379545194e-52,2.1050689370202604884548250552e-59,1.1986829917824896567410302271e-39,0.30674288132639317673989078094,0.0026244345615222845511663449918,8.7432337183180284056456539156e-16,7.6283863723238663486143844381e-15,0.0085558124452062783400959540012,0.0026244345615307872609105006610,0.0026244345615307872609105006610,1.1836956785442946650642534073e-39,1.1837842278823523017867545656e-39,2.2171531155358350885976263266e36,2.2169872682165948826818243665e36,1.0471363520804003986785406528e-12,1.0460902618185818168616789738e-12,1.0460902618185818168616789755e-15,1.0471363520804003986785406540e-12,0.0026244345625768775227290824779,2.5062968708542841755011663584e9,-0.0026244345615297411706486820792,False,1.0000000000000000000000000000
boundary,3.0001753328000000000000000000e12,3.0031755081328000000000000000e12,1.0010000000000000000000000000,20000.000000000000000000000000,0.50000100000000000000000000000,1.0000000000000000000000000000,5.5586910000000000000000000000,348.73069134748860848674898136,151.45181492252039019382565977,320.00000000000000000000000000,22491,4.9323264001948390410446204074e12,0.023032850249880258685275725514,2.1630103372147033524241780611e-74,2.8047212027938750154193716803e-82,4.3430891246808279444875348338e-78,4.6987254948476821025208045297e-95,4.0229624496960058823795513532e-87,7.0152968277467142603184555518e-94,2.1634446741747857594771982631e-74,0.11263617600831192869146841805,0.00096369399646923782607784866537,3.2105208366038164446335545665e-16,2.8011482006593120668652476385e-15,0.0085558124452062783400959540012,0.00096369399647236002636216835909,0.00096369399647236002636216835909,2.1363947882072906532195647778e-74,2.1365546066029767716980052495e-74,4.5108422927815834093771201869e70,4.5105048730984180595816134385e70,1.0471363520804003986785406528e-12,1.0460902618185818168616789738e-12,1.0460902618185818168616789755e-15,1.0471363520804003986785406528e-12,0.00096369399751845028818075017595,9.2031376391797416527126422552e8,-0.00096369399647131393610034977727,False,1.0000000000000000000000000000
boundary,3.0001753328000000000000000000e12,3.0031755081328000000000000000e12,1.0010000000000000000000000000,20000.000000000000000000000000,0.50000100000000000000000000000,1.0000000000000000000000000000,5.5586910000000000000000000000,668.73069134748860848674898136,290.42604913156097504218691382,640.00000000000000000000000000,22491,4.9323264001948390410446204074e12,0.023032850249880258685275725514,7.0459813685232196280483836045e-144,1.7522786558289882824351052275e-151,1.4147563018002998527265857208e-147,2.9275671911457820755424262730e-164,1.3104754045386216294170464123e-156,4.3809185267423478824701629290e-163,7.0473963000541959866718445799e-144,0.015187444640242546056336302743,0.00012994092786344757831982543067,4.3289473418085018148941877635e-17,3.7769644473272010805519411003e-16,0.0085558124452062783400959540012,0.00012994092786386856423797623580,0.00012994092786386856423797623580,6.9592815228531654850689290738e-144,6.9598021294443488199992683676e-144,1.8671601003230488181857689420e139,1.8670204331547955272926074997e139,1.0471363520804003986785406528e-12,1.0460902618185818168616789738e-12,1.0460902618185818168616789755e-15,1.0471363520804003986785406528e-12,0.00012994092890995882605655805266,1.2409169890033748345341896246e8,-0.00012994092786282247397615765398,False,1.0000000000000000000000000000
boundary,3.0001753328000000000000000000e12,3.0301770861280000000000000000e12,1.0100000000000000000000000000,20000.000000000000000000000000,0.50000100000000000000000000000,1.0000000000000000000000000000,5.5586910000000000000000000000,28.740642178008693036430387322,12.481902304265032530898323632,0.00099999999999999999999999999576,22491,4.9766729912055818488538446896e12,0.023032850249880258685275725514,0.000066115614044348596886099848842,7.0292608725038065670688434428e-13,1.3266459964676528982940660592e-8,1.2467830085075217877540389489e-25,1.2183147871299220637507597252e-17,1.7528086423383418325615214954e-24,0.000066128881207251543815212232373,0.83534979265197429829132496429,0.071163363982692258497696380530,2.3602108625215738772462359601e-14,2.0409124081998781631269356233e-13,0.085189898422071226902157945475,0.071163363982919951847141584085,0.071229492864127203390956796318,0.000065258609972833346131660540615,0.000065307218266790485586154659051,1091.4957105856145198191228410,1090.6833081320853997131555329,1.0471363520804003986785406528e-12,1.0367686654261390085926145077e-12,1.0367686654261390085926145079e-14,0.000065258611019969698212060939294,0.071229492865163972056382935326,1091.4956930874169611986214218,-0.071164234254144002358170874387,False,0.99907160814224250140489152986
boundary,3.0001753328000000000000000000e12,3.0301770861280000000000000000e12,1.0100000000000000000000000000,20000.000000000000000000000000,0.50000100000000000000000000000,1.0000000000000000000000000000,5.5586910000000000000000000000,28.749642178008693036430387322,12.485810954602161797347183792,0.010000000000000000000000000008,22491,4.9766729912055818488538446896e12,0.023032850249880258685275725514,0.000065818762198738970259944998830,6.9998915923811498765334883450e-13,1.3206895016484732294639972071e-8,1.2415484796132921520306079290e-25,1.2128446875426986052938420449e-17,1.7454790163268188372062128840e-24,0.000065831969793756742679099687305,0.83530273342858322628295128821,0.071159355012231764342087009411,2.3600779006279977431513486802e-14,2.0407974339055359332259966076e-13,0.085189898422071226902157945475,0.071159355012459444864483842982,0.071225186982253201607162942669,0.000064965605981380433828690213030,0.000065013996029436333778568356904,1096.3522298655507730999631306,1095.5362126949500532741555593,1.0471363520804003986785406528e-12,1.0367686654261390085926145077e-12,1.0367686654261390085926145079e-14,0.000064965607028516785909090611709,0.071225186983289970272589081678,1096.3522122101549663968230827,-0.071160221376261453486679991066,False,0.99907572064626296113440133695
boundary,3.0001753328000000000000000000e12,3.0301770861280000000000000000e12,1.0100000000000000000000000000,20000.000000000000000000000000,0.50000100000000000000000000000,1.0000000000000000000000000000,5.5586910000000000000000000000,28.839642178008693036430387322,12.524897457973454461835785395,0.10000000000000000000000000001,22491,4.9766729912055818488538446896e12,0.023032850249880258685275725514,0.000062922570919366081612582585055,6.7128277881819024120312319160e-13,1.2625758378593520558811297784e-8,1.1903912183611437125266185533e-25,1.1594764671454727430172845778e-17,1.6738387250704903909797977625e-24,0.000062935197349039048717795970130,0.83483228697886528208514623631,0.071119277726967396867629031678,2.3587486935932608595548911592e-14,2.0396480471395743493682394385e-13,0.085189898422071226902157945475,0.071119277727194949159278921722,0.071182212924543988207996717692,0.000062106955723961067945106529231,0.000062153216488048290988913830769,1146.1230404033739519362627303,1145.2699787183487395663790238,1.0471363520804003986785406528e-12,1.0367686654261390085926145077e-12,1.0367686654261390085926145079e-14,0.000062106956771097420025506927909,0.071182212925580756873422856700,1146.1230210961917417802565547,-0.071120105968809659453397349772,False,0.99911585781386492027241957050
boundary,3.0001753328000000000000000000e12,3.0301770861280000000000000000e12,1.0100000000000000000000000000,20000.000000000000000000000000,0.50000100000000000000000000000,1.0000000000000000000000000000,5.5586910000000000000000000000,29.239642178008693036430387322,12.698615250734755192896236962,0.50000000000000000000000000000,22491,4.9766729912055818488538446896e12,0.023032850249880258685275725514,0.000051516643874415313313912193915,5.5722280522800831545137212528e-13,1.0337096665486512273516788640e-8,9.8725109832164128274068433982e-26,9.4929904112221078942357127194e-18,1.3892183219488401715947616534e-24,0.000051526981528313098046093191695,0.83274461745744646242224332300,0.070941429372499442610215328784,2.3528501582429794528165369977e-14,2.0345474884658745333255354417e-13,0.085189898422071226902157945475,0.070941429372726425860644346032,0.070992956354254738958690439224,0.000050848874631259521145067105512,0.000050886749741478616125769422543,1396.1559005793920572377569533,1395.1167389334600652207537828,1.0471363520804003986785406528e-12,1.0367686654261390085926145077e-12,1.0367686654261390085926145079e-14,0.000050848875678395873225467504191,0.070992956355291507624116578232,1396.1558718485930275257104039,-0.070942107479613111750891110728,False,0.99927419586147119240370223121
boundary,3.0001753328000000000000000000e12,3.0301770861280000000000000000e12,1.0100000000000000000000000000,20000.000000000000000000000000,0.50000100000000000000000000000,1.0000000000000000000000000000,5.5586910000000000000000000000,29.739642178008693036430387322,12.915762491686381106721801422,1.0000000000000000000000000000,22491,4.9766729912055818488538446896e12,0.023032850249880258685275725514,0.000040121202590605338844351124771,4.4138650987555518287543797055e-13,8.0505389777657038599906384707e-9,7.8117815423703911056881707851e-26,7.3931483659491153445072335788e-18,1.1002213559886372951933089381e-24,0.000040129253570977007573310586572,0.83014237055879645193727093796,0.070719744223535007638929425401,2.3454977276190867062307109876e-14,2.0281897230945636399344781749e-13,0.085189898422071226902157945475,0.070719744223761281588515072632,0.070759873477332258596088383218,0.000039601143381124608537443585310,0.000039630640546622155477220885483,1786.8139007082070878461857882,1785.4839715267571129334153594,1.0471363520804003986785406528e-12,1.0367686654261390085926145077e-12,1.0367686654261390085926145079e-14,0.000039601144428260960617843983989,0.070759873478369027261514522227,1786.8138534873237480655032634,-0.070720272333940766300896678243,False,0.99943288121361844563545880485
boundary,3.0001753328000000000000000000e12,3.0301770861280000000000000000e12,1.0100000000000000000000000000,20000.000000000000000000000000,0.50000100000000000000000000000,1.0000000000000000000000000000,5.5586910000000000000000000000,30.739642178008693036430387322,13.350056973589632934372930341,2.0000000000000000000000000000,22491,4.9766729912055818488538446896e12,0.023032850249880258685275725514,0.000024334739475744073339427299865,2.7671652859232343334447968430e-13,4.8828987172265018633799718104e-9,4.8873671891567690575183328894e-26,4.4841711557524947216081386701e-18,6.8951343179246697712957850567e-25,0.000024339622651182312605508252780,0.82496224666490028101129370716,0.070278449995201660726875094328,2.3308617214919205243312981854e-14,2.0155337324855254757654154021e-13,0.085189898422071226902157945475,0.070278449995426522717338566081,0.070302789618077705029944074334,0.000024019307620328095363648459304,0.000024037198555576975237950143239,2926.9282332925712138770220576,2924.7497147194155158215036016,1.0471363520804003986785406528e-12,1.0367686654261390085926145077e-12,1.0367686654261390085926145079e-14,0.000024019308667464447444048857982,0.070302789619114473695370213343,2926.9281057345208651648762120,-0.070278770310447009247926164485,False,0.99965378866495329502241386477
boundary,3.0001753328000000000000000000e12,3.0301770861280000000000000000e12,1.0100000000000000000000000000,20000.000000000000000000000000,0.50000100000000000000000000000,1.0000000000000000000000000000,5.5586910000000000000000000000,33.739642178008693036430387322,14.652940419299388417326317098,5.0000000000000000000000000000,22491,4.9766729912055818488538446896e12,0.023032850249880258685275725514,5.4298143163930924207987878190e-6,6.7769720421430259275763605956e-14,1.0895219727633119383127355730e-9,1.1904472914815739664588098245e-26,1.0005538281160238251874728081e-18,1.6870869304918590224279374664e-25,5.4309039061365767081760890201e-6,0.80961501459220499739138011343,0.068971020853872979092566770210,2.2874994028964742467622325430e-14,1.9780376360667447217654964191e-13,0.085189898422071226902157945475,0.068971020854093657850202409425,0.068976451757999794426910585514,5.3594319559782088921672781300e-6,5.3634239632254966467994403922e-6,12870.104952271969524328445781,12860.525707260742423588505441,1.0471363520804003986785406528e-12,1.0367686654261390085926145077e-12,1.0367686654261390085926145079e-14,5.3594330031145609725676768085e-6,0.068976451759036563092336724522,12870.102437879500373709144147,-0.068971092326033448531364156846,False,0.99992126437693271591185374221
boundary,3.0001753328000000000000000000e12,3.0301770861280000000000000000e12,1.0100000000000000000000000000,20000.000000000000000000000000,0.50000100000000000000000000000,1.0000000000000000000000000000,5.5586910000000000000000000000,38.739642178008693036430387322,16.824412828815647555581961692,10.000000000000000000000000000,22491,4.9766729912055818488538446896e12,0.023032850249880258685275725514,4.4570630068915296856699198785e-7,6.3872763639482658322730313809e-15,8.9433409634983961047535377252e-11,1.1138893851702883990770648424e-27,8.2130459604040487322313004017e-20,1.5881083985857742921281950140e-26,4.4579574048614644695290436935e-7,0.78466814095803945550123912085,0.066845799223036969532446202187,2.2170141012237637580956445641e-14,1.9170878586278522080164118465e-13,0.085189898422071226902157945475,0.066845799223250848459321225045,0.066846245018991334605768177949,4.3992896473135050508500821044e-7,4.4025664864075071444130459730e-7,151947.81516559619665743565148,151834.72010104235660293714815,1.0471363520804003986785406528e-12,1.0367686654261390085926145077e-12,1.0367686654261390085926145079e-14,4.3993001186770258548540688898e-7,0.066846245020028103271194316958,151947.45349660381549706904819,-0.066845805090016235568608831551,False,0.99999333102793792689825665519
boundary,3.0001753328000000000000000000e12,3.0301770861280000000000000000e12,1.0100000000000000000000000000,20000.000000000000000000000000,0.50000100000000000000000000000,1.0000000000000000000000000000,5.5586910000000000000000000000,48.739642178008693036430387322,21.167357647848165832093250881,20.000000000000000000000000000,22491,4.9766729912055818488538446896e12,0.023032850249880258685275725514,3.0031454312019630998802004876e-9,5.4146725879315483993277005943e-17,6.0259757406802147961713836983e-13,9.3476409296018996525422112823e-30,5.5339068382255478175561805080e-22,1.3439762952432724884020771013e-28,3.0037480829233103915028694445e-9,0.73705679082627786422150328298,0.062789793141587509589341900841,2.0824922197930482451247998655e-14,1.8007646176217403966914681806e-13,0.085189898422071226902157945475,0.062789793141788410973302005363,0.062789796145536493896612396866,2.9642180477223794282963563836e-9,2.9664259645363711630109361310e-9,2.1182583445162673411675616067e7,2.1166817205684093565586026641e7,1.0471363520804003986785406528e-12,1.0367686654261390085926145077e-12,1.0367686654261390085926145079e-14,2.9652651840744598286950349242e-9,0.062789796146573262562038535874,2.1175103152257079213297700031e7,-0.062789793181308078487578707179,False,0.99999995216184368617612888708
boundary,3.0001753328000000000000000000e12,3.0301770861280000000000000000e12,1.0100000000000000000000000000,20000.000000000000000000000000,0.50000100000000000000000000000,1.0000000000000000000000000000,5.5586910000000000000000000000,68.739642178008693036430387322,29.853247285913202385115829260,40.000000000000000000000000000,22491,4.9766729912055818488538446896e12,0.023032850249880258685275725514,1.3634259164309640764499980871e-13,3.4670224639046592207691507929e-21,2.7357887537731938144055998892e-17,5.9166653878240671257733912108e-34,2.5123898176757449085935703109e-26,8.5888452430160321213295605771e-33,1.3636995299768172739516035471e-13,0.65032554883163060872964489019,0.055401167446067072176727051061,1.8374403609473274399175132060e-14,1.5888643220539306567669256990e-13,0.085189898422071226902157945475,0.055401167446244333012541917401,0.055401167446380702965539599129,1.3457529116728599579243457515e-13,1.3467553043556262987918275502e-13,4.1167414141065007451972349415e11,4.1136773151889056592343126882e11,1.0471363520804003986785406528e-12,1.0367686654261390085926145077e-12,1.0367686654261390085926145079e-14,1.1817116432476863944709752280e-12,0.055401167447417471630965738137,4.6882137248947630188222232860e10,-0.055401167446235759987718051743,False,0.99999999999753850037312542904
boundary,3.0001753328000000000000000000e12,3.0301770861280000000000000000e12,1.0100000000000000000000000000,20000.000000000000000000000000,0.50000100000000000000000000000,1.0000000000000000000000000000,5.5586910000000000000000000000,108.73964217800869303643038732,47.225026562043275491160986016,80.000000000000000000000000000,22491,4.9766729912055818488538446896e12,0.023032850249880258685275725514,2.8102302665782920276292338080e-22,1.1304629571389734022444040490e-29,5.6388809000662861706985167477e-26,1.9091335879777616238490087804e-42,5.1784213736801094613393160256e-35,2.7956249151218352544616534487e-41,2.8107942677151122125796657225e-22,0.50627973558342475794646958444,0.043129919247367036859644456477,1.4304509822227046537046840911e-14,1.2369340406394879045179299207e-13,0.085189898422071226902157945475,0.043129919247505034773530632314,0.043129919247505034773811711740,2.7738034888017518552966223249e-22,2.7758695741109416029130420147e-22,1.5549017593216964427730285320e20,1.5537444428136984862453008464e20,1.0471363520804003986785406528e-12,1.0367686654261390085926145077e-12,1.0367686654261390085926145079e-14,1.0471363523577807475587158383e-12,0.043129919248541803439237850749,4.1188446138297537004135881090e10,-0.043129919247494667086880070001,False,0.99999999999999999999348295959
boundary,3.0001753328000000000000000000e12,3.0301770861280000000000000000e12,1.0100000000000000000000000000,20000.000000000000000000000000,0.50000100000000000000000000000,1.0000000000000000000000000000,5.5586910000000000000000000000,188.73964217800869303643038732,81.968585114303421703251299530,160.00000000000000000000000000,22491,4.9766729912055818488538446896e12,0.023032850249880258685275725514,1.1938853711367103446286604823e-39,8.3362294509807444394013709950e-47,2.3955963666879072251766239494e-43,1.3970510158350945685783420312e-59,2.1999768478566808724689460242e-52,2.0589274585385288583000852643e-58,1.1941250141358936430632714629e-39,0.30683860637587149087161301198,0.026139549709046753268158633184,8.6694677867841778477730649582e-15,7.4966286527609915776303075919e-14,0.085189898422071226902157945475,0.026139549709130389022473027277,0.026139549709130389022473027277,1.1784099854993577918443978908e-39,1.1792877317308669621072142735e-39,2.2182050416055842659997720716e37,2.2165540271299852894783474775e37,1.0471363520804003986785406528e-12,1.0367686654261390085926145077e-12,1.0367686654261390085926145079e-14,1.0471363520804003986785406540e-12,0.026139549710167157687899166286,2.4962890131962615093245052117e10,-0.026139549709120021335818765887,False,1.0000000000000000000000000000
boundary,3.0001753328000000000000000000e12,3.0301770861280000000000000000e12,1.0100000000000000000000000000,20000.000000000000000000000000,0.50000100000000000000000000000,1.0000000000000000000000000000,5.5586910000000000000000000000,348.73964217800869303643038732,151.45570221882371412743192656,320.00000000000000000000000000,22491,4.9766729912055818488538446896e12,0.023032850249880258685275725514,2.1547856690244302388807571626e-74,2.7802512391770106437206532635e-81,4.3236954271341034666211167705e-78,4.6369493428420193256148856137e-94,3.9706312670819122558053961967e-87,6.8613780622605635055752962979e-93,2.1552183165926646307876991372e-74,0.11270648757255619081721137559,0.0096014542277837742997901782284,3.1844273929954293073597000787e-15,2.7536257385208755156025196690e-14,0.085189898422071226902157945475,0.0096014542278144949845683824129,0.0096014542278144949845683824129,2.1268548977794114791648910677e-74,2.1284390992835268881985120170e-74,4.5143908208496496022885712908e71,4.5110307506785264487667176176e71,1.0471363520804003986785406528e-12,1.0367686654261390085926145077e-12,1.0367686654261390085926145079e-14,1.0471363520804003986785406528e-12,0.0096014542288512636499945214215,9.1692492670849921494636176754e9,-0.0096014542278041272979141210228,False,1.0000000000000000000000000000
boundary,3.0001753328000000000000000000e12,3.0301770861280000000000000000e12,1.0100000000000000000000000000,20000.000000000000000000000000,0.50000100000000000000000000000,1.0000000000000000000000000000,5.5586910000000000000000000000,668.73964217800869303643038732,290.42993642786429897579318061,640.00000000000000000000000000,22491,4.9766729912055818488538446896e12,0.023032850249880258685275725514,7.0191896062121929732071594159e-144,1.7369694590007135412201428763e-150,1.4084388270647442401854977251e-147,2.8890420388043305686584580264e-163,1.2934285818143948690952346189e-156,4.2847466551812884509381552461e-162,7.0205997820100101513163513877e-144,0.015206411659961475177273870269,0.0012954326646721727313194506283,4.2964442315685737518189654474e-16,3.7152046381054826134741382379e-15,0.085189898422071226902157945475,0.0012954326646763175803807129683,0.0012954326646763175803807129683,6.9282054391858327723995274056e-144,6.9333659574181946236270534003e-144,1.8697953980252499468603329410e140,1.8684037055483842563572230642e140,1.0471363520804003986785406528e-12,1.0367686654261390085926145077e-12,1.0367686654261390085926145079e-14,1.0471363520804003986785406528e-12,0.0012954326657130862458068519769,1.2371193714547132397987338783e9,-0.0012954326646659498937264515782,False,1.0000000000000000000000000000
boundary,3.0001753328000000000000000000e12,3.3001928660800000000000000000e12,1.1000000000000000000000000000,20000.000000000000000000000000,0.50000100000000000000000000000,1.0000000000000000000000000000,5.5586910000000000000000000000,28.826002026959849813626124087,12.518973615640614997373335425,0.00099999999999999999999999999576,22491,5.4201389013130099272828012080e12,0.023032850249880258685275725514,0.000063755971285056933637078195749,6.4811538402397056796060981424e-12,1.2712161306691909402981326780e-8,1.1017034727273186036188105355e-24,1.0752968955582880538643376583e-17,1.4224283965697511114233126541e-23,0.000063768689927528218770468427001,0.83534980813653094038934323960,0.68272662304707557899972238702,2.1704811900657548078029547485e-13,1.7233854170313283468551360736e-12,0.81729428366305443074024004808,0.68272662304901601253576029085,0.68279039173894354075453075927,0.000062531977545618047781759551916,0.000062978835422107386570618363375,10919.059632183187501494195251,10841.584909638777348984826581,1.0471363520804003986785406528e-12,9.5194213825490945334412786620e-13,9.5194213825490945334412786620e-14,0.000062531978592754399862159950595,0.68279039173989548289278566873,10919.059449352057149589292349,-0.68272785976130272849292350878,False,0.99990660575968985019276639644
boundary,3.0001753328000000000000000000e12,3.3001928660800000000000000000e12,1.1000000000000000000000000000,20000.000000000000000000000000,0.50000100000000000000000000000,1.0000000000000000000000000000,5.5586910000000000000000000000,28.835002026959849813626124087,12.522882265977744263822195585,0.010000000000000000000000000008,22491,5.4201389013130099272828012080e12,0.023032850249880258685275725514,0.000063469713976277975623329640709,6.4540686485505218829426591000e-12,1.2655085098596080081684339500e-8,1.0970771606888466062539999847e-24,1.0704689305966276167318899729e-17,1.4164790201327337885822051139e-23,0.000063482375515455924958501041629,0.83530288826543937636179438331,0.68268827570464234531219983506,2.1703592786261966568383781137e-13,1.7232886180366789398356671550e-12,0.81729428366305443074024004808,0.68268827570658266985809913367,0.68275175808209812578305763471,0.000062251215834298463580501500032,0.000062696067368000573919596060774,10967.685513154642092110420073,10889.865772196225190768052956,1.0471363520804003986785406528e-12,9.5194213825490945334412786620e-13,9.5194213825490945334412786620e-14,0.000062251216881434815660901898711,0.68275175808305006792131254416,10967.685328680975035228533717,-0.68268950686616863310565164227,False,0.99990701982856289851230448590
boundary,3.0001753328000000000000000000e12,3.3001928660800000000000000000e12,1.1000000000000000000000000000,20000.000000000000000000000000,0.50000100000000000000000000000,1.0000000000000000000000000000,5.5586910000000000000000000000,28.925002026959849813626124087,12.561968769349036928310797188,0.10000000000000000000000000001,22491,5.4201389013130099272828012080e12,0.023032850249880258685275725514,0.000060676886733988851263520305709,6.1893317281474350592559913457e-12,1.2098229486641439413458238282e-8,1.0518642557836980152274032114e-24,1.0233656020309473952320692831e-17,1.3583297187341977721784371272e-23,0.000060688991152817454521024294121,0.83483383447666912790089516912,0.68230492072435101301646424158,2.1691405407804000793241550648e-13,1.7223209270747653896218238242e-12,0.81729428366305443074024004808,0.68230492072629024799761704698,0.68236560971744306545213807127,0.000059512005578638126708187664036,0.000059937282524646936568108351143,11466.016026224776517466945149,11384.660447974865419389835671,1.0471363520804003986785406528e-12,9.5194213825490945334412786620e-13,9.5194213825490945334412786620e-14,0.000059512006625774478788588062715,0.68236560971839500759039298073,11466.015824491866922403727006,-0.68230609771176923311160439266,False,0.99991106088834408314148198328
boundary,3.0001753328000000000000000000e12,3.3001928660800000000000000000e12,1.1000000000000000000000000000,20000.000000000000000000000000,0.50000100000000000000000000000,1.0000000000000000000000000000,5.5586910000000000000000000000,29.325002026959849813626124087,12.735686562110337659371248755,0.50000000000000000000000000000,22491,5.4201389013130099272828012080e12,0.023032850249880258685275725514,0.000049678033170146099294408584673,5.1374736017402939621159779060e-12,9.9051925385081915539682609125e-9,8.7233291389576848102474933836e-25,8.3786089002489984194699150040e-18,1.1273141224518891404374030212e-23,0.000049687943500166587847302238186,0.83275233562589963751536980006,0.68060372361217072645031909890,2.1637322027898558126368385327e-13,1.7180266485221840894680637003e-12,0.81729428366305443074024004808,0.68060372361410512631912026857,0.68065341155760529290696757081,0.000048724309144579451002501669399,0.000049072496458851948130447598878,13969.483067228415702279946313,13870.364474494257078464597649,1.0471363520804003986785406528e-12,9.5194213825490945334412786620e-13,9.5194213825490945334412786620e-14,0.000048724310191715803082902068077,0.68065341155855723504522248026,13969.482767029161166396525912,-0.68060468724836551924213957820,False,0.99992699964085031052433626046
boundary,3.0001753328000000000000000000e12,3.3001928660800000000000000000e12,1.1000000000000000000000000000,20000.000000000000000000000000,0.50000100000000000000000000000,1.0000000000000000000000000000,5.5586910000000000000000000000,29.825002026959849813626124087,12.952833803061963573196813215,1.0000000000000000000000000000,22491,5.4201389013130099272828012080e12,0.023032850249880258685275725514,0.000038689291134357007768074633681,4.0692888878074043715228727828e-12,7.7141717054632162022996893898e-9,6.9021768040660632559516195895e-25,6.5252671725629623286490229303e-18,8.9275794484962291086798646884e-24,0.000038697009375357884068471664985,0.83015775872994462505806980344,0.67848319074658849017803005138,2.1569907391610892526509017467e-13,1.7126738538698096000561942076e-12,0.81729428366305443074024004808,0.67848319074851686310581596990,0.67852188775789222098988444157,0.000037946530116411689521264075582,0.000038217698669422639629173883993,17880.999545316392660689882160,17754.127312243595920281912632,1.0471363520804003986785406528e-12,9.5194213825490945334412786620e-13,9.5194213825490945334412786620e-14,0.000037946531163548041601664474261,0.67852188775884416312813935102,17880.999051914436824444216388,-0.67848394122768061508653768655,False,0.99994296866457288756759647704
boundary,3.0001753328000000000000000000e12,3.3001928660800000000000000000e12,1.1000000000000000000000000000,20000.000000000000000000000000,0.50000100000000000000000000000,1.0000000000000000000000000000,5.5586910000000000000000000000,30.825002026959849813626124087,13.387128284965215400847942134,2.0000000000000000000000000000,22491,5.4201389013130099272828012080e12,0.023032850249880258685275725514,0.000023466241275535695460719390074,2.5509040930119790290710027573e-12,4.6788816536511350161721207725e-9,4.3179278223403501185261974132e-25,3.9577746029758037453006952694e-18,5.5944423747166243919412349559e-24,0.000023470922708097397388343802226,0.82499283124497180119305019436,0.67426192503759800237617786953,2.1435707588785835815101695236e-13,1.7020182451404763676604809330e-12,0.81729428366305443074024004808,0.67426192503951437769720620426,0.67428539596222247509459454806,0.000023015733945312494431378842295,0.000023180205986663546208851381281,29296.714915300408632085866725,29088.844005534916256237820047,1.0471363520804003986785406528e-12,9.5194213825490945334412786620e-13,9.5194213825490945334412786620e-14,0.000023015734992448846511779240974,0.67428539596317441723284945751,29296.713582442550637392853770,-0.67426238022818196838633767827,False,0.99996519141175435990059954454
boundary,3.0001753328000000000000000000e12,3.3001928660800000000000000000e12,1.1000000000000000000000000000,20000.000000000000000000000000,0.50000100000000000000000000000,1.0000000000000000000000000000,5.5586910000000000000000000000,33.825002026959849813626124087,14.690011730674970883801328891,5.0000000000000000000000000000,22491,5.4201389013130099272828012080e12,0.023032850249880258685275725514,5.2360261738919739920964398120e-6,6.2457957337092175066188597079e-13,1.0439996126947279437905903103e-9,1.0515157239617243202590298096e-25,8.8309888099337937309372396630e-19,1.3685060526421897298185954639e-24,5.2370707980851251913166320686e-6,0.80969005567395179819434196505,0.66175505403926026710930717712,2.1038097076289398598335360037e-13,1.6704475426607210195322485487e-12,0.81729428366305443074024004808,0.66175505404114109562273079212,0.66176029111193918074792210875,5.1355044011512295847493000682e-6,5.1722030740778289409870761348e-6,128859.84304941729134596427564,127945.53532295845722427868266,1.0471363520804003986785406528e-12,9.5194213825490945334412786620e-13,9.5194213825490945334412786620e-14,5.1355054482875816651496987467e-6,0.66176029111289112288617701821,128859.81677491025459957086660,-0.66175515560744283530451186851,False,0.99999208615133240254293997411
boundary,3.0001753328000000000000000000e12,3.3001928660800000000000000000e12,1.1000000000000000000000000000,20000.000000000000000000000000,0.50000100000000000000000000000,1.0000000000000000000000000000,5.5586910000000000000000000000,38.825002026959849813626124087,16.861484140191230022056973485,10.000000000000000000000000000,22491,5.4201389013130099272828012080e12,0.023032850249880258685275725514,4.2979920127862075872460788835e-7,5.8847269090677866442245323823e-14,8.5696706771397618394290055511e-11,9.8360481629580371783106307267e-27,7.2489170431108111720967962155e-20,1.2878060178292990161168173854e-25,4.2988495683273373632991637871e-7,0.78481360534264979450521522094,0.64142367338571702842507327456,2.0391734714153425409562632690e-13,1.6191256756884800836907118552e-12,0.81729428366305443074024004808,0.64142367338754007144790328890,0.64142410327249690418163961882,4.2154787170152488662775113114e-7,4.2456028221820370675455620627e-7,1.5215925552736615750804112965e6,1.5107962994589200680072959369e6,1.0471363520804003986785406528e-12,9.5194213825490945334412786620e-13,9.5194213825490945334412786620e-14,4.2154891883787696702814980968e-7,0.64142410327344884631989452827,1.5215887756081125985698607087e6,-0.64142368172453000844292750012,False,0.99999932979606684642276472855
boundary,3.0001753328000000000000000000e12,3.3001928660800000000000000000e12,1.1000000000000000000000000000,20000.000000000000000000000000,0.50000100000000000000000000000,1.0000000000000000000000000000,5.5586910000000000000000000000,48.825002026959849813626124087,21.204428959223748298568262674,20.000000000000000000000000000,22491,5.4201389013130099272828012080e12,0.023032850249880258685275725514,2.8959642384646133939773510961e-9,4.9863970660350092339174748597e-16,5.7741986822184581061457602378e-13,8.2509052986514500853992769885e-29,4.8842818837247987654915530690e-22,1.0893536539032756990899003309e-27,2.8965421569730302726491242507e-9,0.73733009222565237988164256228,0.60261566954706567699041557705,1.9157975263264334007586756575e-13,1.5211638478910954475690722205e-12,0.81729428366305443074024004808,0.60261566954877842059093931584,0.60261567244532057756396958849,2.8403672171021551062647057341e-9,2.8606646795030246637657092268e-9,2.1216118423593509220646022832e8,2.1065582302012807947805647434e8,1.0471363520804003986785406528e-12,9.5194213825490945334412786620e-13,9.5194213825490945334412786620e-14,2.8414143534542355066633842747e-9,0.60261567244627251970222449794,2.1208299722766160462265691472e8,-0.60261566960485816624798899128,False,0.99999999519338396026224614732
boundary,3.0001753328000000000000000000e12,3.3001928660800000000000000000e12,1.1000000000000000000000000000,20000.000000000000000000000000,0.50000100000000000000000000000,1.0000000000000000000000000000,5.5586910000000000000000000000,68.825002026959849813626124087,29.890318597288784851590841053,40.000000000000000000000000000,22491,5.4201389013130099272828012080e12,0.023032850249880258685275725514,1.3147657302096137951709385534e-13,3.1911729731591309718453455776e-20,2.6214821460735058545684118033e-17,5.2199978270793715485587408260e-33,2.2174605446128306646248660768e-26,6.9581470150454374943322778417e-32,1.3150281975417402084719685420e-13,0.65080792098230845551182645803,0.53190159357996575909636143829,1.6909878198080922022572360240e-13,1.3426625221970152972470579635e-12,0.81729428366305443074024004808,0.53190159358147752040053926281,0.53190159358160902322029343683,1.2895247215610240341010306607e-13,1.2987397552345855846418631754e-13,4.1247878748514392372341055201e12,4.0955209959329689148993310974e12,1.0471363520804003986785406528e-12,9.5194213825490945334412786620e-13,9.5194213825490945334412786620e-14,1.1760888242365028020886437189e-12,0.53190159358256096535854834628,4.5226311365373494247072727078e11,-0.53190159358138487653431184348,False,0.99999999999975276851706969421
boundary,3.0001753328000000000000000000e12,3.3001928660800000000000000000e12,1.1000000000000000000000000000,20000.000000000000000000000000,0.50000100000000000000000000000,1.0000000000000000000000000000,5.5586910000000000000000000000,108.82500202695984981362612409,47.262097873418857957635997809,80.000000000000000000000000000,22491,5.4201389013130099272828012080e12,0.023032850249880258685275725514,2.7099341474796210960625278983e-22,1.0400443143820748839569493384e-28,5.4032774215374111864153760057e-26,1.6836062406859533648917547806e-41,4.5705268341433131921097842394e-35,2.2638157117749552737134160134e-40,2.7104755152665462743716440601e-22,0.50703106948806478861270062154,0.41439359473098250346615946358,1.3174138407450253860005105778e-13,1.0460407635536465321411824705e-12,0.81729428366305443074024004808,0.41439359473216028561378761265,0.41439359473216028561405866020,2.6579085510695773429125776083e-22,2.6769021511067320236022607590e-22,1.5590965105454920761088893192e21,1.5480341504482499998027900648e21,1.0471363520804003986785406528e-12,9.5194213825490945334412786620e-13,9.5194213825490945334412786620e-14,1.0471363523461912537854983871e-12,0.41439359473311222775231356966,3.9573986119823920412534397001e11,-0.41439359473206509139996737840,False,0.99999999999999999999934591761
boundary,3.0001753328000000000000000000e12,3.3001928660800000000000000000e12,1.1000000000000000000000000000,20000.000000000000000000000000,0.50000100000000000000000000000,1.0000000000000000000000000000,5.5586910000000000000000000000,188.82500202695984981362612409,82.005656425679004169726311323,160.00000000000000000000000000,22491,5.4201389013130099272828012080e12,0.023032850249880258685275725514,1.1512760267005032784716973222e-39,7.6669168702853651211293905630e-46,2.2955036626309425690323592803e-43,1.2316183589155799608398525780e-58,1.9417217124757139207190391090e-52,1.6667078455772694610529176060e-57,1.1515063437586475752262299239e-39,0.30774999703503513497679842091,0.25152231337334129334339959062,7.9962379029859331136099662043e-14,6.3490989261702116013645253327e-13,0.81729428366305443074024004808,0.25152231337405616561504647111,0.25152231337405616561504647111,1.1291737103112340589897603352e-39,1.1372428644653493160451304350e-39,2.2274899873884691364418158502e38,2.2116851310586508926251102423e38,1.0471363520804003986785406528e-12,9.5194213825490945334412786620e-13,9.5194213825490945334412786620e-14,1.0471363520804003986785406539e-12,0.25152231337500810775330138056,2.4020015433070928243589938976e11,-0.25152231337396097140122098016,False,1.0000000000000000000000000000
boundary,3.0001753328000000000000000000e12,3.3001928660800000000000000000e12,1.1000000000000000000000000000,20000.000000000000000000000000,0.50000100000000000000000000000,1.0000000000000000000000000000,5.5586910000000000000000000000,348.82500202695984981362612409,151.49277353019929659390693835,320.00000000000000000000000000,22491,5.4201389013130099272828012080e12,0.023032850249880258685275725514,2.0778821345835585962395186187e-74,2.5564956296211984644539556880e-80,4.1430429713036903893216569665e-78,4.0870279683471722239252501556e-93,3.5045191275713684697598224115e-87,5.5531568516768864893444748293e-92,2.0782989953766690443515320237e-74,0.11337701722507693711603047237,0.092662388076559675154349086761,2.9458638869115585601015678217e-14,2.3390476206378930241366161813e-13,0.81729428366305443074024004808,0.092662388076823038555281991649,0.092662388076823038555281991649,2.0379907381737875799224060105e-74,2.0525543622475810987262667473e-74,4.5467521682584480909940285001e72,4.5144912983135893867748143206e72,1.0471363520804003986785406528e-12,9.5194213825490945334412786620e-13,9.5194213825490945334412786620e-14,1.0471363520804003986785406528e-12,0.092662388077774980693536901102,8.8491234110703713007453920150e10,-0.092662388076727844341456500704,False,1.0000000000000000000000000000
boundary,3.0001753328000000000000000000e12,3.3001928660800000000000000000e12,1.1000000000000000000000000000,20000.000000000000000000000000,0.50000100000000000000000000000,1.0000000000000000000000000000,5.5586910000000000000000000000,668.82500202695984981362612409,290.46700773923988144226819240,640.00000000000000000000000000,22491,5.4201389013130099272828012080e12,0.023032850249880258685275725514,6.7686772246848274466697844385e-144,1.5969905167884318729450628396e-149,1.3495914967464746040041104573e-147,2.5461190343781631551567514592e-162,1.1415930868965640035217794827e-156,3.4673920960345018348203608742e-161,6.7700427860878834358994545583e-144,0.015387886230640373519978986091,0.012576431453924058340714624924,3.9982193439395575239263911379e-15,3.1746291757678172909109424933e-14,0.81729428366305443074024004808,0.012576431453959802851816242655,0.012576431453959802851816242655,6.6387314583462540753292896287e-144,6.6861722967540178462215812730e-144,1.8944027986172924307009668459e141,1.8809613177430934170149730721e141,1.0471363520804003986785406528e-12,9.5194213825490945334412786620e-13,9.5194213825490945334412786620e-14,1.0471363520804003986785406528e-12,0.012576431454911744990071152108,1.2010309287730764727653174820e10,-0.012576431453864608637990751709,False,1.0000000000000000000000000000
boundary,3.0001753328000000000000000000e12,6.0003506656000000000000000000e12,2.0000000000000000000000000000,20000.000000000000000000000000,0.50000100000000000000000000000,1.0000000000000000000000000000,5.5586910000000000000000000000,29.423839027715470262999404086,12.778610926146371151836874348,0.00099999999999999999999999999576,22491,9.8547980023872907284248872761e12,0.023032850249880258685275725514,0.000049401386727663305818956473585,3.6076738025409708908589080486e-11,9.4275911452818117755500844256e-9,4.6251061869889707455160275889e-24,4.4832008467104400462521998446e-18,3.2973603400806552493499164145e-23,0.000049410850395551096278886352286,0.83534991406793778751145454484,5.0202509670823359160812998402,1.2052844606745714080584966928e-12,5.2786256474938881167022913189e-12,6.0097581654632577755302152453,5.0202509670888198261894682998,5.0203003779392153772857471861,0.000046374955726891253279974761084,0.000048811976684738945087085889976,108254.55893703666900102157456,102849.76595731291708456182771,1.0471363520804003986785406528e-12,5.2356817604020019933927032641e-13,5.2356817604020019933927032641e-13,0.000046374956774027605360375159763,5.0203003779397389454617873863,108254.55649268376263430463376,-5.0202540029829649178564270111,False,0.99999015779003728980630765274
boundary,3.0001753328000000000000000000e12,6.0003506656000000000000000000e12,2.0000000000000000000000000000,20000.000000000000000000000000,0.50000100000000000000000000000,1.0000000000000000000000000000,5.5586910000000000000000000000,29.432839027715470262999404086,12.782519576483500418285734509,0.010000000000000000000000000008,22491,9.8547980023872907284248872761e12,0.023032850249880258685275725514,0.000049179579926989187520673395402,3.5925743001604571693103405592e-11,9.3852622964677834523695078978e-9,4.6056587030958735778358635807e-24,4.4630717672967339512526168319e-18,3.2835486044577827864464155243e-23,0.000049189001115033120017905899495,0.83530394752061282968976016459,5.0199747192492119543317913039,1.2052181378507240494948342679e-12,5.2783351821552916607507488016e-12,6.0097581654632577755302152453,5.0199747192556955076517973196,5.0200239082568105407718152255,0.000046166737269018984317971845340,0.000048592816270422905263469806495,108736.81367181187981313101204,103307.94330421139568559161170,1.0471363520804003986785406528e-12,5.2356817604020019933927032641e-13,5.2356817604020019933927032641e-13,0.000046166738316155336398372244019,5.0200239082573341089478554257,108736.81120549628140042915844,-5.0199777415190179536114570535,False,0.99999020144086681972297329360
boundary,3.0001753328000000000000000000e12,6.0003506656000000000000000000e12,2.0000000000000000000000000000,20000.000000000000000000000000,0.50000100000000000000000000000,1.0000000000000000000000000000,5.5586910000000000000000000000,29.522839027715470262999404086,12.821606079854793082774336111,0.10000000000000000000000000001,22491,9.8547980023872907284248872761e12,0.023032850249880258685275725514,0.000047015554567811330648159115310,3.4449941597683830365426665102e-11,8.9722871217663373246073643102e-9,4.4156051955272843094031583941e-24,4.2666853707760805112560731921e-18,3.1485577322968698800569828160e-23,0.000047024561304878961390586046700,0.83484442114070255739516717952,5.0172130768353039910754277218,1.2045551103030479673452294682e-12,5.2754314077083871178240992824e-12,6.0097581654632577755302152453,5.0172130768417839775934391569,5.0172601014030888565548297429,0.000044135284573632472875115730203,0.000046454609989702782953012968296,113679.11524468850963979053906,108003.49206494735950167559911,1.0471363520804003986785406528e-12,5.2356817604020019933927032641e-13,5.2356817604020019933927032641e-13,0.000044135285620768824955516128881,5.0172601014036124247308699431,113679.11254759459028246235520,-5.0172159661179916559059144270,False,0.99999062744199932380828683299
boundary,3.0001753328000000000000000000e12,6.0003506656000000000000000000e12,2.0000000000000000000000000000,20000.000000000000000000000000,0.50000100000000000000000000000,1.0000000000000000000000000000,5.5586910000000000000000000000,29.922839027715470262999404086,12.995323872616093813834787679,0.50000000000000000000000000000,22491,9.8547980023872907284248872761e12,0.023032850249880258685275725514,0.000038493080397683120635094994562,2.8587380235601768787097332204e-11,7.3458873920356316741034577739e-9,3.6610664383697548066072085687e-24,3.4932665267623086469422514746e-18,2.6123661585189585181902273132e-23,0.000038500454872458885164849375449,0.83280513830611629685157533225,5.0049574801684759824751438476,1.2016127314626913577587173962e-12,5.2625450585367924212260853917e-12,6.0097581654632577755302152453,5.0049574801749401402651433314,5.0049959806298125991503081808,0.000036134914776281149986273969114,0.000038033817820813298564099847805,138508.58682293273307002786616,131593.31004343512809745157238,1.0471363520804003986785406528e-12,5.2356817604020019933927032641e-13,5.2356817604020019933927032641e-13,0.000036134915823417502066674367793,5.0049959806303361673263483810,138508.58280917347932883216011,-5.0049598457145127498242817066,False,0.99999230759524653721865060223
boundary,3.0001753328000000000000000000e12,6.0003506656000000000000000000e12,2.0000000000000000000000000000,20000.000000000000000000000000,0.50000100000000000000000000000,1.0000000000000000000000000000,5.5586910000000000000000000000,30.422839027715470262999404086,13.212471113567719727660352138,1.0000000000000000000000000000,22491,9.8547980023872907284248872761e12,0.023032850249880258685275725514,0.000029978441156546159070642748577,2.2635901192155659088773372303e-11,5.7209828532717100330635354414e-9,2.8959004666294296791845526741e-24,2.7205587065196126652150222075e-18,2.0681425285633070859187637711e-23,0.000029984184775303343518618746250,0.83026303839715502005118747120,4.9896800744831922765546291433,1.1979448631045890515158910475e-12,5.2464813784526121014317526095e-12,6.0097581654632577755302152453,4.9896800744896367027961863445,4.9897100586744120061397049632,0.000028141899923986238266101418147,0.000029620767102044550368889719667,177305.37284803301738511393172,168453.10053870958518466826763,1.0471363520804003986785406528e-12,5.2356817604020019933927032641e-13,5.2356817604020019933927032641e-13,0.000028141900971122590346501816826,4.9897100586749355743157451634,177305.36625066854116570987376,-4.9896819167739644517253986616,False,0.99999399079617398268789127867
boundary,3.0001753328000000000000000000e12,6.0003506656000000000000000000e12,2.0000000000000000000000000000,20000.000000000000000000000000,0.50000100000000000000000000000,1.0000000000000000000000000000,5.5586910000000000000000000000,31.422839027715470262999404086,13.646765595470971555311481057,2.0000000000000000000000000000,22491,9.8547980023872907284248872761e12,0.023032850249880258685275725514,0.000018182843691836303180730310874,1.4180660080697708430652319401e-11,3.4699515041995541895165901966e-9,1.8106266363941699476546776580e-24,1.6501022670522893313998098684e-18,1.2951867936901900674622158850e-23,0.000018186327824002233549657804979,0.82520209382725942025023863139,4.9592650215293445431215359670,1.1906426802184668837726666676e-12,5.2145009695756882697483424160e-12,6.0097581654632577755302152453,4.9592650215357496867713301222,4.9592832078635736890048797800,0.000017068925126462281492015329378,0.000017965903411597350052302178398,290544.55222696489317908984419,276038.62128426323220776130683,1.0471363520804003986785406528e-12,5.2356817604020019933927032641e-13,5.2356817604020019933927032641e-13,0.000017068926173598633572415728056,4.9592832078640972571809199802,290544.53440280677840655766465,-4.9592661389379236585473475644,False,0.99999633287169501320273535527
boundary,3.0001753328000000000000000000e12,6.0003506656000000000000000000e12,2.0000000000000000000000000000,20000.000000000000000000000000,0.50000100000000000000000000000,1.0000000000000000000000000000,5.5586910000000000000000000000,34.422839027715470262999404086,14.949649041180727038264867814,5.0000000000000000000000000000,22491,9.8547980023872907284248872761e12,0.023032850249880258685275725514,4.0571408249133014012247035879e-6,3.4662241259788459623123770744e-12,7.7425083483933150641062617260e-10,4.4026918828907112492593148469e-25,3.6818758310866444410252219297e-19,3.1630303677804990792267089118e-24,4.0579185419726349027634847469e-6,0.81020360579451684365129123769,4.8691277356050833067614089047,1.1690021146841440565087279214e-12,5.1197246342101635645422777644e-12,6.0097581654632577755302152453,4.8691277356113720335103032123,4.8691317935299140061452059758,3.8085919970290867398741883343e-6,4.0087349054409385427614281014e-6,1.2784598080676814955425472370e6,1.2146305276812352826997168656e6,1.0471363520804003986785406528e-12,5.2356817604020019933927032641e-13,5.2356817604020019933927032641e-13,3.8085930441654388202745870129e-6,4.8691317935304375743212461760,1.2784594565674816555847893307e6,-4.8691279849373934088824259014,False,0.99999916660326439206606624518
boundary,3.0001753328000000000000000000e12,6.0003506656000000000000000000e12,2.0000000000000000000000000000,20000.000000000000000000000000,0.50000100000000000000000000000,1.0000000000000000000000000000,5.5586910000000000000000000000,39.422839027715470262999404086,17.121121450696986176520512409,10.000000000000000000000000000,22491,9.8547980023872907284248872761e12,0.023032850249880258685275725514,3.3303039902997196818944342143e-7,3.2585375687439742910067503757e-13,6.3554378712339020040313899747e-11,4.1100702360201010832706723856e-26,3.0222677252811344174703099659e-20,2.9699683835722257743827099910e-25,3.3309427926247140462226318807e-7,0.78580946526282859287532995868,4.7225248503555009702489538957,1.1338050337732524272701819878e-12,4.9655766134938205957159408789e-12,6.0097581654632577755302152453,4.7225248503616003518962209688,4.7225251834558796143676255910,3.1262826883512454922315561947e-7,3.2905699919669450705933075549e-7,1.5105880223347519560277085977e7,1.4351693460356940603217791758e7,1.0471363520804003986785406528e-12,5.2356817604020019933927032641e-13,5.2356817604020019933927032641e-13,3.1262931597147662962355429802e-7,4.7225251834564031825436657912,1.5105829626954346008410712236e7,-4.7225248708270872110670361677,False,0.99999992946691307663550723823
boundary,3.0001753328000000000000000000e12,6.0003506656000000000000000000e12,2.0000000000000000000000000000,20000.000000000000000000000000,0.50000100000000000000000000000,1.0000000000000000000000000000,5.5586910000000000000000000000,49.422839027715470262999404086,21.464066269729504453031801598,20.000000000000000000000000000,22491,9.8547980023872907284248872761e12,0.023032850249880258685275725514,2.2439411777482352754128201462e-9,2.7525314318829856380665680558e-15,4.2822603532354599257828539759e-13,3.4379155041124711765414594011e-28,2.0363879749990880527246301170e-22,2.5046053257062510601687966347e-27,2.2443721563151943460369332831e-9,0.73920249440825275603938879740,4.4424282266950675246418290712,1.0665581749610250243476623831e-12,4.6710644006333358329768529545e-12,6.0097581654632577755302152453,4.4424282267008051472174234321,4.4424282289451773035326177781,2.1064727058269121126930813030e-9,2.2171686202654367109093139767e-9,2.1089417473374134357440908607e9,2.0036492436075228407722557982e9,1.0471363520804003986785406528e-12,5.2356817604020019933927032641e-13,5.2356817604020019933927032641e-13,2.1075198421789925130917598436e-9,4.4424282289457008717086579783,2.1078939045018033307850005865e9,-4.4424282268381810295296654652,False,0.99999999949478707575021321052
boundary,3.0001753328000000000000000000e12,6.0003506656000000000000000000e12,2.0000000000000000000000000000,20000.000000000000000000000000,0.50000100000000000000000000000,1.0000000000000000000000000000,5.5586910000000000000000000000,69.422839027715470262999404086,30.149955907794541006054379976,40.000000000000000000000000000,22491,9.8547980023872907284248872761e12,0.023032850249880258685275725514,1.0187477186091741714900102603e-13,1.7553611885104683054346398675e-19,1.9441431926156345058637618197e-17,2.1678827332457746700981557008e-32,9.2451871034127355444489964679e-27,1.5942335925129707736976866101e-31,1.0189438882897166990909580643e-13,0.65411748729405250474887137993,3.9310879104326636079687503299,9.4379328903228768502933410335e-13,4.1334071947050305153218565321e-12,6.0097581654632577755302152453,3.9310879104377408084524876481,3.9310879104378427028413166198,9.5633712891133224571714712985e-14,1.0065929963163627408174017253e-13,4.1105670705401603766606011394e13,3.9053400180844678069826676643e13,1.0471363520804003986785406528e-12,5.2356817604020019933927032641e-13,5.2356817604020019933927032641e-13,1.1427700649715336232502553658e-12,3.9310879104383662710173568200,3.4399640233280783242348768011e12,-3.9310879104372235009523852864,False,0.99999999999997407984986588033
boundary,3.0001753328000000000000000000e12,6.0003506656000000000000000000e12,2.0000000000000000000000000000,20000.000000000000000000000000,0.50000100000000000000000000000,1.0000000000000000000000000000,5.5586910000000000000000000000,109.42283902771547026299940409,47.521735183924614112099536733,80.000000000000000000000000000,22491,9.8547980023872907284248872761e12,0.023032850249880258685275725514,2.0997955505623159327139802304e-22,5.7028394895492725611551692537e-28,4.0071777839989779313975544428e-26,6.9709497060213535128371504603e-41,1.9055750888321397603580604194e-35,5.1705071035713553851831138536e-40,2.1002019711803959431561664291e-22,0.51220101167887625740630179744,3.0782042122916923895680667200,7.3902912985531978756281486229e-13,3.2366285689239244352712174867e-12,6.0097581654632577755302152453,3.0782042122956680472668459642,3.0782042122956680472670559844,1.9711577375280825091638291894e-22,2.0747428006787529592118666764e-22,1.5616224687101246101970377439e22,1.4836558108738260352967919502e22,1.0471363520804003986785406528e-12,5.2356817604020019933927032641e-13,5.2356817604020019933927032641e-13,1.0471363522775161724313489037e-12,3.0782042122961916154430961846,2.9396402919267517639408730157e12,-3.0782042122951444790908186684,False,0.99999999999999999999993177184
boundary,3.0001753328000000000000000000e12,6.0003506656000000000000000000e12,2.0000000000000000000000000000,20000.000000000000000000000000,0.50000100000000000000000000000,1.0000000000000000000000000000,5.5586910000000000000000000000,189.42283902771547026299940409,82.265293736184760324189850246,160.00000000000000000000000000,22491,9.8547980023872907284248872761e12,0.023032850249880258685275725514,8.9206753624737598103849947299e-40,4.1942431815412344145629097334e-45,1.7023910790361977754645789878e-43,5.0880290448709505005713277798e-58,8.0955580374176686573488272637e-53,3.7979551122928917563428729902e-57,8.9224196959854210193759268727e-40,0.31405793893074059437281092431,1.8874122629151417495283105636,4.5313843596555387685030736768e-13,1.9845507413364629323271039508e-12,6.0097581654632577755302152453,1.8874122629175794387056125804,1.8874122629175794387056125804,8.3741763620783704141184912821e-40,8.8142424058991691911780556303e-40,2.2538482369018871359864839522e39,2.1413210302162531106681104119e39,1.0471363520804003986785406528e-12,5.2356817604020019933927032641e-13,5.2356817604020019933927032641e-13,1.0471363520804003986785406537e-12,1.8874122629181030068816527806,1.8024512845612537812117521142e12,-1.8874122629170558705295723802,False,1.0000000000000000000000000000
boundary,3.0001753328000000000000000000e12,6.0003506656000000000000000000e12,2.0000000000000000000000000000,20000.000000000000000000000000,0.50000100000000000000000000000,1.0000000000000000000000000000,5.5586910000000000000000000000,349.42283902771547026299940409,151.75241084070505274837047727,320.00000000000000000000000000,22491,9.8547980023872907284248872761e12,0.023032850249880258685275725514,1.6100493308479167443584526485e-74,1.3965251027059469919309933759e-79,3.0725629016541354256795772232e-78,1.6860172227203581796743233851e-92,1.4611279159216384767688752646e-87,1.2635801589462715065176609797e-91,1.6103705523892553444843508922e-74,0.11807242005244299639198546273,0.70958669052526052503590136940,1.7036076825630256012770962570e-13,7.4610662460642620909044097942e-13,6.0097581654632577755302152453,0.70958669052617699242876409817,0.70958669052617699242876409817,1.5114143829159416796740161086e-74,1.5908397639093026759229496808e-74,4.6948520441970753041999197513e73,4.4604535706503254889192911918e73,1.0471363520804003986785406528e-12,5.2356817604020019933927032641e-13,5.2356817604020019933927032641e-13,1.0471363520804003986785406528e-12,0.70958669052670056060480429837,6.7764497824655564454252679455e11,-0.70958669052565342425272389797,False,1.0000000000000000000000000000
boundary,3.0001753328000000000000000000e12,6.0003506656000000000000000000e12,2.0000000000000000000000000000,20000.000000000000000000000000,0.50000100000000000000000000000,1.0000000000000000000000000000,5.5586910000000000000000000000,669.42283902771547026299940409,290.72664504974563759673173133,640.00000000000000000000000000,22491,9.8547980023872907284248872761e12,0.023032850249880258685275725514,5.2447172315254821004885920336e-144,8.7166653406383970889925336501e-149,1.0008838416624612111654731504e-147,1.0494953615192009765771112413e-161,4.7596074302030126583520861097e-157,7.8833473192244200436039919518e-161,5.2458052820210269957420945408e-144,0.016688828122484074186618061872,0.10029582108098197715068003495,2.4079472403301081109017516485e-14,1.0545769463836581276301598508e-13,6.0097581654632577755302152453,0.10029582108111151431772170185,0.10029582108111151431772170185,4.9234150197621873622583180206e-144,5.1821422875142740310049826341e-144,2.0371189647537785807408676977e142,1.9354123356041727165883671943e142,1.0471363520804003986785406528e-12,5.2356817604020019933927032641e-13,5.2356817604020019933927032641e-13,1.0471363520804003986785406528e-12,0.10029582108163508249376190205,9.5781051705799482884121768474e10,-0.10029582108058794614168150165,False,1.0000000000000000000000000000
boundary,3.0001753328000000000000000000e12,3.0001753328000000000000000000e13,10.000000000000000000000000000,20000.000000000000000000000000,0.50000100000000000000000000000,1.0000000000000000000000000000,5.5586910000000000000000000000,31.033276940149570637600163419,13.477580930482389956623135454,0.00099999999999999999999999999576,22491,4.9273990011936453541258974596e13,0.023032850249880258685275725514,0.000024746931951882363220866395660,5.8197705847235182112663519986e-11,4.2161469330941703384558376660e-9,3.9767573572851695175268203788e-24,4.2438531923487504085122233233e-19,5.8362934634029647810755411242e-24,0.000024751206296521729021519249857,0.83535017896185009785737130877,17.169613544319011076295105027,2.2043944788355885437043713730e-12,1.9819615016574236470968984253e-12,20.553791663349033139899932972,17.169613544323197432275598039,17.169638295529493954004619559,0.000020739510691774402852895925580,0.000024467603417124083281948026838,827870.94404976617069132363794,701729.46662659327419431148025,1.0471363520804003986785406528e-12,1.0471363520804003986785406528e-13,9.4242271687236035881068658753e-13,0.000020739511738910754933296324259,17.169638295529598667639827599,827870.90225063094777485095821,-17.169617556017859756884894302,False,0.99999855843169957946820439051
boundary,3.0001753328000000000000000000e12,3.0001753328000000000000000000e13,10.000000000000000000000000000,20000.000000000000000000000000,0.50000100000000000000000000000,1.0000000000000000000000000000,5.5586910000000000000000000000,31.042276940149570637600163419,13.481489580819519223071995614,0.010000000000000000000000000008,22491,4.9273990011936453541258974596e13,0.023032850249880258685275725514,0.000024635820945363320651877136891,5.7953207010753068510003004083e-11,4.1972168964221846424823384819e-9,3.9599807843243729447396774318e-24,4.2247987576156782041023860816e-19,5.8117566285175621246024186349e-24,0.000024640076115467176079235628213,0.83530659631775332282876431131,17.168717755732108292174167388,2.2042794691756404431413215811e-12,1.9818580969716814415344673134e-12,20.553791663349033139899932972,17.168717755736294429740314710,17.168742395812409896916393945,0.000020646392566579888928473422121,0.000024357746565047572368965518991,831561.36552412953222264672343,704857.58401185163788001822654,1.0471363520804003986785406528e-12,1.0471363520804003986785406528e-13,9.4242271687236035881068658753e-13,0.000020646393613716241008873820800,17.168742395812514610551601985,831561.32334930489196110659915,-17.168721749418900894310593112,False,0.99999856482929573938492334576
boundary,3.0001753328000000000000000000e12,3.0001753328000000000000000000e13,10.000000000000000000000000000,20000.000000000000000000000000,0.50000100000000000000000000000,1.0000000000000000000000000000,5.5586910000000000000000000000,31.132276940149570637600163419,13.520576084190811887560597217,0.10000000000000000000000000001,22491,4.9273990011936453541258974596e13,0.023032850249880258685275725514,0.000023551782786658473311783773892,5.5563751173483687166274297344e-11,4.0125287836869474368566091159e-9,3.7960433417934201606072390494e-24,4.0388969735321973813506634455e-19,5.5719657863876685779697333281e-24,0.000023555850879193737641973159124,0.83487089491803240392093643280,17.159762439934817147888965195,2.2031297025458429112921089636e-12,1.9808243467885686522676402692e-12,20.553791663349033139899932972,17.159762439939001101938299607,17.159785995789880295675941580,0.000019737899302588006328271132804,0.000023285944379314318228306186392,869382.58893335790064688750459,736916.04326915300283880216928,1.0471363520804003986785406528e-12,1.0471363520804003986785406528e-13,9.4242271687236035881068658753e-13,0.000019737900349724358408671531482,17.159785995789985009311149620,869382.54281082247924535271734,-17.159766257889635284952740949,False,0.99999862726429776145697441700
boundary,3.0001753328000000000000000000e12,3.0001753328000000000000000000e13,10.000000000000000000000000000,20000.000000000000000000000000,0.50000100000000000000000000000,1.0000000000000000000000000000,5.5586910000000000000000000000,31.532276940149570637600163419,13.694293876952112618621048784,0.50000000000000000000000000000,22491,4.9273990011936453541258974596e13,0.023032850249880258685275725514,0.000019282568857249942005081353912,4.6076257359161157054826398414e-11,3.2851807128150930437675552975e-9,3.1454596229223747889394572071e-24,3.3067691607443977247502749126e-19,4.6199462302520475216837484395e-24,0.000019285900114220446943963656587,0.83293719222882596698876067830,17.120017517722019968812919615,2.1980268802335358808757780628e-12,1.9762364214104696825665656878e-12,20.553791663349033139899932972,17.120017517726194232114563621,17.120036803626308452561507585,0.000016160025160185251343770026299,0.000019064918777808010610326418192,1.0594065686114347585661461143e6,897986.34880912327711593984890,1.0471363520804003986785406528e-12,1.0471363520804003986785406528e-13,9.4242271687236035881068658753e-13,0.000016160026207321603424170424978,17.120036803626413166196715625,1.0594064999640816738571432536e6,-17.120020643600205844593291454,False,0.99999887348956457059878340523
boundary,3.0001753328000000000000000000e12,3.0001753328000000000000000000e13,10.000000000000000000000000000,20000.000000000000000000000000,0.50000100000000000000000000000,1.0000000000000000000000000000,5.5586910000000000000000000000,32.032276940149570637600163419,13.911441117903738532446613244,1.0000000000000000000000000000,22491,4.9273990011936453541258974596e13,0.023032850249880258685275725514,0.000015017279725654539348942303912,3.6453242261364049767187886155e-11,2.5585013116714704926641615953e-9,2.4862143313234308863112000637e-24,2.5753144118241092271390785607e-19,3.6544871380217397478097365591e-24,0.000015019874680208729721066619142,0.83052636094059837143904817652,17.070465793688318687219244944,2.1916649696060938446059471962e-12,1.9705164551967837661184861692e-12,20.553791663349033139899932972,17.070465793692480868644047822,17.070480813567161077373768888,0.000012585440249205878638981563064,0.000014847773673349609700428775927,1.3563673956216415551792762736e6,1.1496996916249542910581590029e6,1.0471363520804003986785406528e-12,1.0471363520804003986785406528e-13,9.4242271687236035881068658753e-13,0.000012585441296342230719381961743,17.070480813567265791008976928,1.3563672827689041282292131194e6,-17.070468228125969448778257546,False,0.99999912012585677895285221431
boundary,3.0001753328000000000000000000e12,3.0001753328000000000000000000e13,10.000000000000000000000000000,20000.000000000000000000000000,0.50000100000000000000000000000,1.0000000000000000000000000000,5.5586910000000000000000000000,33.032276940149570637600163419,14.345735599806990360097742163,2.0000000000000000000000000000,22491,4.9273990011936453541258974596e13,0.023032850249880258685275725514,9.1084405790904024217645283519e-6,2.2800262046128781034644071035e-11,1.5518094884437349384459003690e-9,1.5522758511949879522141882479e-24,1.5620071491711294877790662808e-19,2.2850593863166181361261023909e-24,9.1100151888410484900362612468e-6,0.82572561170581386138434821211,16.971792194088599633222630662,2.1789963362904404129119167965e-12,1.9591261420058785010297725902e-12,20.553791663349033139899932972,16.971792194092737755700926981,16.971801304107926596749417017,7.6334553771247711699281518306e-6,9.0056299613606092947273531219e-6,2.2233445360756861994072399065e6,1.8845768010596511212415076661e6,1.0471363520804003986785406528e-12,1.0471363520804003986785406528e-13,9.4242271687236035881068658753e-13,7.6334564242611232503285505091e-6,16.971801304108031310384625057,2.2233442310834712951477087167e6,-16.971793670651607049261374729,False,0.99999946322638206729288843977
boundary,3.0001753328000000000000000000e12,3.0001753328000000000000000000e13,10.000000000000000000000000000,20000.000000000000000000000000,0.50000100000000000000000000000,1.0000000000000000000000000000,5.5586910000000000000000000000,36.032276940149570637600163419,15.648619045516745843051128919,5.0000000000000000000000000000,22491,4.9273990011936453541258974596e13,0.023032850249880258685275725514,2.0323678051148984238360452330e-6,5.5494758122104456696615186044e-12,3.4625549967630354471976895518e-10,3.7602073425926566073746784134e-25,3.4853090534754644393289296385e-20,5.5571960325160485733313767918e-25,2.0327196100904217918487097556e-6,0.81148922393158261674147495902,16.679180445738472725354922086,2.1414281219074863480680754485e-12,1.9253487236227774543351336285e-12,20.553791663349033139899932972,16.679180445742539502200452350,16.679182478462149592622244199,1.7032541207837430069059154537e-6,2.0094276555158906842311819119e-6,9.7925390433151076702347181512e6,8.3004642803027498870669089255e6,1.0471363520804003986785406528e-12,1.0471363520804003986785406528e-13,9.4242271687236035881068658753e-13,1.7032551679200950873063141322e-6,16.679182478462254306257452239,9.7925330230054677294898070617e6,-16.679180775207086386162364933,False,0.99999987812834275808929397923
boundary,3.0001753328000000000000000000e12,3.0001753328000000000000000000e13,10.000000000000000000000000000,20000.000000000000000000000000,0.50000100000000000000000000000,1.0000000000000000000000000000,5.5586910000000000000000000000,41.032276940149570637600163419,17.820091455033004981306773514,10.000000000000000000000000000,22491,4.9273990011936453541258974596e13,0.023032850249880258685275725514,1.6682690848611265184330950849e-7,5.1874121426360298769249224554e-13,2.8422382214446766184584052738e-11,3.4923573532580063982743299060e-26,2.8609158885839551080817896042e-21,5.1889468476194426488334210609e-26,1.6685584960954422321518341099e-7,0.78830526364877307902036068330,16.202662156154363142649929115,2.0802482774158232655745862019e-12,1.8703421911604413764341154185e-12,20.553791663349033139899932972,16.202662156158313733118505380,16.202662323014163342662728595,1.3981161216068349697889818718e-7,1.6494386633784606904003010690e-7,1.1588924605484610265649520014e8,9.8231372179836505076804686771e7,1.0471363520804003986785406528e-12,1.0471363520804003986785406528e-13,9.4242271687236035881068658753e-13,1.3981265929703557737929686572e-7,16.202662323014268056297936635,1.1588837809451357875572509246e8,-16.202662183201608759262359256,False,0.99999998970194858825495697000
boundary,3.0001753328000000000000000000e12,3.0001753328000000000000000000e13,10.000000000000000000000000000,20000.000000000000000000000000,0.50000100000000000000000000000,1.0000000000000000000000000000,5.5586910000000000000000000000,51.032276940149570637600163419,22.163036274065523257818062703,20.000000000000000000000000000,22491,4.9273990011936453541258974596e13,0.023032850249880258685275725514,1.1240708674007085871726349177e-9,4.3471021442178078350737034612e-15,1.9150850494869174114602162395e-13,2.8999759063459829068361722742e-28,1.9276699626120192854767626145e-23,4.3416644575607355575545031981e-28,1.1242667230078207741454061696e-9,0.74390549241274012218043957272,15.290078508268807266971907222,1.9630823115260331168554099452e-12,1.7649987801114652262978404570e-12,20.553791663349033139899932972,15.290078508272535348063544721,15.290078509396802071071365495,9.4204323259537856682517146594e-10,1.1113830292086443143760378142e-9,1.6230760946365309570359955378e10,1.3757703786681032176451096717e10,1.0471363520804003986785406528e-12,1.0471363520804003986785406528e-13,9.4242271687236035881068658753e-13,9.4309036894745896722385000659e-10,15.290078509396906784706573535,1.6212739534665676205191557439e10,-15.290078508453816415759114568,False,0.99999999992647083386021322562
boundary,3.0001753328000000000000000000e12,3.0001753328000000000000000000e13,10.000000000000000000000000000,20000.000000000000000000000000,0.50000100000000000000000000000,1.0000000000000000000000000000,5.5586910000000000000000000000,71.032276940149570637600163419,30.848925912130559810840641081,40.000000000000000000000000000,22491,4.9273990011936453541258974596e13,0.023032850249880258685275725514,5.1032738428047592852840799858e-14,2.7470727391655897493459393241e-19,8.6944726735890876545220756606e-18,1.8131280851299556372056440566e-32,8.7516080907837475359120526319e-28,2.7387275936191151997237856573e-32,5.1041707607995973705797891690e-14,0.66246729512659121111832383356,13.616214767810994051085469626,1.7481761356669282615224527345e-12,1.5717775707904571210508551669e-12,20.553791663349033139899932972,13.616214767814314004791927011,13.616214767814365046499535007,4.2768696593054367007580472449e-14,5.0456711465290102084254925004e-14,3.1836871011929873175649184923e14,2.6985933828012463970849900455e14,1.0471363520804003986785406528e-12,1.0471363520804003986785406528e-13,9.4242271687236035881068658753e-13,1.0899050486734547656861211253e-12,13.616214767814469760134743047,1.2493028438015804309496841380e13,-13.616214767813379855086069593,False,0.99999999999999625140257565216
boundary,3.0001753328000000000000000000e12,3.0001753328000000000000000000e13,10.000000000000000000000000000,20000.000000000000000000000000,0.50000100000000000000000000000,1.0000000000000000000000000000,5.5586910000000000000000000000,111.03227694014957063760016342,48.220705188260632916885797838,80.000000000000000000000000000,22491,4.9273990011936453541258974596e13,0.023032850249880258685275725514,1.0518631367392968931717265855e-22,8.8508038664474281186070151468e-28,1.7920643846361200809832113739e-26,5.7840917396386216995717228246e-41,1.8038408718481512287881973048e-36,8.8093780230938627217419109661e-41,1.0520511939816449924760089714e-22,0.52536096121405877896682908484,10.798159744847923229843133209,1.3863680543353528801104679434e-12,1.2464774962926732473155510318e-12,20.553791663349033139899932972,10.798159744850556075393761235,10.798159744850556075393866441,8.8152853909749615283376029778e-23,1.0399903361301980697823357599e-22,1.2249359227672481146996737465e23,1.0382942388705732182614421503e23,1.0471363520804003986785406528e-12,1.0471363520804003986785406528e-13,9.4242271687236035881068658753e-13,1.0471363521685532525882902681e-12,10.798159744850660789029074481,1.0312085644327363789876986653e13,-10.798159744849613652676905927,False,0.99999999999999999999999025713
boundary,3.0001753328000000000000000000e12,3.0001753328000000000000000000e13,10.000000000000000000000000000,20000.000000000000000000000000,0.50000100000000000000000000000,1.0000000000000000000000000000,5.5586910000000000000000000000,191.03227694014957063760016342,82.964263740520779128976111351,160.00000000000000000000000000,22491,4.9273990011936453541258974596e13,0.023032850249880258685275725514,4.4686872329507504970800541747e-40,6.4696132437071241500975740283e-45,7.6133243542253636262173202476e-44,4.1966304660301661740169208810e-58,7.6633550437849831342618298808e-54,6.4314293826500890501003922854e-58,4.4695132615186867488626745809e-40,0.33040340026099606923550776253,6.7910426538249789520849542363,8.7189713926799503373665898894e-13,7.8391893103779295420101075369e-13,20.553791663349033139899932972,6.7910426538266347681552600242,6.7910426538266347681552600242,3.7450455202358256618069228361e-40,4.4182473699608569410168906863e-40,1.8133404833485181639630138299e40,1.5370444624712806404521064452e40,1.0471363520804003986785406528e-12,1.0471363520804003986785406528e-13,9.4242271687236035881068658753e-13,1.0471363520804003986785406532e-12,6.7910426538267394817904680643,6.4853470518281796726839105728e12,-6.7910426538256923454383876639,False,1.0000000000000000000000000000
boundary,3.0001753328000000000000000000e12,3.0001753328000000000000000000e13,10.000000000000000000000000000,20000.000000000000000000000000,0.50000100000000000000000000000,1.0000000000000000000000000000,5.5586910000000000000000000000,351.03227694014957063760016342,152.45138084504107155315673838,320.00000000000000000000000000,22491,4.9273990011936453541258974596e13,0.023032850249880258685275725514,8.0653163542382501243999420317e-75,2.1458275209264113842934283215e-79,1.3740919026840946772153239154e-78,1.3853560457282678693099634764e-92,1.3831216986327489164474570351e-88,2.1315045465846046867487339470e-92,8.0669050288931652075540558965e-75,0.13068264878871968491581072380,2.6860239372173013676348290478,3.4485670408005052432148045971e-13,3.1005916483521731424665100951e-13,20.553791663349033139899932972,2.6860239372179562835037443156,2.6860239372179562835037443156,6.7592506047418848166093525458e-75,7.9742798975182081472959781436e-75,3.9738487212378292233013655689e74,3.3683592396272833805250238447e74,1.0471363520804003986785406528e-12,1.0471363520804003986785406528e-13,9.4242271687236035881068658753e-13,1.0471363520804003986785406528e-12,2.6860239372180609971389523557,2.5651138286638575437963024600e12,-2.6860239372170138607868719553,False,1.0000000000000000000000000000
boundary,3.0001753328000000000000000000e12,3.0001753328000000000000000000e13,10.000000000000000000000000000,20000.000000000000000000000000,0.50000100000000000000000000000,1.0000000000000000000000000000,5.5586910000000000000000000000,671.03227694014957063760016342,291.42561505408165640151799243,640.00000000000000000000000000,22491,4.9273990011936453541258974596e13,0.023032850249880258685275725514,2.6272675532556874007398753230e-144,1.3364218230081368820214546934e-148,4.4760886151926517161181070815e-148,8.6046908714994326348471143678e-162,4.5055030719435668359043676258e-158,1.3269134577642705014344405911e-161,2.6278488042995525565042341640e-144,0.020443948084914757269612981078,0.42020064971355891461531688603,5.3949262739124467139009818179e-14,4.8505547812942462526982315438e-14,20.553791663349033139899932972,0.42020064971366136942586895296,0.42020064971366136942586895296,2.2018181331263442828486465459e-144,2.5976125318778530932001791615e-144,1.9084257840906313433462366438e143,1.6176417558699257272633268468e143,1.0471363520804003986785406528e-12,1.0471363520804003986785406528e-13,9.4242271687236035881068658753e-13,1.0471363520804003986785406528e-12,0.42020064971376608306107699300,4.0128551442124183624721097906e11,-0.42020064971271894670899659260,False,1.0000000000000000000000000000
boundary,3.0001753328000000000000000000e12,3.0001753328000000000000000000e14,100.00000000000000000000000000,20000.000000000000000000000000,0.50000100000000000000000000000,1.0000000000000000000000000000,5.5586910000000000000000000000,33.335862033143616321618154874,14.477580930482389956623135454,0.0010000000000000000000000000210,22491,4.9273990011936453537098274264e14,0.023032850249880258685275725514,9.1090976442825109831893035511e-6,4.1161750118215629264071614395e-11,1.3332627258593603014155928302e-9,1.4909512281930765037099161289e-24,1.4478707110347939703406639544e-20,2.3395639108606527865851714952e-25,9.1104720687585030395520011827e-6,0.83535051346445828056907762137,35.749017279800474451144127040,2.4432015681440155697202640999e-12,2.3405661842774497746582787359e-13,42.795229910784232448791820042,35.749017279803151709330698800,35.749026390275220467833738352,6.5584091343421444857817936268e-6,9.0136467716549146700373235058e-6,5.4508685960259331138858953186e6,3.9661002140326454173656224636e6,1.0471363520804003986785406528e-12,1.0471363520804003986785406528e-14,1.0366649885595963946917552463e-12,6.5584101814784965661821923054e-6,35.749026390275230939197259156,5.4508677257231480029207701690e6,-35.749019831865049460700692974,False,0.99999974515468003803265559740
boundary,3.0001753328000000000000000000e12,3.0001753328000000000000000000e14,100.00000000000000000000000000,20000.000000000000000000000000,0.50000100000000000000000000000,1.0000000000000000000000000000,5.5586910000000000000000000000,33.344862033143616321618154874,14.481489580819519223071995614,0.010000000000000000000000000008,22491,4.9273990011936453537098274264e14,0.023032850249880258685275725514,9.0681987963079650759416974070e-6,4.0988001499526889452551124279e-11,1.3272765226519244140257580593e-9,1.4846350660438459224478551697e-24,1.4413699305612661816809147853e-20,2.3296822384235387539130060726e-25,9.0695670608321309426620846188e-6,0.83530994117534269933610966390,35.747280979359766473642569520,2.4430829038482587227639992188e-12,2.3404525048980850334950846359e-13,42.795229910784232448791820042,35.747280979362443601796907587,35.747290048929504433927850249,6.5289625976362071152340483585e-6,8.9731764876151383188545652972e-6,5.4751868331841435441784813047e6,3.9837943785311975952062762123e6,1.0471363520804003986785406528e-12,1.0471363520804003986785406528e-14,1.0366649885595963946917552463e-12,6.5289636447725591956344470370e-6,35.747290048929514905291371053,5.4751859550559337818092983034e6,-35.747283519965870132732175419,False,0.99999974628658428602394073682
boundary,3.0001753328000000000000000000e12,3.0001753328000000000000000000e14,100.00000000000000000000000000,20000.000000000000000000000000,0.50000100000000000000000000000,1.0000000000000000000000000000,5.5586910000000000000000000000,33.434862033143616321618154873,14.520576084190811887560597217,0.099999999999999999999999999980,22491,4.9273990011936453537098274264e14,0.023032850249880258685275725514,8.6691752140323622868242125853e-6,3.9290189359045131870986768933e-11,1.2688730133514331272141132122e-9,1.4229214865358355259041299264e-24,1.3779460240065205409807050607e-20,2.2331234701809321390381246165e-25,8.6704833772350865461897715840e-6,0.83490432664935032007010767138,35.729922612464770135948144467,2.4418965778330192089952899456e-12,2.3393160147324751904538571017e-13,42.795229910784232448791820042,35.729922612467445964127450734,35.729931282950823199213996924,6.2416718023227086895461624958e-6,8.5783341262040524277432726924e-6,5.7244168573001019409861497791e6,4.1651363490036336940086745145e6,1.0471363520804003986785406528e-12,1.0471363520804003986785406528e-14,1.0366649885595963946917552463e-12,6.2416728494590607699465611744e-6,35.729931282950833670577517728,5.7244158969413776305777788340e6,-35.729925041277984211516747781,False,0.99999975733277210716710730728
boundary,3.0001753328000000000000000000e12,3.0001753328000000000000000000e14,100.00000000000000000000000000,20000.000000000000000000000000,0.50000100000000000000000000000,1.0000000000000000000000000000,5.5586910000000000000000000000,33.834862033143616321618154874,14.694293876952112618621048784,0.50000000000000000000000000000,22491,4.9273990011936453537098274264e14,0.023032850249880258685275725514,7.0977203515496905377859691381e-6,3.2552937685077598766855511489e-11,1.0388653577815469738704223522e-9,1.1781405897611771545413674674e-24,1.1281667859356694315259760591e-20,1.8499890870169202280887861435e-25,7.0987917698451684453896052711e-6,0.83310397707459051540325185190,35.652876238493147439681391911,2.4366309835305531285330363756e-12,2.3342716204732498122977069693e-13,42.795229910784232448791820042,35.652876238495817497826969789,35.652883337287587342995415178,5.1102486551812756027446239611e-6,7.0233459593015953152708568734e-6,6.9767413961626245643447395235e6,5.0763387627331013772473135211e6,1.0471363520804003986785406528e-12,1.0471363520804003986785406528e-14,1.0366649885595963946917552463e-12,5.1102497023176276831450226397e-6,35.652883337287597814358935982,6.9767399665652565137361130932e6,-35.652878227037895496731252837,False,0.99999980089150987626032396744
boundary,3.0001753328000000000000000000e12,3.0001753328000000000000000000e14,100.00000000000000000000000000,20000.000000000000000000000000,0.50000100000000000000000000000,1.0000000000000000000000000000,5.5586910000000000000000000000,34.334862033143616321618154874,14.911441117903738532446613244,1.0000000000000000000000000000,22491,4.9273990011936453537098274264e14,0.023032850249880258685275725514,5.5277101678087460407788730930e-6,2.5726906707176632295835447525e-11,8.0906915414602397019842850006e-10,9.3033934027467308694873083359e-25,8.7861717632184934160990872405e-21,1.4618611578916011229381343983e-25,5.5285449638696080286296560315e-6,0.83085899845670664299750366180,35.556801862396019692365714621,2.4300649550296356753697597659e-12,2.3279814213858597945568031260e-13,42.795229910784232448791820042,35.556801862398682555462882843,35.556807390943646425070911472,3.9798656543447710782795876176e-6,5.4697873328854696575462545797e-6,8.9341727784521346666310937113e6,6.5005831537853247721181545155e6,1.0471363520804003986785406528e-12,1.0471363520804003986785406528e-14,1.0366649885595963946917552463e-12,3.9798667014811231586799862961e-6,35.556807390943656896434432276,8.9341704277962501036106374830e6,-35.556803411076955415311273596,False,0.99999984451514718169736939605
boundary,3.0001753328000000000000000000e12,3.0001753328000000000000000000e14,100.00000000000000000000000000,20000.000000000000000000000000,0.50000100000000000000000000000,1.0000000000000000000000000000,5.5586910000000000000000000000,35.334862033143616321618154874,15.345735599806990360097742163,2.0000000000000000000000000000,22491,4.9273990011936453537098274264e14,0.023032850249880258685275725514,3.3527256947812703436523306996e-6,1.6058635521479558117855661129e-11,4.9072524781733022212556048168e-10,5.7980959502842636144203556188e-25,5.3290825558934244366471674783e-21,9.1224492141341690021237722164e-26,3.3532324786646144831861640964e-6,0.82638717365845288518548286449,35.365429092034018142149953382,2.4169859310948239944964079398e-12,2.3154518284352338082048316952e-13,42.795229910784232448791820042,35.365429092036666673263891729,35.365432445269145337878374915,2.4139105408973855020519489310e-6,3.3175937195028295563349018703e-6,1.4650680647064011299279576911e7,1.0659964852648974990561598429e7,1.0471363520804003986785406528e-12,1.0471363520804003986785406528e-14,1.0366649885595963946917552463e-12,2.4139115880337375824523476096e-6,35.365432445269155809241895719,1.4650674291711000923925638991e7,-35.365430031357567775504313267,False,0.99999990518333166563107131968
boundary,3.0001753328000000000000000000e12,3.0001753328000000000000000000e14,100.00000000000000000000000000,20000.000000000000000000000000,0.50000100000000000000000000000,1.0000000000000000000000000000,5.5586910000000000000000000000,38.334862033143616321618154874,16.648619045516745843051128919,5.0000000000000000000000000000,22491,4.9273990011936453537098274264e14,0.023032850249880258685275725514,7.4809422121030051811899740288e-7,3.8873896530859778997828619130e-12,1.0949560313435880782247984095e-10,1.3976883760208953265193618239e-25,1.1890790441407035496395823949e-21,2.2067327431849198976262736256e-26,7.4820760420308915214559997132e-7,0.81311559054720346380428672502,34.797468641508060575449567632,2.3781697070708738198322552731e-12,2.2782662181538800469427258508e-13,42.795229910784232448791820042,34.797468641510666571778453894,34.797469389718270774867606040,5.3861624557441649930017315500e-7,7.4025521794009134761366633281e-7,6.4605309764854780612004062476e7,4.7007394944880240558071331052e7,1.0471363520804003986785406528e-12,1.0471363520804003986785406528e-14,1.0366649885595963946917552463e-12,5.3861729271076857970057183354e-7,34.797469389718281246231126844,6.4605184164415846969122930799e7,-34.797468851100988535462547143,False,0.99999997849821790707100518399
boundary,3.0001753328000000000000000000e12,3.0001753328000000000000000000e14,100.00000000000000000000000000,20000.000000000000000000000000,0.50000100000000000000000000000,1.0000000000000000000000000000,5.5586910000000000000000000000,43.334862033143616321618154874,18.820091455033004981306773514,10.000000000000000000000000000,22491,4.9273990011936453537098274264e14,0.023032850249880258685275725514,6.1407313118594158895590222118e-8,3.6071688258401843841277361204e-13,8.9879464326068113432779698572e-12,1.2895166656967601574896095049e-26,9.7605551701996545591477770872e-23,2.0456669556355396149580333949e-27,6.1416661781909447345864448471e-8,0.79146823384164604051674529885,33.871065034333043290329234082,2.3148563374174043564182013044e-12,2.2176125520971162718901781456e-13,42.795229910784232448791820042,33.871065034335579907921861198,33.871065095752241689831308544,4.4212313776785513868835149728e-8,6.0763848545946300979464965533e-8,7.6610026036540221876299356176e8,5.5742132709288144615871374286e8,1.0471363520804003986785406528e-12,1.0471363520804003986785406528e-14,1.0366649885595963946917552463e-12,4.4213360913137594269233828269e-8,33.871065095752252161194829348,7.6608211627014711158774680131e8,-33.871065051538891248057235079,False,0.99999999818675138770254705669
boundary,3.0001753328000000000000000000e12,3.0001753328000000000000000000e14,100.00000000000000000000000000,20000.000000000000000000000000,0.50000100000000000000000000000,1.0000000000000000000000000000,5.5586910000000000000000000000,53.334862033143616321618154874,23.163036274065523257818062703,20.000000000000000000000000000,22491,4.9273990011936453537098274264e14,0.023032850249880258685275725514,4.1375922114933314879393826250e-10,2.9913690005560370177281990423e-15,6.0560306693523993923714188853e-14,1.0605307315962087424086386214e-28,6.5766103418454902979599368562e-25,1.6940622465200841121030137308e-29,4.1382277282502788660890758506e-10,0.74988711262778743241447458552,32.091591392037909879338925069,2.1932414477185209118516866449e-12,2.1011065289980594382137287094e-13,42.795229910784232448791820042,32.091591392040313231439543396,32.091591392454136004264571282,2.9790022693491700713325449928e-10,4.0942359096304270201539132810e-10,1.0772597162024070779505624720e11,7.8382369997216248853113944251e10,1.0471363520804003986785406528e-12,1.0471363520804003986785406528e-14,1.0366649885595963946917552463e-12,2.9894736328699740753193303994e-10,32.091591392454146475628092086,1.0734863502256538226115797893e11,-32.091591392155199112341094679,False,0.99999999998710494696993019165
boundary,3.0001753328000000000000000000e12,3.0001753328000000000000000000e14,100.00000000000000000000000000,20000.000000000000000000000000,0.50000100000000000000000000000,1.0000000000000000000000000000,5.5586910000000000000000000000,73.334862033143616321618154874,31.848925912130559810840641081,40.000000000000000000000000000,22491,4.9273990011936453537098274264e14,0.023032850249880258685275725514,1.8784639578760161662122495788e-14,1.8673632862418278923094714384e-19,2.7494336702805305420945872069e-18,6.5551095148166480018381241262e-33,2.9857764759501674860706441322e-29,1.0557649726529122555072993502e-33,1.8787575748759096240829455311e-14,0.67316370540983747952768519359,28.808195540607265075980019583,1.9688437298661302117066848112e-12,1.8861354365256029502471801379e-13,42.795229910784232448791820042,28.808195540609422533253538274,28.808195540609441320829287033,1.3524649379073530051631462718e-14,1.8587802272826466266091285946e-14,2.1300511926899852644714638021e15,1.5498440922585120266808030799e15,1.0471363520804003986785406528e-12,1.0471363520804003986785406528e-14,1.0366649885595963946917552463e-12,1.0606610014594739287301721155e-12,28.808195540609451792192807837,2.7160605981524026502007450375e13,-28.808195540608391131191348363,False,0.99999999999999934783920352543
boundary,3.0001753328000000000000000000e12,3.0001753328000000000000000000e14,100.00000000000000000000000000,20000.000000000000000000000000,0.50000100000000000000000000000,1.0000000000000000000000000000,5.5586910000000000000000000000,113.33486203314361632161815487,49.220705188260632916885797838,80.000000000000000000000000000,22491,4.9273990011936453537098274264e14,0.023032850249880258685275725514,3.8718027913964212211973416149e-23,5.9484101357486378982623955020e-28,5.6670051691532549414945348477e-27,2.0685384925592671468885576119e-41,6.1541439991965192515056479782e-38,3.3578376875896189237603161001e-42,3.8724289760147001896187951502e-23,0.54246321929480274599888884620,23.214838187863510273462130714,1.5865758944049571212109229767e-12,1.5199261230234686627858495144e-13,42.795229910784232448791820042,23.214838187865248841968838018,23.214838187865248841968876742,2.7876380059888798325933427965e-23,3.8312315987807929313246014798e-23,8.3277807728231465209434410450e23,6.0593669657696683954928378624e23,1.0471363520804003986785406528e-12,1.0471363520804003986785406528e-14,1.0366649885595963946917552463e-12,1.0471363521082767787384294511e-12,23.214838187865259313332397546,2.2169833127390826364062659924e13,-23.214838187864212176980289270,False,0.99999999999999999999999833192
boundary,3.0001753328000000000000000000e12,3.0001753328000000000000000000e14,100.00000000000000000000000000,20000.000000000000000000000000,0.50000100000000000000000000000,1.0000000000000000000000000000,5.5586910000000000000000000000,193.33486203314361632161815487,83.964263740520779128976111351,160.00000000000000000000000000,22491,4.9273990011936453537098274264e14,0.023032850249880258685275725514,1.6448789864478838572902231707e-40,4.3110757469294368960908893862e-45,2.4075445525131661721597061006e-44,1.4884041277531086797735985491e-58,2.6144983846663729809160586865e-55,2.4306819870207310132177438797e-59,1.6451628516606070845062570430e-40,0.35226500909474014149427297908,15.075262053732773985261294246,1.0302913672167789323258287518e-12,9.8701030872882454786504501920e-14,42.795229910784232448791820042,15.075262053733902977659383908,15.075262053733902977659383908,1.1842873784955417684989504400e-40,1.6276429065687979434828902823e-40,1.2729395185216569939374242025e41,9.2620205530915665936399435384e40,1.0471363520804003986785406528e-12,1.0471363520804003986785406528e-14,1.0366649885595963946917552463e-12,1.0471363520804003986785406529e-12,15.075262053733913449022904712,1.4396656198386298168583457681e13,-15.075262053732866312670824311,False,1.0000000000000000000000000000
boundary,3.0001753328000000000000000000e12,3.0001753328000000000000000000e14,100.00000000000000000000000000,20000.000000000000000000000000,0.50000100000000000000000000000,1.0000000000000000000000000000,5.5586910000000000000000000000,353.33486203314361632161815487,153.45138084504107155315673838,320.00000000000000000000000000,22491,4.9273990011936453537098274264e14,0.023032850249880258685275725514,2.9687621215282230348056061275e-75,1.4221262839238535111906661845e-79,4.3452601269030569942959706794e-79,4.8871438107536971885642685208e-93,4.7187810380846994092481760133e-90,8.0121507301486717706852361349e-94,2.9693388601693104503255517596e-75,0.14854838173131765050137655374,6.3571621490662030712034855698,4.3446868511041249553839438609e-13,4.1621728053711582397945139848e-14,42.795229910784232448791820042,6.3571621490666791616166496939,6.3571621490666791616166496939,2.1374627186854870523496508292e-75,2.9376535588374403875373158868e-75,2.9741628209432605674483308821e75,2.1640271807893132784091084551e75,1.0471363520804003986785406528e-12,1.0471363520804003986785406528e-14,1.0366649885595963946917552463e-12,1.0471363520804003986785406528e-12,6.3571621490666896329801704979,6.0709974746236094911582429763e12,-6.3571621490656424966280900975,False,1.0000000000000000000000000000
boundary,3.0001753328000000000000000000e12,3.0001753328000000000000000000e14,100.00000000000000000000000000,20000.000000000000000000000000,0.50000100000000000000000000000,1.0000000000000000000000000000,5.5586910000000000000000000000,673.33486203314361632161815487,292.42561505408165640151799243,640.00000000000000000000000000,22491,4.9273990011936453537098274264e14,0.023032850249880258685275725514,9.6707085657302581134171168681e-145,8.8294807272742700063440542461e-149,1.4154635032845306701615905504e-148,3.0261389094425897378920295753e-162,1.5371375117559210968265539184e-159,4.9722803253548485708372678470e-163,9.6730069773062854776966998430e-145,0.026415860495153824975737613788,1.1304728231812258940542731249,7.7260109074415902541616915957e-14,7.4014523013970968929113059005e-15,42.795229910784232448791820042,1.1304728231813105556156489379,1.1304728231813105556156489379,6.9627602941390851495598608407e-145,9.5693727795115748896352838077e-145,1.6235986525816318867427873235e144,1.1813447435151652638289906099e144,1.0471363520804003986785406528e-12,1.0471363520804003986785406528e-14,1.0366649885595963946917552463e-12,1.0471363520804003986785406528e-12,1.1304728231813210269791697420,1.0795851189153654298986218766e12,-1.1304728231802738906270893416,False,1.0000000000000000000000000000
random,3.0001753328000000000000000000e12,3.0001783329753328000000000000e12,1.0000010000000000000000000000,20000.000000000000000000000000,0.50000100000000000000000000000,1.0000000000000000000000000000,5.5586910000000000000000000000,28.812278953336585793812240167,12.513013760491279369031086765,0.082586106181560839896735119508,22491,4.9274039285926465893782117509e12,0.023032850249880258685275725514,0.000063742180567112801503290174556,6.8315638330625133825779166938e-17,1.2799686203638534254053919060e-8,1.2175514226553223673052104702e-29,1.1867632190637740734896872008e-17,1.7290587510138021724563333548e-28,0.000063754980253396623308065676432,0.83492314243376517233618048848,7.1469318061275732938967793633e-6,2.3821560040978823939587136398e-18,2.0804842565189318041151459384e-17,8.5599876718206186274367461895e-6,7.1469318061507602924660665638e-6,0.000070901912059547383600531742995,0.000062962518408261767368618521189,0.000062962523120595867924972387810,1.1260971424269431855402763006,1.1260970581459185094229245397,1.0471363520804003986785406528e-12,1.0471353049450954535830870697e-12,1.0471353049450954535830882462e-18,0.000062962519455398119449018919867,0.000070901913106682688545627196578,1.1260971403297915784233815436,-7.9393936512845690966082767110e-6,False,0.10080026897086171680421519315
random,3.0001753328000000000000000000e12,3.0001753328000000000000000000e14,100.00000000000000000000000000,20000.000000000000000000000000,0.50000100000000000000000000000,1.0000000000000000000000000000,5.5586910000000000000000000000,40.976545791544118980922669925,17.795887724723527218464460419,7.6416837584005026593045150512,22491,4.9273990011936453537098274264e14,0.023032850249880258685275725514,1.9967420334283586573728907247e-7,1.1090873443481965495597002080e-12,2.9225526284676744539389318363e-11,3.9749120098653609347657222114e-26,3.1737768334359456763539921939e-22,6.2924678105522436046713750891e-27,1.9970453795646520810210295299e-7,0.80160573531963215560079407999,34.304901740804341556543257828,2.3445061180889424916399076322e-12,2.2460167881273686244860672672e-13,42.795229910784232448791820042,34.304901740806910664340159507,34.304901940511448620805367609,1.4376233192736769670777178465e-7,1.9758189105301684456082819481e-7,2.3862232533792744630106909754e8,1.7362371499575569458843701738e8,1.0471363520804003986785406528e-12,1.0471363520804003986785406528e-14,1.0366649885595963946917552463e-12,1.4376337906371977710817046320e-7,34.304901940511459092168888413,2.3862058727283120173269819031e8,-34.304901796748080028449111305,False,0.99999999417854222983131396893
random,3.0001753328000000000000000000e12,3.0001783329753328000000000000e12,1.0000010000000000000000000000,20000.000000000000000000000000,0.50000100000000000000000000000,1.0000000000000000000000000000,5.5586910000000000000000000000,230.43567221389840170148838706,100.07694087616256943689761225,201.70597936674337674757288202,22491,4.9274039285926465893782117509e12,0.023032850249880258685275725514,1.0530848342152480508989114080e-48,9.0276030601549581602212634503e-60,2.1146366979984257444645205877e-52,1.5175622738935511728670537198e-72,1.9606520151670684222467928288e-61,2.2624816776756040794921005464e-71,1.0532962978942715617350536674e-48,0.23623384526685922039990255114,2.0221588031445339767979621511e-6,6.7400919231104160117795714399e-19,5.8865393825590284710766553293e-18,8.5599876718206186274367461895e-6,2.0221588031510945253728322212e-6,2.0221588031510945253728322212e-6,1.0402040323977909750947170688e-48,1.0402041102502825419050042780e-48,1.9440020805243216382523151254e42,1.9440019350284481952351305669e42,1.0471363520804003986785406528e-12,1.0471353049450954535830870697e-12,1.0471353049450954535830882462e-18,1.0471363520804003986785406528e-12,2.0221598502863994704682858043e-6,1.9311332724423796772767598606e6,-2.0221588031500473900678871257e-6,False,1.0000000000000000000000000000
random,3.0001753328000000000000000000e12,3.0001753328000000000000000000e14,100.00000000000000000000000000,20000.000000000000000000000000,0.50000100000000000000000000000,1.0000000000000000000000000000,5.5586910000000000000000000000,33.668818407302865473551070467,14.622182046494266331898966087,0.33395637415924915193291559323,22491,4.9273990011936453537098274264e14,0.023032850249880258685275725514,7.7121381297626677843743546050e-6,3.5197314712673519832540787050e-11,1.1287952667348074747008952346e-9,1.2741952561167617920832456870e-24,1.2258271185123010574128319486e-20,2.0003637338620287950602053154e-25,7.7133021223441275251143047936e-6,0.83385084673702458205375277204,35.684838697410400737948823402,2.4388153996541397229429618533e-12,2.3363642724172894286683595829e-13,42.795229910784232448791820042,35.684838697413073189775719271,35.684846410715195533903244385,5.5526199334673799076089612428e-6,7.6313254803590849075120063715e-6,6.4266682824141170884340973496e6,4.6761006987001265141941870213e6,1.0471363520804003986785406528e-12,1.0471363520804003986785406528e-14,1.0366649885595963946917552463e-12,5.5526209806037319880093599213e-6,35.684846410715206005266765189,6.4266670704462924675532123016e6,-35.684840858094225401534777180,False,0.99999978384936749992480749198
random,3.0001753328000000000000000000e12,3.0001753328000000000000000000e14,100.00000000000000000000000000,20000.000000000000000000000000,0.50000100000000000000000000000,1.0000000000000000000000000000,5.5586910000000000000000000000,146.68195883254100926734946623,63.703165315732510929920045632,113.34709679939739294573131135,22491,4.9273990011936453537098274264e14,0.023032850249880258685275725514,2.2216884889619288871243352312e-30,4.4176495787791547856748863085e-35,3.2517978909392375340962697330e-34,1.5301656904829265585458048748e-48,3.5313241967827139542340815978e-45,2.4921057491288127385768953552e-49,2.2220578452468141355291746551e-30,0.45311945497419497200106339973,19.391351252668465697678581966,1.3252666337130551921983714994e-12,1.2695940885370064378973152888e-13,42.795229910784232448791820042,19.391351252669917923721148722,19.391351252669917923721148722,1.5995812811180369181228684668e-30,2.1984082351695890292802406347e-30,1.2122767052585297077949820370e31,8.8206325569800439774759196284e30,1.0471363520804003986785406528e-12,1.0471363520804003986785406528e-14,1.0366649885595963946917552463e-12,1.0471363520804004002781219339e-12,19.391351252669928395084669526,1.8518458665047889490022177794e13,-19.391351252668881258732589125,False,1.0000000000000000000000000000
random,3.0001753328000000000000000000e12,3.0001753328000000000000000000e13,10.000000000000000000000000000,20000.000000000000000000000000,0.50000100000000000000000000000,1.0000000000000000000000000000,5.5586910000000000000000000000,63.106470737515913474226285857,27.406792013692195901803746048,32.074193797366342836626122438,22491,4.9273990011936453541258974596e13,0.023032850249880258685275725514,2.6848240070011727346103493219e-12,1.2839660598000393400497140435e-17,4.5741478277086283312367704990e-16,8.5036039466250963138825157436e-31,4.6042066770785344951516592593e-26,1.2808008650784241661181503129e-30,2.6852942614445876420348055411e-12,0.69361579852878935679586074611,14.256434617364737192861086059,1.8303735070844220975604935413e-12,1.6456808704271731980146802499e-12,20.553791663349033139899932972,14.256434617368213247238597654,14.256434617370898541500042242,2.2500541201228783848842328450e-12,2.6545193228723408744067327380e-12,6.3360407600295125729451114703e12,5.3706275537465764226039646590e12,1.0471363520804003986785406528e-12,1.0471363520804003986785406528e-13,9.4242271687236035881068658753e-13,3.2971904722032787835627734978e-12,14.256434617371003255135250282,4.3238128757070070271052488754e12,-14.256434617367706064663047003,False,0.99999999999981164335028249887
random,3.0001753328000000000000000000e12,3.0001753328000000000000000000e13,10.000000000000000000000000000,20000.000000000000000000000000,0.50000100000000000000000000000,1.0000000000000000000000000000,5.5586910000000000000000000000,31.059794155091970911981861570,13.489097210607316851540933521,0.027517214942400274381698150682,22491,4.9273990011936453541258974596e13,0.023032850249880258685275725514,0.000024420987653586758180457955595,5.7480252455003400714838946424e-11,4.1606156431431339415753534691e-9,3.9275294093133616867453905282e-24,4.1879569805056310094574962589e-19,5.7642932164747320451716776563e-24,0.000024425205749482775123190118976,0.83522177544365756385139547848,17.166974365157241328425115941,2.2040556364989310521706817399e-12,1.9816568499842160766868033015e-12,20.553791663349033139899932972,17.166974365161427040911599088,17.166998790367176523686722278,0.000020466348536862896110961736938,0.000024145338182699214013400194767,838791.48053434609099856470678,710986.05703803287940519182063,1.0471363520804003986785406528e-12,1.0471363520804003986785406528e-13,9.4242271687236035881068658753e-13,0.000020466349583999248191362135617,17.166998790367281237321930318,838791.43761858611317122602392,-17.166978324017697238073738956,False,0.99999857720000754072655421575
random,3.0001753328000000000000000000e12,3.0001783329753328000000000000e12,1.0000010000000000000000000000,20000.000000000000000000000000,0.50000100000000000000000000000,1.0000000000000000000000000000,5.5586910000000000000000000000,28.734310478543380752608538158,12.479152482126177635978807957,0.0046176313883557986930331107212,22491,4.9274039285926465893782117509e12,0.023032850249880258685275725514,0.000066276193223600567383190261829,7.0839244718313418974104540464e-17,1.3308526135854882200996862446e-8,1.2627506125401109390867276318e-29,1.2339419159738283515704139963e-17,1.7929853462875705552915149125e-28,0.000066289501749819600929269502320,0.83533086809136635079175247018,7.1504219327301130130618879013e-6,2.3833193041358334388195831416e-18,2.0815002384321237404637982250e-17,8.5599876718206186274367461895e-6,7.1504219327533113347503449722e-6,0.000073439923682572912264019847292,0.000065465536301772559937422549906,0.000065465541201441234651247308790,1.1218104644257597867933048748,1.1218103804655649936269670363,1.0471363520804003986785406528e-12,1.0471353049450954535830870697e-12,1.0471353049450954535830882462e-18,0.000065465537348908912017822948585,0.000073439924729708217209115300875,1.1218104624773573499584942391,-7.9743873807993051912923522902e-6,False,0.097364234250288122063730300992
random,3.0001753328000000000000000000e12,3.0001783329753328000000000000e12,1.0000010000000000000000000000,20000.000000000000000000000000,0.50000100000000000000000000000,1.0000000000000000000000000000,5.5586910000000000000000000000,29.228495776604106648360658609,12.693774430111664669029403774,0.49880292944908169444515356109,22491,4.9274039285926465893782117509e12,0.023032850249880258685275725514,0.000051766235225620190904037323719,5.6281898764555342315474132595e-17,1.0394868216565781535452250298e-8,1.0021536507833762735777977758e-29,9.6379294540271819040060890671e-18,1.4242593787328916800576915061e-28,0.000051776630093902676513791510941,0.83274995694571366166076691388,7.1283293651413332406498768050e-6,2.3759555928321340904417524925e-18,2.0750690536522257178458385912e-17,8.5599876718206186274367461895e-6,7.1283293651644598867792311963e-6,0.000058904959459067136400570742137,0.000051133056781573973989672074314,0.000051133060608549978587953481072,1.1519937036170660218998055298,1.1519936173978526847336814201,1.0471363520804003986785406528e-12,1.0471353049450954535830870697e-12,1.0471353049450954535830882462e-18,0.000051133057828710326070072472992,0.000058904960506202441345666195720,1.1519937005044186223792570677,-7.7719026774921152755937227281e-6,False,0.12101407811201215815705471377
random,3.0001753328000000000000000000e12,3.0001753328000000000000000000e13,10.000000000000000000000000000,20000.000000000000000000000000,0.50000100000000000000000000000,1.0000000000000000000000000000,5.5586910000000000000000000000,42.953852509223452385847850689,18.654621121241892750553117326,11.921575569073881748247687270,22491,4.9273990011936453541258974596e13,0.023032850249880258685275725514,6.3826535080452134625507211990e-8,2.0776043348254150875297584976e-13,1.0874158083624852204401139086e-11,1.3958117546191387656569148723e-26,1.0945617225780291977624703018e-21,2.0774853677282929528385929092e-26,6.3837616998970336615675915358e-8,0.77957255396697970612590318977,16.023171860698314890842609872,2.0572036459634864953852314506e-12,1.8496228631105266880225146231e-12,20.553791663349033139899932972,16.023171860702221717351683885,16.023171924539838716322020500,5.3490715911523815611679361472e-8,6.3106099409582456320417572470e-8,2.9955052295510357384103137419e8,2.5390845060068428312740971622e8,1.0471363520804003986785406528e-12,1.0471363520804003986785406528e-13,9.4242271687236035881068658753e-13,5.3491763047875896012078040013e-8,16.023171924539943429957228540,2.9954465905711454083062176032e8,-16.023171871048180382081332528,False,0.99999999601591886427919879507
random,3.0001753328000000000000000000e12,3.0031755081328000000000000000e12,1.0010000000000000000000000000,20000.000000000000000000000000,0.50000100000000000000000000000,1.0000000000000000000000000000,5.5586910000000000000000000000,28.972406799096474714029739103,12.582556400303854147595053614,0.24171545160786622728075773955,22491,4.9323264001948390410446204074e12,0.023032850249880258685275725514,0.000058842058314340850026536859336,6.3378787381372567054059621438e-14,1.1814844300186160866902000285e-8,1.1286026246632506514743395841e-26,1.0943978722091461154061103763e-17,1.6016174727755960622511147011e-25,0.000058853873222030767547669867625,0.83409165825564998504077219692,0.0071363317901233117073564972886,2.3774498952002614251734571297e-15,2.0743019077062251253738140761e-14,0.0085558124452062783400959540012,0.0071363317901464321763287598013,0.0071951856633684629438764296689,0.000058118014762714069152020822461,0.000058122362427261422411155795048,123.80301861213218409207379422,123.79375790812090283650940442,1.0471363520804003986785406528e-12,1.0460902618185818168616789738e-12,1.0460902618185818168616789755e-15,0.000058118015809850421232421221140,0.0071951856644145532056950114858,123.80301639952135709896988031,-0.0071370676486047027844625902646,False,0.99182038157518814796105730342
random,3.0001753328000000000000000000e12,3.3001928660800000000000000000e12,1.1000000000000000000000000000,20000.000000000000000000000000,0.50000100000000000000000000000,1.0000000000000000000000000000,5.5586910000000000000000000000,786.48452897684257617688212399,341.56589103692089585711230496,757.65952694988272636325599991,22491,5.4201389013130099272828012080e12,0.023032850249880258685275725514,1.9101266140819296698304215524e-169,5.2998542383042257308851085737e-175,3.8085589702412533979764542351e-173,8.4459118280845826222422876953e-188,3.2215856442092456998453009888e-182,1.1506224780731058301331808183e-186,1.9105127698335142703111869710e-169,0.0073835963133550173324845860589,0.0060345710597635071144102609057,1.9184725676691134441501918072e-15,1.5232878594978447450029414438e-14,0.81729428366305443074024004808,0.0060345710597806584655729084666,0.0060345710597806584655729084666,1.8734558055278789368992426550e-169,1.8868436514878773111500395769e-169,3.2210906934526339331805522642e166,3.1982358766303057855528301964e166,1.0471363520804003986785406528e-12,9.5194213825490945334412786620e-13,9.5194213825490945334412786620e-14,1.0471363520804003986785406528e-12,0.0060345710607326006038278179200,5.7629276729276025758380357923e9,-0.0060345710596854642517474175213,False,1.0000000000000000000000000000
random,3.0001753328000000000000000000e12,3.3001928660800000000000000000e12,1.1000000000000000000000000000,20000.000000000000000000000000,0.50000100000000000000000000000,1.0000000000000000000000000000,5.5586910000000000000000000000,96.560356293702943832573944416,41.935629908967121860871225100,67.735354266743094018947820328,22491,5.4201389013130099272828012080e12,0.023032850249880258685275725514,1.2479371678673222118653507316e-19,4.2496517186590650342275124837e-26,2.4882341620390064146462360042e-23,6.8950332010818778605046848695e-39,2.1047486775157133412393898381e-32,9.2535306161525061655857661274e-38,1.2481864162489084542753737429e-19,0.54736542415786663230372530534,0.44735863223775608298584069438,1.4222141977589785743414652766e-13,1.1292533745655172146043018017e-12,0.81729428366305443074024004808,0.44735863223902755778018210946,0.44735863223902755790500075108,1.2239791408794924032317865695e-19,1.2327257812581954525464698913e-19,3.6549530731183638612286594529e18,3.6290198439950361986706835770e18,1.0471363520804003986785406528e-12,9.5194213825490945334412786620e-13,9.5194213825490945334412786620e-14,1.0471364744783144866277809760e-12,0.44735863223997950004325566053,4.2722094315629152073716962653e11,-0.44735863223893236356877734605,False,0.99999999999999999972098751957
random,3.0001753328000000000000000000e12,3.0001753328000000000000000000e14,100.00000000000000000000000000,20000.000000000000000000000000,0.50000100000000000000000000000,1.0000000000000000000000000000,5.5586910000000000000000000000,40.038410244935520157580436101,17.388460633554121835285126570,6.7035482117919038359622812280,22491,4.9273990011936453537098274264e14,0.023032850249880258685275725514,3.1917987914556627193568163667e-7,1.7322898904757680302170296094e-12,4.6717101114420854743644144752e-11,6.2152075846686040726841487217e-26,5.0732928398956795331438916333e-22,9.8300612183898381360401819671e-27,3.1922832853657167595972162447e-7,0.80567442960552146786092897911,34.479022448205655705641378639,2.3564060811575667482078980262e-12,2.2574168508629745071142888035e-13,42.795229910784232448791820042,34.479022448208237853407622503,34.479022767436566389979298463,2.2980456644906081051539788549e-7,3.1583531098093170325023398963e-7,1.5003628213401622284633396849e8,1.0916772624425838499578673208e8,1.0471363520804003986785406528e-12,1.0471363520804003986785406528e-14,1.0366649885595963946917552463e-12,2.2980561358541289091579656403e-7,34.479022767436576861342819267,1.5003559847602070284163972248e8,-34.479022537630963275929928351,False,0.99999999074137539541682476015
random,3.0001753328000000000000000000e12,3.3001928660800000000000000000e12,1.1000000000000000000000000000,20000.000000000000000000000000,0.50000100000000000000000000000,1.0000000000000000000000000000,5.5586910000000000000000000000,28.828453383452389444089351620,12.520038226238502668789405498,0.0034513564925396304632275321117,22491,5.4201389013130099272828012080e12,0.023032850249880258685275725514,0.000063677874848311790501646306044,6.4737653858763709827069249563e-12,1.2696589831873600009737549945e-8,1.1004414700473461500842936834e-24,1.0739797349175889912745837244e-17,1.4208054890706065794814281744e-23,0.000063690577911919789790684698552,0.83533702817197041291368501192,0.68271617805509487316084745388,2.1704479840095396153857128324e-13,1.7233590510654308716378777428e-12,0.81729428366305443074024004808,0.68271617805703527701031383871,0.68277986863494719680010452341,0.000062455380412353376354697236387,0.000062901690920381660923936235775,10932.282601226404433384033352,10854.714056879353230017942788,1.0471363520804003986785406528e-12,9.5194213825490945334412786620e-13,9.5194213825490945334412786620e-14,0.000062455381459489728435097635065,0.68277986863589913893835943287,10932.282417949346262718688321,-0.68271741325443964920992433523,False,0.99990671872321125451727622394
random,3.0001753328000000000000000000e12,3.0001753328000000000000000000e14,100.00000000000000000000000000,20000.000000000000000000000000,0.50000100000000000000000000000,1.0000000000000000000000000000,5.5586910000000000000000000000,33.391450932450724042046960325,14.501722882706542338574116237,0.056588899307107720428805451099,22491,4.9273990011936453537098274264e14,0.023032850249880258685275725514,8.8594014472475249970552355182e-6,4.0100193500825538849507032249e-11,1.2967156774802556287304105930e-9,1.4523629122030097638968197007e-24,1.4081820586060159554242977233e-20,2.2791900501549754322389031464e-25,8.8607382631185201617236834132e-6,0.83509994842107240497738330885,35.738294291161171082162258773,2.4424687249876936324763666164e-12,2.3398641268080903034168982039e-13,42.795229910784232448791820042,35.738294291163847537299927276,35.738303151902110655820089000,6.3786317421794176704510639378e-6,8.7665670489217209478861505277e-6,5.6028164967697654510566455404e6,4.0766588508894010566369474339e6,1.0471363520804003986785406528e-12,1.0471363520804003986785406528e-14,1.0366649885595963946917552463e-12,6.3786327893157697508514626164e-6,35.738303151902121127183609804,5.6028155769938493395170687628e6,-35.738296773269331811413858952,False,0.99999975206606129404545120460
random,3.0001753328000000000000000000e12,3.0001753328000000000000000000e13,10.000000000000000000000000000,20000.000000000000000000000000,0.50000100000000000000000000000,1.0000000000000000000000000000,5.5586910000000000000000000000,31.039280681973912156792868819,13.480188322427473240643264985,0.0070037418243415191927054001485,22491,4.9273990011936453541258974596e13,0.023032850249880258685275725514,0.000024672756245339649831786230856,5.8034491238749027703719382703e-11,4.2035095815930536048890393839e-9,3.9655581592886567837879917664e-24,4.2311327949427974697554785980e-19,5.8199139490848001201078387134e-24,0.000024677017789412904757483790003,0.83532110549344508269875486949,17.169015974306483579918217397,2.2043177572464314493100647613e-12,1.9818925216098344969575086874e-12,20.553791663349033139899932972,17.169015974310669790197073663,17.169040651328459203101831147,0.000020677346708703543450288483496,0.000024394264961496494354559005230,830330.93622701784177808778173,703814.63341600125743402475001,1.0471363520804003986785406528e-12,1.0471363520804003986785406528e-13,9.4242271687236035881068658753e-13,0.000020677347755839895530688882175,17.169040651328563916737039187,830330.89417764027491563247359,-17.169019973980808076841508498,False,0.99999856270258248217766462171
random,3.0001753328000000000000000000e12,3.0301770861280000000000000000e12,1.0100000000000000000000000000,20000.000000000000000000000000,0.50000100000000000000000000000,1.0000000000000000000000000000,5.5586910000000000000000000000,28.741049637193020436914427128,12.482079261540386720878555811,0.0014074591843274004840398067412,22491,4.9766729912055818488538446896e12,0.023032850249880258685275725514,0.000066102145709259480991397837938,7.0279285856413922617360518339e-13,1.3263757469496937181237757763e-8,1.2465455504580286558781432540e-25,1.2180666056370286575096963143e-17,1.7524761458215793221109907781e-24,0.000066115410169534017160651802857,0.83534766207103583821952956936,0.071163182478718531663730039421,2.3602048427436094025392722544e-14,2.0409072028007600610958444201e-13,0.085189898422071226902157945475,0.071163182478946224432437551521,0.071229297889115758449598203324,0.000065245316217050113438649810531,0.000065293914609068042499297925503,1091.7151148775012281762563966,1090.9025491209162051309647223,1.0471363520804003986785406528e-12,1.0367686654261390085926145077e-12,1.0367686654261390085926145079e-14,0.000065245317264186465519050209210,0.071229297890152527115024342332,1091.7150973722171383805608247,-0.071164052572888340649505292123,False,0.99907179472311439380897460282
random,3.0001753328000000000000000000e12,3.3001928660800000000000000000e12,1.1000000000000000000000000000,20000.000000000000000000000000,0.50000100000000000000000000000,1.0000000000000000000000000000,5.5586910000000000000000000000,28.976795603624919400347704852,12.584462433892709678088243564,0.15179357666506958672158076410,22491,5.4201389013130099272828012080e12,0.023032850249880258685275725514,0.000059125722022589069612671016134,6.0419050839211075651438658499e-12,1.1788946204979885188952583123e-8,1.0266907036562435480590957141e-24,9.9720393332684769637928476679e-18,1.3259485723112186524899902083e-23,0.000059137517010709105472586978765,0.83456402085269673918821045004,0.68208440359182459360277919573,2.1684394866950918694374216024e-13,1.7217642825884181922597927429e-12,0.81729428366305443074024004808,0.68208440359376320183403712311,0.68214354111077391093950971009,0.000057990620288009821168134398747,0.000058405025308533844877827129334,11762.997838666236143433120574,11679.535065813978346871989919,1.0471363520804003986785406528e-12,9.5194213825490945334412786620e-13,9.5194213825490945334412786620e-14,0.000057990621335146173248534797426,0.68214354111172585307776461954,11762.997626278259939637606838,-0.68208555049039070690451608474,False,0.99991330634471095034494715352
random,3.0001753328000000000000000000e12,6.0003506656000000000000000000e12,2.0000000000000000000000000000,20000.000000000000000000000000,0.50000100000000000000000000000,1.0000000000000000000000000000,5.5586910000000000000000000000,29.426339327206809716754958830,12.779696792418565383985694047,0.0035002994913394537555547444987,22491,9.8547980023872907284248872761e12,0.023032850249880258685275725514,0.000049339666184609041105630921385,3.6034726727014984699392316218e-11,9.4158126086106025525987674967e-9,4.6196952760747880274453123410e-24,4.4775996761925816712529489272e-18,3.2935174998351787540038468664e-23,0.000049349118031948856360399282401,0.83533714379920330458290169533,5.0201742208555337962797546109,1.2052660350948172227902625835e-12,5.2785449514084130320775626888e-12,6.0097581654632577755302152453,5.0201742208620176072662578412,5.0202235699800495561226182405,0.000046317016311802356275919207247,0.000048750992532104882040405319487,108388.31966602330537591193777,102976.84845439792807503309634,1.0471363520804003986785406528e-12,5.2356817604020019933927032641e-13,5.2356817604020019933927032641e-13,0.000046317017358938708356319605926,5.0202235699805731242986584407,108388.31721558861491490786348,-5.0201772529632141855903021211,False,0.99999016993619028306133849212
random,3.0001753328000000000000000000e12,3.0001753328000000000000000000e14,100.00000000000000000000000000,20000.000000000000000000000000,0.50000100000000000000000000000,1.0000000000000000000000000000,5.5586910000000000000000000000,34.313744395114680115979081464,14.902269844236941274891170972,0.97888236197106379436092659024,22491,4.9273990011936453537098274264e14,0.023032850249880258685275725514,5.5863854849270861081465356047e-6,2.5984000094045940734230647037e-11,8.1765722909008417445674785900e-10,9.3966821118509822378847858968e-25,8.8794348683402681614205306299e-21,1.4764783426036588805171780740e-25,5.5872291261562791187839109690e-6,0.83095369327651107412466780698,35.560854348980910302947548393,2.4303419148548972716685956135e-12,2.3282467465272082928812076706e-13,42.795229910784232448791820042,35.560854348983573469537056011,35.560859936212699625816174795,4.0221109733408717118387921276e-6,5.5278478130090430892654362834e-6,8.8413423130080643194198535666e6,6.4330388858616945938202703404e6,1.0471363520804003986785406528e-12,1.0471363520804003986785406528e-14,1.0366649885595963946917552463e-12,4.0221120204772237922391908061e-6,35.560859936212710097179695599,8.8413400112096858725864426708e6,-35.560855914100689619955903360,False,0.99999984288262049403831630238
random,3.0001753328000000000000000000e12,3.0001783329753328000000000000e12,1.0000010000000000000000000000,20000.000000000000000000000000,0.50000100000000000000000000000,1.0000000000000000000000000000,5.5586910000000000000000000000,29.086686016719081820572571374,12.632187233913573266978145629,0.35699316956405686665706632637,22491,4.9274039285926465893782117509e12,0.023032850249880258685275725514,0.000055569972201758981338810420954,6.0124307257017675250551312724e-17,1.1158673898495540643321372573e-8,1.0709057275409613093423804194e-29,1.0346115948137081230079281875e-17,1.5215765738298899045916417846e-28,0.000055581130875727947302659059950,0.83348974967919990974088116367,7.1346619818196574556689095831e-6,2.3780663280750514402675457195e-18,2.0769124893613123715883989765e-17,8.5599876718206186274367461895e-6,7.1346619818428046468905977583e-6,0.000062715792857570751949549657708,0.000054890268368149170429896348950,0.000054890272476327972025899300169,1.1425667012034951030055032917,1.1425666156898313966000607867,1.0471363520804003986785406528e-12,1.0471353049450954535830870697e-12,1.0471353049450954535830882462e-18,0.000054890269415285522510296747629,0.000062715793904706056894645111291,1.1425666984837448785677920561,-7.8255244894205343843483636622e-6,False,0.11376180793960164720531895275
random,3.0001753328000000000000000000e12,3.0001753328000000000000000000e13,10.000000000000000000000000000,20000.000000000000000000000000,0.50000100000000000000000000000,1.0000000000000000000000000000,5.5586910000000000000000000000,31.277121523764051694207404143,13.583481287588155176999317223,0.24484458361448105660724072405,22491,4.9273990011936453541258974596e13,0.023032850249880258685275725514,0.000021906408683942982803571435826,5.1922414510636138510950113080e-11,3.7322055908788459200206427573e-9,3.5462803216964272122623625088e-24,3.7567316468567846937402081708e-19,5.2065602430839531285339602847e-24,0.000021910192811948747967547493663,0.83417016109095412242832869345,17.145359702841592414496303122,2.2012805453678742681328038243e-12,1.9791617776012318873926146376e-12,20.553791663349033139899932972,17.145359702845772856819272229,17.145381613038584805567239776,0.000018358970639366746477279519515,0.000021659142273246104164131103951,933896.67372059036987804359822,791600.21189837117503715777775,1.0471363520804003986785406528e-12,1.0471363520804003986785406528e-13,9.4242271687236035881068658753e-13,0.000018358971686503098557679918193,17.145381613038689519202447816,933896.62045415104391646995421,-17.145363254067003016103890136,False,0.99999872209360477070647061168
random,3.0001753328000000000000000000e12,3.0001753328000000000000000000e14,100.00000000000000000000000000,20000.000000000000000000000000,0.50000100000000000000000000000,1.0000000000000000000000000000,5.5586910000000000000000000000,33.370495706428698493381539927,14.492622143678141212144490170,0.035633673285082171763385053322,22491,4.9273990011936453537098274264e14,0.023032850249880258685275725514,8.9527148241839099777705459082e-6,4.0497125759128830868902702523e-11,1.3103735887412503509019352619e-9,1.4667911935108241787728452749e-24,1.4230140113075816251409427054e-20,2.3017646311255887375729744625e-25,8.9540656948984245887893974786e-6,0.83519439455142344855831166205,35.742336135023727586241299781,2.4427449574554535527047483300e-12,2.3401287551471796263785651185e-13,42.795229910784232448791820042,35.742336135026404344074269953,35.742345089092099242498858742,6.4458159274362332775536385808e-6,8.8589026294172041992538182335e-6,5.5450458858058491532143396942e6,4.0346244432583250354132983717e6,1.0471363520804003986785406528e-12,1.0471363520804003986785406528e-14,1.0366649885595963946917552463e-12,6.4458169745725853579540372593e-6,35.742345089092109713862379546,5.5450449850016324938012396997e6,-35.742338643275135141277021592,False,0.99999974948298236785142127717
random,3.0001753328000000000000000000e12,6.0003506656000000000000000000e12,2.0000000000000000000000000000,20000.000000000000000000000000,0.50000100000000000000000000000,1.0000000000000000000000000000,5.5586910000000000000000000000,31.843872394236093933876973589,13.829618063248027746063430884,2.4210333665206236708775695034,22491,9.8547980023872907284248872761e12,0.023032850249880258685275725514,0.000014731113357204047595892369977,1.1642620959659455335288603024e-11,2.8112351301416291043124685320e-9,1.4853865069658046016299784518e-24,1.3368559923242560128336834635e-18,1.0632311453410003679631442461e-23,0.000014733936234956485752562039951,0.82308050683145466623227580575,4.9465147967575827278094276931,1.1875815488351400751155861549e-12,5.2010945355282985442710676803e-12,6.0097581654632577755302152453,4.9465147967639714038937911317,4.9465295307002063603795436937,0.000013828654922466129342879258913,0.000014555355818168585118320391102,357701.42204243161398455558235,339842.57015041485263953237371,1.0471363520804003986785406528e-12,5.2356817604020019933927032641e-13,5.2356817604020019933927032641e-13,0.000013828655969602481423279657592,4.9465295307007299285555838939,357701.39495652829361475423902,-4.9465157020447603260741606143,False,0.99999702135888535354153666630
random,3.0001753328000000000000000000e12,3.0001753328000000000000000000e13,10.000000000000000000000000000,20000.000000000000000000000000,0.50000100000000000000000000000,1.0000000000000000000000000000,5.5586910000000000000000000000,32.228181468765971569173507268,13.996521373661699146630072152,1.1959045286164009315733438493,22491,4.9273990011936453541258974596e13,0.023032850249880258685275725514,0.000013616050156691302721006051129,3.3254013311697774073507383307e-11,2.3197731428127104783123309016e-9,2.2672076562911075974060338775e-24,2.3350174493149538603300316354e-19,3.3335556974860418181000749423e-24,0.000013618403183847660636604131816,0.82958367911545750180727563199,17.051090107849552354232133142,2.1891773390734449833632528339e-12,1.9682798373893113317517068752e-12,20.553791663349033139899932972,17.051090107853709811408595899,17.051103726256893659069232503,0.000011411120309924153360564575950,0.000013462360343874949560521976878,1.4942532602541833815197886038e6,1.2665760899807392316339322689e6,1.0471363520804003986785406528e-12,1.0471363520804003986785406528e-13,9.4242271687236035881068658753e-13,0.000011411121357060505440964974629,17.051103726256998372704440543,1.4942531231347229574973210582e6,-17.051092315135641312198999578,False,0.99999920131837783164955967766
random,3.0001753328000000000000000000e12,3.0001753628017533280000000000e12,1.0000000100000000000000000000,20000.000000000000000000000000,0.50000100000000000000000000000,1.0000000000000000000000000000,5.5586910000000000000000000000,31.568247702469989677040860997,13.709915780537724017865387930,2.8385558453144647734586886995,22491,4.9273990504676354076693531890e12,0.023032850249880258685275725514,0.000016068519872982639286075587293,1.8882110388091973850298775051e-19,3.2266236493472059750228688299e-9,3.3442138768957270237087301169e-32,2.9916685908234199905483621851e-18,4.7715564116360289279170692792e-31,0.000016071746496635166981745315012,0.82063829936282346783406886505,7.0296365147318215106665910460e-8,2.3416812221437630504218091212e-20,2.0451371493671734806438416705e-19,8.5660595175885730182547688552e-8,7.0296365147546145633824065438e-8,0.000016142042861782713127379139077,0.000015871979022486152139654952542,0.000015871979034365299530748891388,1.0170151333311338246455465562,1.0170151325699639263199652793,1.0471363520804003986785406528e-12,1.0471363416090369825881708269e-12,1.0471363416090369825882799511e-20,0.000015871980069622504220055351221,0.000016142043908919054736416121666,1.0170151322085785391844124912,-2.7006383929655051636077044482e-7,False,0.0043548617575522083832897439040
random,3.0001753328000000000000000000e12,3.0004753503332800000000000000e12,1.0001000000000000000000000000,20000.000000000000000000000000,0.50000100000000000000000000000,1.0000000000000000000000000000,5.5586910000000000000000000000,109.78729059118336215516658387,47.680014486859732322365074804,81.057498749027503893249078743,22491,4.9278917410937647602640683276e12,0.023032850249880258685275725514,1.6631436097612290767072908513e-22,6.7918491567262678535073312571e-32,3.3396346582881924715023609336e-26,1.1524721791740863120720168986e-44,3.0961523354040813286955660358e-35,1.7045634292864560216181625976e-43,1.6634775739065524268624280915e-22,0.50285199299155550133161218891,0.00043041712187963992000740057037,1.4345680816643009821929373639e-16,1.2527730586780730458246725844e-15,0.00085595190608753187263474810401,0.00043041712188103614987424507352,0.00043041712188103615004059283091,1.6427887785996237785227115073e-22,1.6428010732170292620589948130e-22,2.6200393348677498785266210813e18,2.6200197266621462406047706625e18,1.0471363520804003986785406528e-12,1.0470316489155088477937612767e-12,1.0470316489155088477937612794e-16,1.0471363522446792765385030307e-12,0.00043041712292806779895610167870,4.1104209781792993834974987685e8,-0.00043041712188093144671142240216,False,0.99999999999999999961351965585
random,3.0001753328000000000000000000e12,3.0001753328000000000000000000e14,100.00000000000000000000000000,20000.000000000000000000000000,0.50000100000000000000000000000,1.0000000000000000000000000000,5.5586910000000000000000000000,242.72100900622497364348731323,105.41239485339299569193583174,209.38614697308135732186915836,22491,4.9273990011936453537098274264e14,0.023032850249880258685275725514,3.1050485565259917248084334652e-51,1.0217108788583672806463778020e-55,4.5447372111528129602359440036e-55,3.5201204900788222456004823800e-69,4.9354052804084945168911412129e-66,5.7586617107696164864035012785e-70,3.1056052013349977823337887670e-51,0.26984864164429479015426727595,11.548234660279555193599452046,7.8924309472507984764564456232e-13,7.5608812746927539809319910315e-14,42.795229910784232448791820042,11.548234660280420045506924053,11.548234660280420045506924053,2.2355868397653962882456659190e-51,3.0725118985774964409209468539e-51,5.1656390415557725050121555893e51,3.7585646667884318563720595616e51,1.0471363520804003986785406528e-12,1.0471363520804003986785406528e-14,1.0366649885595963946917552463e-12,1.0471363520804003986785406528e-12,11.548234660280430516870444857,1.1028396289878534422591865190e13,-11.548234660279383380518364457,False,1.0000000000000000000000000000
random,3.0001753328000000000000000000e12,3.0001783329753328000000000000e12,1.0000010000000000000000000000,20000.000000000000000000000000,0.50000100000000000000000000000,1.0000000000000000000000000000,5.5586910000000000000000000000,48.859757288571669240741971262,21.219522977558865393704625868,20.130064441416644286826466215,22491,4.9274039285926465893782117509e12,0.023032850249880258685275725514,2.8260009773636102170217722404e-9,5.1362194349592547715310503400e-21,5.6747236130940571592084810981e-13,8.9102016052742178886977359687e-34,5.2614987236626939583851731156e-22,1.2939955270295737191389437496e-32,2.8265684497305819920450324437e-9,0.73642482386763619323273878154,6.3037874135091847174461427538e-6,2.1011261115955745706609698050e-18,1.8350434600486453490936010349e-17,8.5599876718206186274367461895e-6,6.3037874135296362781582247819e-6,6.3066139819793668601502698143e-6,2.7914347607183134789788933151e-9,2.7914349696390101880422402686e-9,2259.2732850960487454734044940,2259.2731160041824071072096332,1.0471363520804003986785406528e-12,1.0471353049450954535830870697e-12,1.0471353049450954535830882462e-18,2.7924818970703938793775718557e-9,6.3066150291146718052457233974e-6,2258.4264684870372159980850590,-6.3038225472176014113663458255e-6,False,0.99955180886957608790867034270
random,3.0001753328000000000000000000e12,6.0003506656000000000000000000e12,2.0000000000000000000000000000,20000.000000000000000000000000,0.50000100000000000000000000000,1.0000000000000000000000000000,5.5586910000000000000000000000,30.083900633861707637817055456,13.065272039411879574750037258,0.66106160614623737481765137052,22491,9.8547980023872907284248872761e12,0.023032850249880258685275725514,0.000035514735403125812600223958967,2.6517443918489522285927650858e-11,6.7775102520765282088456308512e-9,3.3948392647373231498219709800e-24,3.2229802112180911133173083586e-18,2.4230716905162886073698561309e-23,0.000035521539430825030625791864786,0.83198542027074731930061507413,5.0000311730120461326738181882,1.2004300014551503917610177618e-12,5.2573652116578471752117574350e-12,6.0097581654632577755302152453,5.0000311730185039278869311857,5.0000666945579347529175569776,0.000033339029348541529527201736213,0.000035091007586864290800064358189,149976.37280572689691315485634,142488.54730605178959441239815,1.0471363520804003986785406528e-12,5.2356817604020019933927032641e-13,5.2356817604020019933927032641e-13,0.000033339030395677881607602134892,5.0000666945584583210935971778,149976.36809517633542404374146,-5.0000333555280626432119895757,False,0.99999289578687630574568652947
random,3.0001753328000000000000000000e12,3.0001753328000000000000000000e13,10.000000000000000000000000000,20000.000000000000000000000000,0.50000100000000000000000000000,1.0000000000000000000000000000,5.5586910000000000000000000000,233.25823258201196978710756857,101.30276326887310324885398184,202.22595564186239914950740515,22491,4.9273990011936453541258974596e13,0.023032850249880258685275725514,3.0264269449666180157746065072e-49,5.3501745728971440636878290091e-54,5.1561384284179895885538400336e-53,3.4639772559564916414390994167e-67,5.1900218082710278016264919398e-63,5.3169556172023829763228076249e-67,3.0269960605552406951731143529e-49,0.25866260681601756119613904550,5.3164973315938942587987483439,6.8258131344997316999973006898e-13,6.1370589429311743833704652676e-13,20.553791663349033139899932972,5.3164973315951905460064914345,5.3164973315951905460064914345,2.5363392159097526019125080768e-49,2.9922664516281215452257607497e-49,2.0961302408787740189632065718e49,1.7767459608092160933128671005e49,1.0471363520804003986785406528e-12,1.0471363520804003986785406528e-13,9.4242271687236035881068658753e-13,1.0471363520804003986785406528e-12,5.3164973315952952596416994745,5.0771776961354963529244480259e12,-5.3164973315942481232896190741,False,1.0000000000000000000000000000
random,3.0001753328000000000000000000e12,3.0001783329753328000000000000e12,1.0000010000000000000000000000,20000.000000000000000000000000,0.50000100000000000000000000000,1.0000000000000000000000000000,5.5586910000000000000000000000,34.484397562572121791614365069,14.976383573183019782399355162,5.7547047154170968376988600215,22491,4.9274039285926465893782117509e12,0.023032850249880258685275725514,3.7388841605897626634203112780e-6,4.7960255547080693264212063499e-18,7.5078297575521876429364025153e-10,8.4564288791574412689255318084e-31,6.9611208192921174892312565090e-19,1.2116307547470946853552520482e-29,3.7396349435710100198212551613e-6,0.80578924427891841478631963504,6.8975459970908166704880683690e-6,2.2990327956429795257214095714e-18,2.0078876145507843448712929107e-17,8.5599876718206186274367461895e-6,6.8975459971131945794292191920e-6,0.000010637180940684204599250474353,3.6931520179111773466973114131e-6,3.6931522943195331830122967506e-6,2.8802445415449008905625499002,2.8802443259773871003863380406,1.0471363520804003986785406528e-12,1.0471353049450954535830870697e-12,1.0471353049450954535830882462e-18,3.6931530650475294270977100916e-6,0.000010637181987819509544345927936,2.8802440084303988079420745605,-6.9440289227719801172482178447e-6,False,0.64843740419343950025485126897
random,3.0001753328000000000000000000e12,3.0001753328000000000000000000e13,10.000000000000000000000000000,20000.000000000000000000000000,0.50000100000000000000000000000,1.0000000000000000000000000000,5.5586910000000000000000000000,42.144961215316659828855113678,18.303324095838591275046896827,11.112684275167089191254950259,22491,4.9273990011936453541258974596e13,0.023032850249880258685275725514,9.5642249345277585651435082722e-8,3.0546025976617429043684190703e-13,1.6294616926064955141630537496e-11,2.0539478437630738629517671706e-26,1.6401696420250491512819394562e-21,3.0548697463971145533663488249e-26,9.5658849422465057001597351052e-8,0.78323675407868348169756202359,16.098485066407076186050666599,2.0668730549119909963727849401e-12,1.8583165866993467715873375415e-12,20.553791663349033139899932972,16.098485066411001375692277936,16.098485162069850798157334938,8.0154317987319568661036076221e-8,9.4562696961873131463605626055e-8,2.0084364219300867624939705885e8,1.7024139200006765850171019790e8,1.0471363520804003986785406528e-12,1.0471363520804003986785406528e-13,9.4242271687236035881068658753e-13,8.0155365123671649061434754762e-8,16.098485162069955511792542978,2.0084101840508886169325328066e8,-16.098485081914590388120893917,False,0.99999999405789746926935134463
random,3.0001753328000000000000000000e12,3.0001753328000000000000000000e14,100.00000000000000000000000000,20000.000000000000000000000000,0.50000100000000000000000000000,1.0000000000000000000000000000,5.5586910000000000000000000000,33.366927597247105789317917909,14.491072533549747172840260471,0.032065564103489467699763035966,22491,4.9273990011936453537098274264e14,0.023032850249880258685275725514,8.9687012122203787801091161584e-6,4.0565101406855005789319574983e-11,1.3127134533603903172284277331e-9,1.4692621307631758112223800710e-24,1.4255550119551889490098292303e-20,2.3056306004352857914564268563e-25,8.9700544907751602826820786484e-6,0.83521047724148196803749330015,35.743024397442365759730251688,2.4427919954986912202350764435e-12,2.3401738171898748181799752293e-13,42.795229910784232448791820042,35.743024397445042569107469367,35.743033367499533344267752049,6.4573258790711598166202474816e-6,8.8747215019929948430941216145e-6,5.5352686292860463893685345084e6,4.0275104249156129391669497422e6,1.0471363520804003986785406528e-12,1.0471363520804003986785406528e-14,1.0366649885595963946917552463e-12,6.4573269262075118970206461601e-6,35.743033367499543815631272853,5.5352677316729851302118573733e6,-35.743026910172617608119375832,False,0.99999974904048018119632262404
random,3.0001753328000000000000000000e12,6.0003506656000000000000000000e12,2.0000000000000000000000000000,20000.000000000000000000000000,0.50000100000000000000000000000,1.0000000000000000000000000000,5.5586910000000000000000000000,39.858587157078653883652172216,17.310364458779081161802463385,10.435748129363183620652768130,22491,9.8547980023872907284248872761e12,0.023032850249880258685275725514,2.6783194408574655190484540090e-7,2.6495695670813311713277515780e-13,5.1112129268882791222156072533e-11,3.3402005158942718758038698565e-26,2.4305884470828853503999242696e-20,2.4147125347063457782514108995e-25,2.6788332117199644898852877723e-7,0.78371864226822405007717554182,4.7099595097911542069901950543,1.1307882902230603842633966823e-12,4.9523645789944767453306283325e-12,6.0097581654632577755302152453,4.7099595097972373598594125914,4.7099597776805585318558615799,2.5142400592306634228176224115e-7,2.6463642978712269628499228252e-7,1.8733134731461430565527410671e7,1.7797851117736575760641723424e7,1.0471363520804003986785406528e-12,5.2356817604020019933927032641e-13,5.2356817604020019933927032641e-13,2.5142505305941842268216091969e-7,4.7099597776810821000319017801,1.8733056711607786429352761567e7,-4.7099595262560290406134790979,False,0.99999994312407455336766612293
random,3.0001753328000000000000000000e12,3.0301770861280000000000000000e12,1.0100000000000000000000000000,20000.000000000000000000000000,0.50000100000000000000000000000,1.0000000000000000000000000000,5.5586910000000000000000000000,30.684514976480833659881917048,13.326115534163315093860497784,1.9448727984721406234515297264,22491,4.9766729912055818488538446896e12,0.023032850249880258685275725514,0.000025014822226753103187289877284,2.8393979445257360824765984315e-13,5.0193610449132183175338796793e-9,5.0154948945456714672408870370e-26,4.6094902477706865815979802902e-18,7.0752548898241780384709010658e-25,0.000025019841871742420349186470536,0.82524696869074433302873406187,0.070302705435661764249538087032,2.3316661797249954106043278023e-14,2.0162293604973409148312621809e-13,0.085189898422071226902157945475,0.070302705435886703847385071077,0.070327725277758446267734257548,0.000024690575000036314456888137016,0.000024708965933095908949985480578,2848.3632024630859955678090090,2846.2431600004531875144278175,1.0471363520804003986785406528e-12,1.0367686654261390085926145077e-12,1.0367686654261390085926145079e-14,0.000024690576047172666537288535695,0.070327725278795214933160396556,2848.3630817049522499098094847,-0.070303034702748042266623108020,False,0.99964423928439421470352657836
random,3.0001753328000000000000000000e12,3.0001753328000000000000000000e14,100.00000000000000000000000000,20000.000000000000000000000000,0.50000100000000000000000000000,1.0000000000000000000000000000,5.5586910000000000000000000000,48.820936851475557337037600607,21.202663475942951696610135476,15.486074818331941015419445734,22491,4.9273990011936453537098274264e14,0.023032850249880258685275725514,3.9530661767229798520710196734e-9,2.6160759043765292219642055192e-14,5.7859471838994159607191373857e-13,9.3057742041424365203972840683e-28,6.2833103338748060715745633408e-24,1.4823605896001832157180183458e-28,3.9536709322004198433484585834e-9,0.76837892883192990153280348038,32.882952917962092956576425919,2.2473256119341140375765100195e-12,2.1529186952631983267073794756e-13,42.795229910784232448791820042,32.882952917964555574057886353,32.882952921918226506258306196,2.8461463840330858386133862496e-9,3.9116434550816460100184560394e-9,1.1553500236808610073937622425e10,8.4064289855456356057597299577e9,1.0471363520804003986785406528e-12,1.0471363520804003986785406528e-14,1.0366649885595963946917552463e-12,2.8471935203851662390120647902e-9,32.882952921918236977621827000,1.1549251108674149892237702591e10,-32.882952919071043457236660761,False,0.99999999987976533185481985248
random,3.0001753328000000000000000000e12,6.0003506656000000000000000000e12,2.0000000000000000000000000000,20000.000000000000000000000000,0.50000100000000000000000000000,1.0000000000000000000000000000,5.5586910000000000000000000000,29.819483119184731822760637853,12.950436971869096877105610779,0.39664409146926155976123376723,22491,9.8547980023872907284248872761e12,0.023032850249880258685275725514,0.000040534621041506345488165645381,2.9999574926972517686062448721e-11,7.7354880039079927973261099265e-9,3.8427545963875517495566369155e-24,3.6785373733771639841086141598e-18,2.7415175624527675312721258018e-23,0.000040542386529088859022111964938,0.83333159036481401175892969036,5.0081213297269554306430640616,1.2023723227129597909854900305e-12,5.2658717403169879577592441782e-12,6.0097581654632577755302152453,5.0081213297334236747060940093,5.0081618721199527635651161213,0.000038051386422995779081296470322,0.000040051000756519114249864856446,131615.75287814863919808976887,125044.61255702262690591570174,1.0471363520804003986785406528e-12,5.2356817604020019933927032641e-13,5.2356817604020019933927032641e-13,0.000038051387470132131161696869001,5.0081618721204763317411563215,131615.74925622773328781136109,-5.0081238207330061996099946246,False,0.99999190473719414199280562643
random,3.0001753328000000000000000000e12,3.0301770861280000000000000000e12,1.0100000000000000000000000000,20000.000000000000000000000000,0.50000100000000000000000000000,1.0000000000000000000000000000,5.5586910000000000000000000000,126.70036902645960040662825056,55.025271123297087313286124757,97.960726848450907370197863240,22491,4.9766729912055818488538446896e12,0.023032850249880258685275725514,3.5368743075716137285099787690e-26,1.6577839697322181049353718182e-33,7.0969319546844011963048336627e-30,2.7925092177003326503981568188e-46,6.5174109496192847376498163822e-39,4.0979461081764004020157655777e-45,3.5375841665461308833841013774e-26,0.45244332646129184993547884430,0.038543601022858139956128366664,1.2783407180831504584092853586e-14,1.1054018413658564954790501130e-13,0.085189898422071226902157945475,0.038543601022981463547445783818,0.038543601022981463547445819194,3.4910286215587247852604537408e-26,3.4936289366055845896656816410e-26,1.1040757668085792124541816236e24,1.1032540009938916802169726765e24,1.0471363520804003986785406528e-12,1.0367686654261390085926145077e-12,1.0367686654261390085926145079e-14,1.0471363520804353089647562401e-12,0.038543601024018232212871958202,3.6808578889884173171471102244e10,-0.038543601022971095860791522893,False,0.99999999999999999999999908219
random,3.0001753328000000000000000000e12,3.0001753628017533280000000000e12,1.0000000100000000000000000000,20000.000000000000000000000000,0.50000100000000000000000000000,1.0000000000000000000000000000,5.5586910000000000000000000000,28.731271851681155753823531585,12.477832823247350326359393351,0.0015799945256308502413592875678,22491,4.9273990504676354076693531890e12,0.023032850249880258685275725514,0.000066376959177342640822317500697,7.0989770247932503114847189161e-19,1.3328761326267254976308854278e-8,1.2646978146045994239337975912e-31,1.2358192633480205072597489769e-17,1.7957417393163650037496004408e-30,0.000066390287938681976167629771003,0.83534675703379693712296877602,7.1556300385529039289921051914e-8,2.3836516239170625848102378145e-20,2.0817925348349957453756805584e-19,8.5660595175885730182547688552e-8,7.1556300385761055059643722114e-8,0.000066461844239067737222689414725,0.000065565074566114663949467417639,0.000065565074615185871980647267690,1.0136775513318266200287271783,1.0136775505731546854677016004,1.0471363520804003986785406528e-12,1.0471363416090369825881708269e-12,1.0471363416090369825882799511e-20,0.000065565075613251016029867816317,0.000066461845286204078831726397314,1.0136775511133830119888675352,-8.9676967295306280185858099625e-7,False,0.0010766523439880514811914580510
random,3.0001753328000000000000000000e12,3.0001753328000000000000000000e13,10.000000000000000000000000000,20000.000000000000000000000000,0.50000100000000000000000000000,1.0000000000000000000000000000,5.5586910000000000000000000000,97.296885264792721563169177428,42.255500376873292024040286871,66.264608324643150925569014009,22491,4.9273990011936453541258974596e13,0.023032850249880258685275725514,1.0105589224875981211631013604e-19,7.4512962673080844239019410564e-25,1.7216941922503451351396564619e-23,4.8816624272243716261954915373e-38,1.7330082442519876108968060015e-33,7.4194891452331380059401830438e-38,1.0107385432031077950735969051e-19,0.56890392250663276097083002078,11.693132699660541765992782496,1.5012729958591463887798016185e-12,1.3497880301544039320008864521e-12,20.553791663349033139899932972,11.693132699663392827018796046,11.693132699663392827119869900,8.4691296756911167082837402765e-20,9.9915233909155432829517399495e-20,1.3806770172885779874103031864e20,1.1703052920133260757961549102e20,1.0471363520804003986785406528e-12,1.0471363520804003986785406528e-13,9.4242271687236035881068658753e-13,1.0471364367716971555897077357e-12,11.693132699663497540755077940,1.1166770908777862633107063073e13,-11.693132699662450404318306243,False,0.99999999999999999999135613553
random,3.0001753328000000000000000000e12,3.0001753328000000000000000000e13,10.000000000000000000000000000,20000.000000000000000000000000,0.50000100000000000000000000000,1.0000000000000000000000000000,5.5586910000000000000000000000,31.176692898080595003724745897,13.539865689628702743623100159,0.14441595793102436612458247857,22491,4.9273990011936453541258974596e13,0.023032850249880258685275725514,0.000023034510337248515388023733037,5.4420925672548891177476449272e-11,3.9244008227989305831452057176e-9,3.7176472503533784762909292207e-24,3.9501898828911885081466505149e-19,5.4572819119439406021264744718e-24,0.000023038489158997381895661274000,0.83465595540143087738929517097,17.155344617890369497924492294,2.2025625015137334370278408579e-12,1.9803143788041019397835148089e-12,20.553791663349033139899932972,17.155344617894552374804810129,17.155367656383711372186705791,0.000019304391928180645179622955018,0.000022774510591264299897049258628,888676.92493023943797003018324,753270.52968435935637186088665,1.0471363520804003986785406528e-12,1.0471363520804003986785406528e-13,9.4242271687236035881068658753e-13,0.000019304392975316997260023353696,17.155367656383816085821913831,888676.87672536659759195877832,-17.155348351990840768824653807,False,0.99999865706817711805245130620
random,3.0001753328000000000000000000e12,3.0031755081328000000000000000e12,1.0010000000000000000000000000,20000.000000000000000000000000,0.50000100000000000000000000000,1.0000000000000000000000000000,5.5586910000000000000000000000,28.767054632106779297171544688,12.493373087333354324036983210,0.036363284618170810422563324514,22491,4.9323264001948390410446204074e12,0.023032850249880258685275725514,0.000065204791804441029495355023500,6.9734286418693307946622093682e-14,1.3092411871115138701028297175e-8,1.2423490595544629694524503908e-26,1.2127377500529912894963958796e-17,1.7623646188527287286420937785e-25,0.000065217884286058558430438549609,0.83516484104938733560600690298,0.0071455137408259212258320951334,2.3805088375781740086146009333e-15,2.0769708051761055626499290838e-14,0.0085558124452062783400959540012,0.0071455137408490714427214343630,0.0072107316251351300011518729126,0.000064402455679675215262109601087,0.000064407273467661680505023520224,111.96361301810990313248909010,111.95523792441818320857527948,1.0471363520804003986785406528e-12,1.0460902618185818168616789738e-12,1.0460902618185818168616789755e-15,0.000064402456726811567342509999765,0.0072107316261812202629704547295,111.96361121390731606979475586,-0.0071463291694544086956279447297,False,0.99095544146190070314470107468
random,3.0001753328000000000000000000e12,3.0001753328000000000000000000e13,10.000000000000000000000000000,20000.000000000000000000000000,0.50000100000000000000000000000,1.0000000000000000000000000000,5.5586910000000000000000000000,31.663142247453693566845735805,13.751127957786866523336530032,0.63086530730412292924557238594,22491,4.9273990011936453541258974596e13,0.023032850249880258685275725514,0.000018061251929176049340868554010,4.3337001910088307416189122956e-11,3.0771043488178557746300148150e-9,2.9577312556163923133026278232e-24,3.0973254303395986200467729464e-19,4.3451042511985911152557704792e-24,0.000018064372370527087024796469680,0.83230552858461868965504563195,17.107034434777674927743443153,2.1963599914426551867678704022e-12,1.9747377289383242603922793527e-12,20.553791663349033139899932972,17.107034434781846025463824132,17.107052499154216552550848929,0.000015136483513201133415183310015,0.000017857387343170544302850802947,1.1301867097621763346099047161e6,957981.82401507412999785640111,1.0471363520804003986785406528e-12,1.0471363520804003986785406528e-13,9.4242271687236035881068658753e-13,0.000015136484560337485495583708694,17.107052499154321266186056969,1.1301866315762885216939996564e6,-17.107037362669760928700561385,False,0.99999894403946141977403942104
random,3.0001753328000000000000000000e12,3.0001753328000000000000000000e13,10.000000000000000000000000000,20000.000000000000000000000000,0.50000100000000000000000000000,1.0000000000000000000000000000,5.5586910000000000000000000000,101.46194801978436696623791543,44.064364148146919369429910139,70.429671079634796328637752014,22491,4.9273990011936453541258974596e13,0.023032850249880258685275725514,1.2593016003953975006900949828e-20,9.6828924720812802014518973372e-26,2.1454783124918960595103173931e-24,6.3384313172231979656336574016e-39,2.1595772467307355305528644613e-34,9.6402362532327985048846590395e-39,1.2595258311191403689465815309e-20,0.55533198868589334757783395051,11.414177999440371235547267181,1.4654582001782008435134614700e-12,1.3175871029107212259101768646e-12,20.553791663349033139899932972,11.414177999443154280850356103,11.414177999443154280862951361,1.0553752302043390686743069974e-20,1.2450873587455170604948241455e-20,1.0815279412264745078684826624e21,9.1673712043333771028003933691e20,1.0471363520804003986785406528e-12,1.0471363520804003986785406528e-13,9.4242271687236035881068658753e-13,1.0471363626341527007219313396e-12,11.414177999443258994498159401,1.0900374016933199931014145538e13,-11.414177999442211858135525248,False,0.99999999999999999999889652515
random,3.0001753328000000000000000000e12,3.0001753328000000000000000000e14,100.00000000000000000000000000,20000.000000000000000000000000,0.50000100000000000000000000000,1.0000000000000000000000000000,5.5586910000000000000000000000,42.959519022047273322342047417,18.657082056492912196669323274,9.6246569889036570007238925439,22491,4.9273990011936453537098274264e14,0.023032850249880258685275725514,7.4084063357713326503519467961e-8,4.3141285208382897350123844651e-13,1.0843392409679503159940822411e-11,1.5428401601716252844950945253e-26,1.1775496287209676665572520617e-22,2.4467517182236195739547690822e-27,7.4095338162975207608490935438e-8,0.79307306947532671855702951613,33.939744344245421867345837000,2.3195500999441797133453261211e-12,2.2221091364110927354939127315e-13,42.795229910784232448791820042,33.939744344247963628359422289,33.939744418343301791334629898,5.3339377489204602896578238661e-8,7.3307763797489558985039238253e-8,6.3629809750240134373568253279e8,4.6297612504046366838683752145e8,1.0471363520804003986785406528e-12,1.0471363520804003986785406528e-14,1.0366649885595963946917552463e-12,5.3340424625556683296976917202e-8,33.939744418343312262698150702,6.3628560620947817761423570537e8,-33.939744365002887637141467405,False,0.99999999781685633074687667861
random,3.0001753328000000000000000000e12,3.0001753628017533280000000000e12,1.0000000100000000000000000000,20000.000000000000000000000000,0.50000100000000000000000000000,1.0000000000000000000000000000,5.5586910000000000000000000000,126.09797987822584009392974754,54.763656840260765212504979856,97.368288021070315190347575240,22491,4.9273990504676354076693531890e12,0.023032850249880258685275725514,4.7764511930326266447587694142e-26,2.2421165428840986488516659180e-39,9.5913067919248300434483918816e-30,3.7936535823545943719643751728e-52,8.8928906475219318836590697678e-39,5.6224226842981887132839157546e-51,4.7774103237129326284821554566e-26,0.45402844258454640149415144650,3.8892346618446601278811041295e-8,1.2955645369524104450197389367e-20,1.1314978054520980441887223590e-19,8.5660595175885730182547688552e-8,3.8892346618572706704725775204e-8,3.8892346618572706752499878441e-8,4.7180284019321206944617315336e-26,4.7180284054632591052747335870e-26,8.2433472852019213939293609941e17,8.2433472790323103337794467397e17,1.0471363520804003986785406528e-12,1.0471363416090369825881708269e-12,1.0471363416090369825882799511e-20,1.0471363520804475789625599740e-12,3.8893393754914315789482466612e-8,37142.625864951617554324910788,-3.8892346618562235341903504052e-8,False,0.99999999999999999877163227754
random,3.0001753328000000000000000000e12,3.3001928660800000000000000000e12,1.1000000000000000000000000000,20000.000000000000000000000000,0.50000100000000000000000000000,1.0000000000000000000000000000,5.5586910000000000000000000000,29.382102425814216779116507446,12.760484950247263994857255096,0.55710039885436696549038335835,22491,5.4201389013130099272828012080e12,0.023032850249880258685275725514,0.000048279770729064607764894674497,5.0025937847314525714484336679e-12,9.6263961004358445011842859243e-9,8.4932519058975645787442496607e-25,8.1427804387315308727477118524e-18,1.0976940090589821525869801142e-23,0.000048289402127766971133113427043,0.83245562319603587254524953969,0.68036122223935198561322118325,2.1629612578017739472312812615e-13,1.7174145099070812204968277904e-12,0.81729428366305443074024004808,0.68036122224128569624890844187,0.68040951164341346322004155529,0.000047352890690648970238151390556,0.000047691277752919927859895043394,14368.911838739711522394459115,14266.959152751049361723993277,1.0471363520804003986785406528e-12,9.5194213825490945334412786620e-13,9.5194213825490945334412786620e-14,0.000047352891737785322318551789235,0.68040951164436540535829646475,14368.911521013434796634639110,-0.68036215875262762003597791296,False,0.99992902891376234272135497217
random,3.0001753328000000000000000000e12,3.0001783329753328000000000000e12,1.0000010000000000000000000000,20000.000000000000000000000000,0.50000100000000000000000000000,1.0000000000000000000000000000,5.5586910000000000000000000000,29.156966635888508290818707115,12.662709719003599084654590518,0.42727378873348333690320206735,22491,4.9274039285926465893782117509e12,0.023032850249880258685275725514,0.000053651137842297071468484827181,5.8188472308457151240283847070e-17,1.0773364242325040149292363381e-8,1.0362648247715951071697101004e-29,9.9888639650663776782291464660e-18,1.4725466683349861327567590852e-28,0.000053661911206607573844907800690,0.83312302784542550067437364235,7.1315228474435712482813002697e-6,2.3770200178534746125207346053e-18,2.0759986818945970306353754760e-17,8.5599876718206186274367461895e-6,7.1315228474667082551180997146e-6,0.000060793434054074282100025900405,0.000052994904221439089188610657424,0.000052994908187762238766383133575,1.1471562209085057194366792805,1.1471561350513464042280013233,1.0471363520804003986785406528e-12,1.0471353049450954535830870697e-12,1.0471353049450954535830882462e-18,0.000052994905268575441269011056102,0.000060793435101209587045121353988,1.1471562180007983709201306701,-7.7985298326341457761102978859e-6,False,0.11730745200416531829752561119
random,3.0001753328000000000000000000e12,3.0001753328000000000000000000e14,100.00000000000000000000000000,20000.000000000000000000000000,0.50000100000000000000000000000,1.0000000000000000000000000000,5.5586910000000000000000000000,33.370588241377254367597167993,14.492662331095682229597872340,0.035726208233638045979013119364,22491,4.9273990011936453537098274264e14,0.023032850249880258685275725514,8.9523006142633616556763299859e-6,4.0495364396214519106475666559e-11,1.3103129624674618736177775343e-9,1.4667271676109416027518308957e-24,1.4229481735665010482750640519e-20,2.3016644574441944241712613768e-25,8.9536514225902395632476835174e-6,0.83519397746883953693325891205,35.742318285878657305627079105,2.4427437375880965168411777547e-12,2.3401275865246957471651906759e-13,42.795229910784232448791820042,35.742318285881334062123319671,35.742327239532756652362882919,6.4455177027127158667887420557e-6,8.8584927598495548452150238940e-6,5.5452996777109050884365755535e6,4.0348091044937281331159853744e6,1.0471363520804003986785406528e-12,1.0471363520804003986785406528e-14,1.0366649885595963946917552463e-12,6.4455187498490679471891407342e-6,35.742327239532767123726403723,5.5452987768237786061148241273e6,-35.742320794014017274658456534,False,0.99999974949444778494824680962
random,3.0001753328000000000000000000e12,3.0004753503332800000000000000e12,1.0001000000000000000000000000,20000.000000000000000000000000,0.50000100000000000000000000000,1.0000000000000000000000000000,5.5586910000000000000000000000,664.94889922983238692452449893,288.78363768315766472033000772,636.21910738767652866260699380,22491,4.9278917410937647602640683276e12,0.023032850249880258685275725514,4.6678635603340946576022763008e-143,1.1548702593437353360122095892e-151,9.3731887221033814626766540741e-147,1.9303655043143664992020921444e-164,8.6898188339555915619972706548e-156,2.8912279965325459034801913032e-163,4.6688008907558765711001355310e-143,0.015549345881818234124685776150,0.000013309492245913456953224675462,4.4360160849932799172649344420e-18,3.8738638550321618132398890798e-17,0.00085595190608753187263474810401,0.000013309492245956631607859990360,0.000013309492245956631607859990360,4.6107346545087877230815517155e-143,4.6107691612081722369093510123e-143,2.8866315768011986101432240733e137,2.8866099734364297646096983754e137,1.0471363520804003986785406528e-12,1.0470316489155088477937612767e-12,1.0470316489155088477937612794e-16,1.0471363520804003986785406528e-12,0.000013309493292988280523368838154,1.2710372690763352938852636710e7,-0.000013309492245851928442968439475,False,1.0000000000000000000000000000
random,3.0001753328000000000000000000e12,3.0001753328000000000000000000e13,10.000000000000000000000000000,20000.000000000000000000000000,0.50000100000000000000000000000,1.0000000000000000000000000000,5.5586910000000000000000000000,468.37981900437897694506704383,203.41477082844563207027913443,437.34754206422940630746688041,22491,4.9273990011936453541258974596e13,0.023032850249880258685275725514,2.6602742769580085228625169906e-100,9.4444446567518723938776927487e-105,4.5323223322366922523378824175e-104,6.0887222546974116754136109133e-118,4.5621063268542887574480612138e-114,9.3792216756600622132961587409e-118,2.6608219536378453473429020290e-100,0.066187503035482675149583488391,1.3604041481082609351197996820,1.7466132160366135357533594689e-13,1.5703723565390112151964139915e-13,20.553791663349033139899932972,1.3604041481085926336770572444,1.3604041481085926336770572444,2.2294798772348968206125252526e-100,2.6302466954669905907798994458e-100,6.1018902300918196275764698689e99,5.1721541954719874644391002644e99,1.0471363520804003986785406528e-12,1.0471363520804003986785406528e-13,9.4242271687236035881068658753e-13,1.0471363520804003986785406528e-12,1.3604041481086973473122652845,1.2991661930233932585729795831e12,-1.3604041481076502109601848841,False,1.0000000000000000000000000000
random,3.0001753328000000000000000000e12,3.0301770861280000000000000000e12,1.0100000000000000000000000000,20000.000000000000000000000000,0.50000100000000000000000000000,1.0000000000000000000000000000,5.5586910000000000000000000000,291.51346917331252478626490763,126.60269106244333581856612167,262.77382699530383174983452030,22491,4.9766729912055818488538446896e12,0.023032850249880258685275725514,5.7532024494378205577867378160e-62,6.2048959360518558943812751874e-69,1.1544115723246441525505525460e-65,1.0360212966252878725726117544e-81,1.0601446751747010432337889140e-74,1.5315864340239604419150436598e-80,5.7543574815007989534352410714e-62,0.16125702942710723345188320558,0.013737469956696261684231553106,4.5561822826762397642386714336e-15,3.9398043210426863597040790422e-14,0.085189898422071226902157945475,0.013737469956740215909724656209,0.013737469956740215909724656209,5.6786282660972186632505518292e-62,5.6828580287622016169239497399e-62,2.4191528856988627365766536993e59,2.4173523053385887038599702350e59,1.0471363520804003986785406528e-12,1.0367686654261390085926145077e-12,1.0367686654261390085926145079e-14,1.0471363520804003986785406528e-12,0.013737469957776984575150795218,1.3119084186585669194924453549e10,-0.013737469956729848223070394819,False,1.0000000000000000000000000000
random,3.0001753328000000000000000000e12,3.3001928660800000000000000000e12,1.1000000000000000000000000000,20000.000000000000000000000000,0.50000100000000000000000000000,1.0000000000000000000000000000,5.5586910000000000000000000000,28.828803704446844462142676635,12.520190368713289342811225972,0.0038016774869946485165525475973,22491,5.4201389013130099272828012080e12,0.023032850249880258685275725514,0.000063666721976890736220332225495,6.4727101932379457940198441749e-12,1.2694366085647488231676001567e-8,1.1002612359892824798398634442e-24,1.0737916325677400564642852404e-17,1.4205737113689591621766771627e-23,0.000063679422815697314878141371267,0.83533520181551602467238045015,0.68271468538440477476966985989,2.1704432386055280339669329507e-13,1.7233552831635900666391323272e-12,0.81729428366305443074024004808,0.68271468538634517437669400276,0.68277836480916087169157214413,0.000062444441654912879324026769887,0.000062890673993816930991228040662,10934.173590379802784801994608,10856.591628772939004157137696,1.0471363520804003986785406528e-12,9.5194213825490945334412786620e-13,9.5194213825490945334412786620e-14,0.000062444442702049231404427168566,0.68277836481011281382982705358,10934.173407038928738852696510,-0.68271592036741076459842262641,False,0.99990673485555814886761242961
random,3.0001753328000000000000000000e12,6.0003506656000000000000000000e12,2.0000000000000000000000000000,20000.000000000000000000000000,0.50000100000000000000000000000,1.0000000000000000000000000000,5.5586910000000000000000000000,29.430392594574085900374602177,12.781457104069851951691898648,0.0075535668586156373751980912674,22491,9.8547980023872907284248872761e12,0.023032850249880258685275725514,0.000049239774011791061124696565525,3.5966725036997252181081707372e-11,9.3967495290834361470286521844e-9,4.6109369631123700200574524390e-24,4.4685344109556740957448614724e-18,3.2872972858914559137584521830e-23,0.000049249206728049650129990640755,0.83531644216858571560660721754,5.0200498090618914974296804148,1.2052361657511160924555746190e-12,5.2784141365768285008571532300e-12,6.0097581654632577755302152453,5.0200498090683751477320083594,5.0200990582751031973821383500,0.000046223243739841279479593902130,0.000048652292177042808972542084630,108605.51212134254948298460998,103183.19720697351987223515595,1.0471363520804003986785406528e-12,5.2356817604020019933927032641e-13,5.2356817604020019933927032641e-13,0.000046223244786977631559994300809,5.0200990582756267655581785502,108605.50966101643576044520884,-5.0200528350308397879266185559,False,0.99999018959463621190236545375
random,3.0001753328000000000000000000e12,3.0001753628017533280000000000e12,1.0000000100000000000000000000,20000.000000000000000000000000,0.50000100000000000000000000000,1.0000000000000000000000000000,5.5586910000000000000000000000,28.733264682405742504024540425,12.478698298634405610971599437,0.0035728252502176004423681276350,22491,4.9273990504676354076693531890e12,0.023032850249880258685275725514,0.000066310853095543155854000624227,7.0923989270168544671684274694e-19,1.3315486958211828944731408150e-8,1.2635202093323658476678980222e-31,1.2345884873328976326088766362e-17,1.7940763605188844267536895501e-30,0.000066324168582514422807711388217,0.83533633311569073812027460433,7.1555407466500000486935282562e-8,2.3836218793958656054692350964e-20,2.0817665570781965549029956262e-19,8.5660595175885730182547688552e-8,7.1555407466732013361437060873e-8,0.000066395723989981154821072825278,0.000065499777055710837307478926873,0.000065499777104733174385058118375,1.0136786257075084365892268162,1.0136786249488356979276508234,1.0471363520804003986785406528e-12,1.0471363416090369825881708269e-12,1.0471363416090369825882799511e-20,0.000065499778102847189387879325552,0.000066395725037117496430109807866,1.0136786254888298836068562226,-8.9594693427030704223048231461e-7,False,0.0010777110808751695188735293782
random,3.0001753328000000000000000000e12,3.0001753328000000000000000000e13,10.000000000000000000000000000,20000.000000000000000000000000,0.50000100000000000000000000000,1.0000000000000000000000000000,5.5586910000000000000000000000,34.079048924635034087889507505,14.800342896479943469406116179,3.0467719844854634502893440862,22491,4.9273990011936453541258974596e13,0.023032850249880258685275725514,5.3968504183432226696132072457e-6,1.3937515790607173701269455949e-11,9.1946405250995176858532577993e-10,9.4722291554928332881383563666e-25,9.2550627774981357590730050728e-20,1.3964085451495182652426693897e-24,5.3977838199116157815269002830e-6,0.82073004656847044597214595816,16.869114389014978509035966737,2.1658136058801722020308172637e-12,1.9472736063500636688046050266e-12,20.553791663349033139899932972,16.869114389019091596248196973,16.869119786802911507863978500,4.5229055937426083350644304716e-6,5.3359340056502643537072570523e-6,3.7297085771901051552816058634e6,3.1614183700435691266892546589e6,1.0471363520804003986785406528e-12,1.0471363520804003986785406528e-13,9.4242271687236035881068658753e-13,4.5229066408789604154648291501e-6,16.869119786803016221499186540,3.7297077136937654719993372207e6,-16.869115263896375342538771075,False,0.99999968001982983519849074043
random,3.0001753328000000000000000000e12,3.0001783329753328000000000000e12,1.0000010000000000000000000000,20000.000000000000000000000000,0.50000100000000000000000000000,1.0000000000000000000000000000,5.5586910000000000000000000000,33.309026897576179038195534673,14.465926579184326255872505169,4.5793340504211540842800296254,22491,4.9274039285926465893782117509e12,0.023032850249880258685275725514,6.7293095573955641979513538519e-6,8.3377531314460615593235029875e-18,1.3512724217384006265591855813e-9,1.4729696922676511240809439340e-30,1.2528747842259627180320018526e-18,2.1070822231952248859373115160e-29,6.7306608298268932264936076055e-6,0.81174164221875231097641760404,6.9484984500733999637665064875e-6,2.3160158444656800545237696778e-18,2.0227199620723318900242961062e-17,8.5599876718206186274367461895e-6,6.9484984500959431792316954865e-6,0.000013679159279922836405725303092,6.6470000416178304822982607047e-6,6.6470005391024571201854718617e-6,2.0579448163495769365073242101,2.0579446623258330567922848348,1.0471363520804003986785406528e-12,1.0471353049450954535830870697e-12,1.0471353049450954535830882462e-18,6.6470010887541825626986593833e-6,0.000013679160327058141350820756675,2.0579446496859179363246459350,-7.0321592383039587881220972919e-6,False,0.50796239066346622605096650962
random,3.0001753328000000000000000000e12,3.0031755081328000000000000000e12,1.0010000000000000000000000000,20000.000000000000000000000000,0.50000100000000000000000000000,1.0000000000000000000000000000,5.5586910000000000000000000000,28.761383381349123064122164123,12.490910094423814585916466588,0.030692033860514577373182759647,22491,4.9323264001948390410446204074e12,0.023032850249880258685275725514,0.000065389950563272480745525129101,6.9918520425432238381577784304e-14,1.3129589732819479414749547632e-8,1.2456472411254090227007799169e-26,1.2161815002801420005799423483e-17,1.7670245941647857105628370309e-25,0.000065403080222935982465564077382,0.83519449893289332151637946598,0.0071457674881147193959981251676,2.3805933728104057117803096273e-15,2.0770445613439392658843701654e-14,0.0085558124452062783400959540012,0.0071457674881378704349843749660,0.0072111705683608064174499390434,0.000064585336085077169688957308162,0.000064590167553893205899446418069,111.65337219677317347579889889,111.64502030969184822522467011,1.0471363520804003986785406528e-12,1.0460902618185818168616789738e-12,1.0460902618185818168616789755e-15,0.000064585337132213521769357706840,0.0072111705694068966792685208603,111.65337040270938527281732817,-0.0071465852322746831574991631534,False,0.99093031018987490684219929484
random,3.0001753328000000000000000000e12,3.0001753628017533280000000000e12,1.0000000100000000000000000000,20000.000000000000000000000000,0.50000100000000000000000000000,1.0000000000000000000000000000,5.5586910000000000000000000000,61.173365907161143742444936537,26.567255252928597664206084463,32.443674050005618838862764240,22491,4.9273990504676354076693531890e12,0.023032850249880258685275725514,5.9883356942313484641104729227e-12,1.3636380979250319911232890356e-25,1.2024819786746368055208836622e-15,2.3455035522806402589938297816e-38,1.1149201014998825911524052437e-24,3.4288830443407201742987505998e-37,5.9895381762112743848272865585e-12,0.68177675919239801878327092361,5.8401402969317974845570899970e-8,1.9454415373185218440610885350e-20,1.6990761689798565744966799994e-19,8.5660595175885730182547688552e-8,5.8401402969507336877842070846e-8,5.8407392507683548152226898133e-8,5.9150898321540571448916594800e-12,5.9150898365811184362512044256e-12,9874.3035465302027453730930290,9874.3035391399266519089551191,1.0471363520804003986785406528e-12,1.0471363416090369825881708269e-12,1.0471363416090369825882799511e-20,6.9622261842344575435702001328e-12,5.8408439644025157189209486304e-8,8389.3338277758852236333446642,-5.8401477417840922731665916103e-8,False,0.99989745239568050662543884410
random,3.0001753328000000000000000000e12,3.0301770861280000000000000000e12,1.0100000000000000000000000000,20000.000000000000000000000000,0.50000100000000000000000000000,1.0000000000000000000000000000,5.5586910000000000000000000000,38.992921452513860183608069529,16.934410620113700621186688008,10.253279274505167147177682207,22491,4.9766729912055818488538446896e12,0.023032850249880258685275725514,3.9269003247007595302881973152e-7,5.6643103016797639005604289902e-15,7.8795405133760433479750077966e-11,9.8749495378539114204924381976e-28,7.2361132877917657514088273999e-20,1.4082764101837765211792280829e-26,3.9276883353959237629001155888e-7,0.78342509393294946132937163385,0.066739904173236033925535164023,2.2135019759834755361295992784e-14,1.9140508672742922922782471791e-13,0.085189898422071226902157945475,0.066739904173449574032022428007,0.066740296942283113624398718019,3.8759990419198764750673185441e-7,3.8788861046520686575359375221e-7,172188.63116443141172639505300,172060.47081980417335334992901,1.0471363520804003986785406528e-12,1.0367686654261390085926145077e-12,1.0367686654261390085926145079e-14,3.8760095132833972790713053295e-7,0.066740296943319882289824857028,172188.16598513368126756282206,-0.066739909342368553950096949897,False,0.99999411496724566182042778683
random,3.0001753328000000000000000000e12,3.3001928660800000000000000000e12,1.1000000000000000000000000000,20000.000000000000000000000000,0.50000100000000000000000000000,1.0000000000000000000000000000,5.5586910000000000000000000000,28.833485338726892996524699884,12.522223576647403524425325430,0.0084833117670431828985757964971,22491,5.4201389013130099272828012080e12,0.023032850249880258685275725514,0.000063517864115326242468738145882,6.4586251707397898699276874550e-12,1.2664685647724012113287883069e-8,1.0978554342790611137551861898e-24,1.0712810222955809409920758138e-17,1.4174798777450289884820294049e-23,0.000063530535259609850046136913714,0.83531079506039501590614987553,0.68269473788296166701914964035,2.1703798227737594674512946178e-13,1.7233049303108774621023167328e-12,0.81729428366305443074024004808,0.68269473788490200993173789375,0.68275826842016161978178403067,0.000062298441581990747685295418053,0.000062743630594182387645566196794,10959.475888679911798916359852,10881.714398010420772512160783,1.0471363520804003986785406528e-12,9.5194213825490945334412786620e-13,9.5194213825490945334412786620e-14,0.000062298442629127099765695816731,0.68275826842111356192003894012,10959.475704484076776837625014,-0.68269596997848443482027324430,False,0.99990695017812583430162565095
random,3.0001753328000000000000000000e12,3.3001928660800000000000000000e12,1.1000000000000000000000000000,20000.000000000000000000000000,0.50000100000000000000000000000,1.0000000000000000000000000000,5.5586910000000000000000000000,38.541012027461546729073899474,16.738148850493409737489180534,9.7160100005016969154477753870,22491,5.4201389013130099272828012080e12,0.023032850249880258685275725514,4.9537404595290795744557488984e-7,6.7329520867530921221276208385e-14,9.8771529197578484868499470616e-11,1.1257879621020795262743304884e-26,8.3548907344175045390820048284e-20,1.4735210197622689577472886594e-25,4.9547288481170995252731876723e-7,0.78620584057173277293719750843,0.64256153927995763574509598244,2.0427909025171853279071041669e-13,1.6219979549031378079653386936e-12,0.81729428366305443074024004808,0.64256153928178391279025083878,0.64256203475466872450020336610,4.8586380371668023532975208539e-7,4.8933582037301390108123091209e-7,1.3225147249893990562777908553e6,1.3131309992079725695432285723e6,1.0471363520804003986785406528e-12,9.5194213825490945334412786620e-13,9.5194213825490945334412786620e-14,4.8586485085303231573015076393e-7,0.64256203475562066663845827555,1.3225118747064647701454007870e6,-0.64256154889076981360614254540,False,0.99999922891042730079385888055
random,3.0001753328000000000000000000e12,3.0001753328000000000000000000e13,10.000000000000000000000000000,20000.000000000000000000000000,0.50000100000000000000000000000,1.0000000000000000000000000000,5.5586910000000000000000000000,44.789782253190651710498908660,19.451955278208897358953441021,13.757505313041081072898745241,22491,4.9273990011936453541258974596e13,0.023032850249880258685275725514,2.5487907965155210854098781241e-8,8.6511330738513001904793356956e-14,4.3423873798667663825887394011e-12,5.8015532132352690751229654712e-27,4.3709232237165229508789765804e-22,8.6479638735944149364579102459e-27,2.5492336863866253240255163513e-8,0.77131944946699146051036546742,15.853539270229749457953382348,2.0354246382476599255041629542e-12,1.8300414518651723337671996823e-12,20.553791663349033139899932972,15.853539270233614924043495180,15.853539295725951787909748421,2.1360495950856253422079196990e-8,2.5200215737294247420340415579e-8,7.4218966320819200590499057816e8,6.2910331645550228568327421849e8,1.0471363520804003986785406528e-12,1.0471363520804003986785406528e-13,9.4242271687236035881068658753e-13,2.1361543087208333822477875531e-8,15.853539295726056501544956461,7.4215328129639817679843344832e8,-15.853539274364513414336622638,False,0.99999999839200973433491402388
random,3.0001753328000000000000000000e12,3.0004753503332800000000000000e12,1.0001000000000000000000000000,20000.000000000000000000000000,0.50000100000000000000000000000,1.0000000000000000000000000000,5.5586910000000000000000000000,30.612667535505663571387927151,13.294912587008929134018397379,1.8828756933498053094704220206,22491,4.9278917410937647602640683276e12,0.023032850249880258685275725514,0.000025910792798070072438957355483,2.9503320465477254067534229457e-15,5.2029530789937042147535093708e-9,5.2379105979981811295460348661e-28,4.8236220349867028455819840832e-18,7.4612642185725768934781764818e-27,0.000025915995754104221811762806157,0.82556395383570851473253471614,0.00070664303988054159393318025711,2.3552212461156071451186242940e-16,2.0567568469366538450881866477e-15,0.00085595190608753187263474810401,0.00070664303988283387290472847167,0.00073255903563693809471649127783,0.000025593676579378787577927398749,0.000025593868122239100623676389583,28.622657372609451214260995097,28.622443162485497888868077315,1.0471363520804003986785406528e-12,1.0470316489155088477937612767e-12,1.0470316489155088477937612794e-16,0.000025593677626515139658327797427,0.00073255903668396974363200012562,28.622656242455598329916525711,-0.00070696535905745460397367232819,False,0.96462265224594350769672600914
random,3.0001753328000000000000000000e12,3.0001753328000000000000000000e13,10.000000000000000000000000000,20000.000000000000000000000000,0.50000100000000000000000000000,1.0000000000000000000000000000,5.5586910000000000000000000000,34.402100048321355306007174907,14.940642216869557667522236885,3.3698231081717846684070114886,22491,4.9273990011936453541258974596e13,0.023032850249880258685275725514,4.5918820178249971202078240156e-6,1.1971078285732860017112243553e-11,7.8232119133905483525544204984e-10,8.1315617550977687123975877795e-25,7.8746218715622021971961266011e-20,1.1992830888234012853894360892e-24,4.5926763100947006561342514562e-6,0.81919444407075072780902663866,16.837551935199136708851985583,2.1617613248692716461702848696e-12,1.9436302180932827266556972826e-12,20.553791663349033139899932972,16.837551935203242100394948137,16.837556527879552195095604271,3.8482906240344781867989119934e-6,4.5400516059454191885647019259e-6,4.3753339268922893632933152315e6,3.7086707353348032522731023375e6,1.0471363520804003986785406528e-12,1.0471363520804003986785406528e-13,9.4242271687236035881068658753e-13,3.8482916711708302671993106720e-6,16.837556527879656908730812312,4.3753327363455496376004839875e6,-16.837552679587985737900545112,False,0.99999972723617571883619929331
random,3.0001753328000000000000000000e12,3.0001753328000000000000000000e14,100.00000000000000000000000000,20000.000000000000000000000000,0.50000100000000000000000000000,1.0000000000000000000000000000,5.5586910000000000000000000000,33.390334935646637827846717252,14.501238211452706031345823150,0.055472902503021506228562378948,22491,4.9273990011936453537098274264e14,0.023032850249880258685275725514,8.8643463585961580181980056389e-6,4.0121234604357666133945152612e-11,1.2974394446678814500703328370e-9,1.4531277308742565610469687725e-24,1.4089680412126293735184136227e-20,2.2803867091255218660548232060e-25,8.8656839192754443486757884450e-6,0.83510497799875986479279007279,35.738509533094660059324949229,2.4424834353061707717167280962e-12,2.3398782191672457942414946625e-13,42.795229910784232448791820042,35.738509533097336530582172124,35.738518398781255806026520800,6.3821920017159638269438062754e-6,8.7714601443691829696321605696e-6,5.5997247323760129316740543432e6,4.0744092557638204435175818465e6,1.0471363520804003986785406528e-12,1.0471363520804003986785406528e-14,1.0366649885595963946917552463e-12,6.3821930488523159073442049539e-6,35.738518398781266277390041604,5.5997238136204576609521526341e6,-35.738512016588217425074134260,False,0.99999975192917008059910977355
random,3.0001753328000000000000000000e12,6.0003506656000000000000000000e12,2.0000000000000000000000000000,20000.000000000000000000000000,0.50000100000000000000000000000,1.0000000000000000000000000000,5.5586910000000000000000000000,39.687136756513073137995304280,17.235904495893347277741441965,10.264297728797602874995900194,22491,9.8547980023872907284248872761e12,0.023032850249880258685275725514,2.9180474870567696493557766786e-7,2.8743069055050242071381760412e-13,5.5687017051048435394936474443e-11,3.6242653277915619224761383890e-26,2.6481428622303314713781567478e-20,2.6196211307861768234076681228e-25,2.9186072315344504560022038782e-7,0.78454063736326078920193399944,4.7148995015255156162881939505,1.1319743056856991030103473552e-12,4.9575588147485037964134193142e-12,6.0097581654632577755302152453,4.7148995015316051494086281534,4.7148997933923283028536737536,2.7392818701068239008426067195e-7,2.8832321385710489856921797078e-7,1.7212174639072324233506807926e7,1.6352827544885328773978459727e7,1.0471363520804003986785406528e-12,5.2356817604020019933927032641e-13,5.2356817604020019933927032641e-13,2.7392923414703447048465935049e-7,4.7148997933928518710297139538,1.7212108842906772635258761347e7,-4.7148995194636177239952434691,False,0.99999993809821291165684323840
random,3.0001753328000000000000000000e12,3.0004753503332800000000000000e12,1.0001000000000000000000000000,20000.000000000000000000000000,0.50000100000000000000000000000,1.0000000000000000000000000000,5.5586910000000000000000000000,78.921011512581351188693422664,34.274959806137090773587234917,50.191219670425492926775917533,22491,4.9278917410937647602640683276e12,0.023032850249880258685275725514,8.3841123973278648656551245229e-16,2.4612132537063279098972593298e-25,1.6835510882382353406698749518e-19,4.2055224689482320323067804185e-38,1.5608086413538117159708578518e-28,6.1841143196631877999958040624e-37,8.3857959508788771633500807860e-16,0.61006924885408613717309761028,0.00052218993640034991714076253944,1.7404442742771123498144843138e-16,1.5198872223724142328727586476e-15,0.00085595190608753187263474810401,0.00052218993640204384879056266491,0.00052218993640288242838565055262,8.2815011788582637346447830364e-16,8.2815631575434504673607285324e-16,6.3054985457947443291245776477e11,6.3054513558498171762850606879e11,1.0471363520804003986785406528e-12,1.0470316489155088477937612767e-12,1.0470316489155088477937612794e-16,1.0479645021982862250520051311e-12,0.00052218993744991407730115940042,4.9828971912171705403270442845e8,-0.00052218993640194957510287317536,False,0.99999999999839411000360431524
random,3.0001753328000000000000000000e12,3.0301770861280000000000000000e12,1.0100000000000000000000000000,20000.000000000000000000000000,0.50000100000000000000000000000,1.0000000000000000000000000000,5.5586910000000000000000000000,29.851915064000004003884809237,12.964521986539760363309345939,1.1122728859913109674544219149,22491,4.9766729912055818488538446896e12,0.023032850249880258685275725514,0.000037930991457211062194811205617,4.1886665737139726400228417690e-13,7.6110611216593724625761812455e-9,7.4114620528999961899863177500e-26,6.9895573762381275462470059395e-18,1.0440446581671383353783658709e-24,0.000037938602937206368497165443207,0.82955916590702137561289336254,0.070670061078491168430531398689,2.3438499317301061934245451647e-14,2.0267648474068006626218418455e-13,0.085189898422071226902157945475,0.070670061078717283414589379818,0.070707999681654489783086545261,0.000037439322211068460639697832338,0.000037467209130209847045190278666,1888.6025575738271968649042385,1887.1968668902686186511077013,1.0471363520804003986785406528e-12,1.0367686654261390085926145077e-12,1.0367686654261390085926145079e-14,0.000037439323258204812720098231016,0.070707999682691258448512684269,1888.6025047794000548364421240,-0.070670560359433053635792586038,False,0.99946344680788573190870487493
random,3.0001753328000000000000000000e12,6.0003506656000000000000000000e12,2.0000000000000000000000000000,20000.000000000000000000000000,0.50000100000000000000000000000,1.0000000000000000000000000000,5.5586910000000000000000000000,99.887271087701972428682357373,43.380490645763193767641488574,70.464432059986502165682953287,22491,9.8547980023872907284248872761e12,0.023032850249880258685275725514,2.4705820413056989158989351910e-20,6.1251046963274550206612091110e-26,4.7147740011239900970698085881e-24,7.4999411828469080857927763308e-39,2.2420657056671289382789815753e-33,5.5549323782735664857131689437e-38,2.4710596438107318552391560425e-20,0.54295147690896666271696644772,3.2630070717997835163747930280,7.8339743261823524555065236683e-13,3.4309425823718542267688493306e-12,6.0097581654632577755302152453,3.2630070718039978563897831174,3.2630070718039978564144937139,2.3192290819044328860331320147e-20,2.4411054220552776311888511601e-20,1.4069360794340257747172660211e20,1.3366924026807182548489581981e20,1.0471363520804003986785406528e-12,5.2356817604020019933927032641e-13,5.2356817604020019933927032641e-13,1.0471363752726912177228695131e-12,3.2630070718045214245905339141,3.1161242688706919412826227910e12,-3.2630070718034742882152612229,False,0.99999999999999999999242704784
random,3.0001753328000000000000000000e12,3.0001753328000000000000000000e14,100.00000000000000000000000000,20000.000000000000000000000000,0.50000100000000000000000000000,1.0000000000000000000000000000,5.5586910000000000000000000000,102.74879417556351054708346457,44.623234332660213823611050235,69.413932142419894225465309692,22491,4.9273990011936453537098274264e14,0.023032850249880258685275725514,7.7028006148494951083923876933e-21,1.0728703606943888427182776190e-25,1.1274285714734274306356322450e-24,3.7375341281389871249331479204e-39,1.2243429413869060868945199719e-35,6.0580729702916863939653743612e-40,7.7040353304570502224800504475e-21,0.57435644420519961763187105088,24.579716080500193029961033008,1.6798559916315529510054311441e-12,1.6092876575285961064111778780e-13,42.795229910784232448791820042,24.579716080502033814718417420,24.579716080502033814726121456,5.5458970674393660804661091386e-21,7.6220858098188062854509499995e-21,4.4320541441009654348528687197e21,3.2248018054111027690638190147e21,1.0471363520804003986785406528e-12,1.0471363520804003986785406528e-14,1.0366649885595963946917552463e-12,1.0471363576262974661179067333e-12,24.579716080502044286089642260,2.3473271557699140980170494362e13,-24.579716080500997149732015962,False,0.99999999999999999999968656939
random,3.0001753328000000000000000000e12,6.0003506656000000000000000000e12,2.0000000000000000000000000000,20000.000000000000000000000000,0.50000100000000000000000000000,1.0000000000000000000000000000,5.5586910000000000000000000000,29.424054629254451393696981698,12.778704560705040505746101088,0.0012156015389811306975776122740,22491,9.8547980023872907284248872761e12,0.023032850249880258685275725514,0.000049396061507196751748095472163,3.6073113460584656295794186595e-11,9.4265748984789857753063778582e-9,4.6246393541693431690659996601e-24,4.4827175802580996258688138828e-18,3.2970287952121097168691435438e-23,0.000049405524155213174073702259741,0.83534881287632751535452995687,5.0202443491870643519001235210,1.2052828718204711868950637087e-12,5.2786186889987965436673275138e-12,6.0097581654632577755302152453,5.0202443491935482534609427887,5.0202937547177034666350164910,0.000046369956740430938154267269706,0.000048806714999703917996400054765,108266.08665650110501012133632,102860.71813577616674575181555,1.0471363520804003986785406528e-12,5.2356817604020019933927032641e-13,5.2356817604020019933927032641e-13,0.000046369957787567290234667668385,5.0202937547182270348110566912,108266.08421162435988335558588,-5.0202473847604394675208220235,False,0.99999015883799453259284582862
random,3.0001753328000000000000000000e12,3.0001783329753328000000000000e12,1.0000010000000000000000000000,20000.000000000000000000000000,0.50000100000000000000000000000,1.0000000000000000000000000000,5.5586910000000000000000000000,28.946507117136769240414006085,12.571308311345704860952562709,0.21681426998174428649850103800,22491,4.9274039285926465893782117509e12,0.023032850249880258685275725514,0.000059604581197347034568512515876,6.4178777438246104529730502639e-17,1.1968839610406381820663909311e-8,1.1434781840714503152560503026e-29,1.1097286604156045248130357278e-17,1.6242710469600354296264681352e-28,0.000059616550037032717014375755797,0.83422168046155923852751962666,7.1409273002932590036535563119e-6,2.3801546320388137741698422704e-18,2.0787363344461681555464858363e-17,8.5599876718206186274367461895e-6,7.1409273003164265216300568072e-6,0.000066757477337349143536005812604,0.000058875528064236745882662570610,0.000058875532470686259010148509686,1.1338747953905859908677969437,1.1338747105274547302880098023,1.0471363520804003986785406528e-12,1.0471353049450954535830870697e-12,1.0471353049450954535830882462e-18,0.000058875529111373097963062969288,0.000066757478384484448481101266187,1.1338747930095252321453224756,-7.8819492731113505180382968990e-6,False,0.10696820169268522977607388162
random,3.0001753328000000000000000000e12,3.0001783329753328000000000000e12,1.0000010000000000000000000000,20000.000000000000000000000000,0.50000100000000000000000000000,1.0000000000000000000000000000,5.5586910000000000000000000000,28.731726384899531842491318005,12.478030224515932787410405988,0.0020335377445068885758129571729,22491,4.9274039285926465893782117509e12,0.023032850249880258685275725514,0.000066361880512498599117474365626,7.0924452550247144688835731776e-17,1.3325732488065888845674444911e-8,1.2642768908795886808459734758e-29,1.2355372571105879878078515915e-17,1.7951438226745140998908420186e-28,0.000066375206245069944831441585253,0.83534438467001974937590225900,7.1505376344767509233061418951e-6,2.3833578688819251535268749308e-18,2.0815339194114393024008335421e-17,8.5599876718206186274367461895e-6,7.1505376344999496203691382133e-6,0.000073525743879569894451810723466,0.000065550175507030309051592097219,0.000065550180413033676583672106049,1.1216711978396487935677379004,1.1216711138898771958242058946,1.0471363520804003986785406528e-12,1.0471353049450954535830870697e-12,1.0471353049450954535830882462e-18,0.000065550176554166661131992495898,0.000073525744926705199396906177049,1.1216711958959868830756158768,-7.9755683725385382649136811512e-6,False,0.097252163081981705416294890208
random,3.0001753328000000000000000000e12,3.3001928660800000000000000000e12,1.1000000000000000000000000000,20000.000000000000000000000000,0.50000100000000000000000000000,1.0000000000000000000000000000,5.5586910000000000000000000000,36.369575203357037201882538855,15.795105819983299202616692005,7.5445731763971873882564147681,22491,5.4201389013130099272828012080e12,0.023032850249880258685275725514,1.4670832685630812501259490363e-6,1.8816622918653879935933116769e-13,2.9251846979066914949381185463e-10,3.1555135417938481557737126053e-26,2.4743566012947436528866362561e-19,4.1201228154812928212359606524e-25,1.4673759751993485419179390988e-6,0.79693307325016395574287309604,0.65132884522753803973617730355,2.0706633656735880818854556122e-13,1.6441289905280225703089394500e-12,0.81729428366305443074024004808,0.65132884522938923506327268493,0.65133031260536443441181460287,1.4389180520388429350318899314e-6,1.4492006608801702495063587951e-6,452652.81902779413484647572186,449441.08168552708594975139145,1.0471363520804003986785406528e-12,9.5194213825490945334412786620e-13,9.5194213825490945334412786620e-14,1.4389190991751950154322886099e-6,0.65133031260631637655006951232,452652.48962201308347862652862,-0.65132887368721720135505408003,False,0.99999774710934405962567239933
random,3.0001753328000000000000000000e12,3.0001753628017533280000000000e12,1.0000000100000000000000000000,20000.000000000000000000000000,0.50000100000000000000000000000,1.0000000000000000000000000000,5.5586910000000000000000000000,28.731115803828560460077654765,12.477765052526055338250927499,0.0014239466730355564954824674343,22491,4.9273990504676354076693531890e12,0.023032850249880258685275725514,0.000066382138370361215438959416642,7.0994923763011852792561011452e-19,1.3329801329130640354671758618e-8,1.2647900726358910879629583686e-31,1.2359156905809079228056012310e-17,1.7958722110605909658054760911e-30,0.000066395468171703415185457529521,0.83534757328023464722391137871,7.1556370305684703506995313860e-8,2.3836539530661619036712765934e-20,2.0817945690270558718472557758e-19,8.5660595175885730182547688552e-8,7.1556370305916719503428681066e-8,0.000066467024542009331904960958202,0.000065570190410236837246427694234,0.000065570190459311874155296398426,1.0136774672478681814590779666,1.0136774664891963098294444574,1.0471363520804003986785406528e-12,1.0471363416090369825881708269e-12,1.0471363416090369825882799511e-20,0.000065570191457373189326828092912,0.000066467025589145673513997940790,1.0136774670294429593776992992,-8.9683413177248418716984787808e-7,False,0.0010765694838752824678733651670
random,3.0001753328000000000000000000e12,3.0001753328000000000000000000e13,10.000000000000000000000000000,20000.000000000000000000000000,0.50000100000000000000000000000,1.0000000000000000000000000000,5.5586910000000000000000000000,31.124866137615819622515804530,13.517357613543929184548340180,0.092589197466248984915641110958,22491,4.9273990011936453541258974596e13,0.023032850249880258685275725514,0.000023639213475290298361613621303,5.5756743247266293491332296622e-11,4.0274243929871274367645781115e-9,3.8092830583176850974957203144e-24,4.0538904687978275571689856156e-19,5.5913329566529933276427126278e-24,0.000023643296656426938153791373012,0.83490676296387230345281816271,17.160499664276381716104125236,2.2032243542550391180744950382e-12,1.9809094477292097521673333772e-12,20.553791663349033139899932972,17.160499664280565849906109485,17.160523307577222276844263276,0.000019811171807850260015015055136,0.000023372388202738127968772512530,866204.35550295378590415025991,734222.07258934832703990628961,1.0471363520804003986785406528e-12,1.0471363520804003986785406528e-13,9.4242271687236035881068658753e-13,0.000019811172854986612095415453814,17.160523307577326990479471316,866204.30971899284107925733832,-17.160503496404472003867375901,False,0.99999862222752577788523094207
random,3.0001753328000000000000000000e12,3.0301770861280000000000000000e12,1.0100000000000000000000000000,20000.000000000000000000000000,0.50000100000000000000000000000,1.0000000000000000000000000000,5.5586910000000000000000000000,29.241802380526602043523969585,12.699553414768076585209567471,0.50216020251790900709358226294,22491,4.9766729912055818488538446896e12,0.023032850249880258685275725514,0.000051461030721834117222719006182,5.5666239644827277243443714088e-13,1.0325937581919157133869221210e-8,9.8625353802750456280002602054e-26,9.4827425556848159029391846246e-18,1.3878200289476979467652354965e-24,0.000051471357216087915572167778036,0.83273335717001754327375947771,0.070940470109757172731619613347,2.3528183432441147526294989207e-14,2.0345199775231105208025836816e-13,0.085189898422071226902157945475,0.070940470109984152912804365546,0.070991941467200240828376533324,0.000050793982347702696730997819603,0.000050831816571052515465500079103,1397.6447245509399328086166414,1396.6044547703303344790232218,1.0471363520804003986785406528e-12,1.0367686654261390085926145077e-12,1.0367686654261390085926145079e-14,0.000050793983394839048811398218281,0.070991941468237009493802672333,1397.6446957583993215153107858,-0.070941147484842170444991274115,False,0.99927496901546397689015288596
random,3.0001753328000000000000000000e12,3.0001783329753328000000000000e12,1.0000010000000000000000000000,20000.000000000000000000000000,0.50000100000000000000000000000,1.0000000000000000000000000000,5.5586910000000000000000000000,29.696674154832221769854452558,12.897101716322548601128089449,0.96698130767719681593894751044,22491,4.9274039285926465893782117509e12,0.023032850249880258685275725514,0.000040962168367792448779328752547,4.5248745975940670726240055655e-17,8.2253681418432851451716917507e-9,8.0488419898156648793495368730e-30,7.6264091312048383020863788096e-18,1.1448571017583665595329497593e-28,0.000040970393735987167219581192283,0.83031222461016511984278542450,7.1074624064019069383833642689e-6,2.3690003912999509180525226379e-18,2.0689946457361483352185085961e-17,8.5599876718206186274367461895e-6,7.1074624064249658852320257031e-6,0.000048077856142412133104813217986,0.000040461139812811855169659848096,0.000040461142841064436347748735085,1.1882476955626562878879254578,1.1882476066300681674514642200,1.0471363520804003986785406528e-12,1.0471353049450954535830870697e-12,1.0471353049450954535830882462e-18,0.000040461140859948207250060246774,0.000048077857189547438049908671569,1.1882476906907706177175526110,-7.6167163295992307998484247946e-6,False,0.14783234895856931989951997883
random,3.0001753328000000000000000000e12,3.0001753328000000000000000000e13,10.000000000000000000000000000,20000.000000000000000000000000,0.50000100000000000000000000000,1.0000000000000000000000000000,5.5586910000000000000000000000,33.722010818620431283362852975,14.645283217208613244194280792,2.6897338784708606457626895557,22491,4.9273990011936453541258974596e13,0.023032850249880258685275725514,6.4516414096913990131568546598e-6,1.6486980789839509844704096458e-11,1.0991693109991643144441164646e-9,1.1211475571963892757181034366e-24,1.1063924629382432812669080579e-19,1.6520069573780798625707420165e-24,6.4527570659832986590005918193e-6,0.82243055291346534953454886256,16.904066242152198370638772120,2.1703010494607676968274349000e-12,1.9513082473832321038421035745e-12,20.553791663349033139899932972,16.904066242156319979935616120,16.904072694913385963234275120,5.4068878621380588354752529473e-6,6.3788191485214496535663812979e-6,3.1263960203955417948381340885e6,2.6500316596734979062236907885e6,1.0471363520804003986785406528e-12,1.0471363520804003986785406528e-13,9.4242271687236035881068658753e-13,5.4068889092744109158756516258e-6,16.904072694913490676869483160,3.1263954149155931266560182575e6,-16.904067288024581402458567285,False,0.99999961827204707153197332189
random,3.0001753328000000000000000000e12,3.0004753503332800000000000000e12,1.0001000000000000000000000000,20000.000000000000000000000000,0.50000100000000000000000000000,1.0000000000000000000000000000,5.5586910000000000000000000000,28.738173762051770176466847354,12.480830284835898997848928579,0.0083819198959119145493422233304,22491,4.9278917410937647602640683276e12,0.023032850249880258685275725514,0.000066148782085328829944444474774,7.0708175648140840259406023724e-15,1.3282843643756826460273151021e-8,1.2603482482604664148488732701e-27,1.2314433037266685544568630550e-17,1.7894100204139234723387521971e-26,0.000066162064936055718768775253085,0.83531117882811179651138596117,0.00071498619569182614699043584290,2.3830287482311195461409338132e-16,2.0810404553095881043361823354e-15,0.00085595190608753187263474810401,0.00071498619569414549032056854296,0.00078114826063020120908934379604,0.000065339202393599146025647735422,0.000065339691391640448411962906416,11.955276954937625487464449607,11.955187482415033499733480103,1.0471363520804003986785406528e-12,1.0470316489155088477937612767e-12,1.0470316489155088477937612794e-16,0.000065339203440735498106048134100,0.00078114826167723285800485264384,11.955276779365031306790421854,-0.00071580905823649735989880450974,False,0.91530152690517592829766289392
random,3.0001753328000000000000000000e12,3.0001753328000000000000000000e14,100.00000000000000000000000000,20000.000000000000000000000000,0.50000100000000000000000000000,1.0000000000000000000000000000,5.5586910000000000000000000000,33.352316793450886786967890755,14.484727142084878176219930781,0.017454760307270465349735881141,22491,4.9273990011936453537098274264e14,0.023032850249880258685275725514,9.0344610877788312084408607402e-6,4.0844637575816645434690312307e-11,1.3223384672051222944737609757e-9,1.4794235395433574049291287092e-24,1.4360073971968969994715658122e-20,2.3215286685605928515411219506e-25,9.0358242708836265091663175669e-6,0.83527633636851415883069360936,35.745842853925431698485379882,2.4429846177810123414744870189e-12,2.3403583476871606586358763019e-13,42.795229910784232448791820042,35.745842853928108718937929610,35.745851889752379602564438777,6.5046719703501854501373238136e-6,8.9397923040832452704631450568e-6,5.4954119212606452628275679558e6,3.9985103315460115558144639456e6,1.0471363520804003986785406528e-12,1.0471363520804003986785406528e-14,1.0366649885595963946917552463e-12,6.5046730174865375305377224921e-6,35.745851889752390073927959581,5.4954110365973322158911754936e6,-35.745845385079372587390429043,False,0.99999974722034045371243468981
random,3.0001753328000000000000000000e12,3.3001928660800000000000000000e12,1.1000000000000000000000000000,20000.000000000000000000000000,0.50000100000000000000000000000,1.0000000000000000000000000000,5.5586910000000000000000000000,29.391115554799263505792572452,12.764399302430152045008384424,0.56611352783941369216644836500,22491,5.4201389013130099272828012080e12,0.023032850249880258685275725514,0.000048062684352869932590851391510,4.9816276929139104968888730575e-12,9.5831117307360495804132905932e-9,8.4574910174967419990710776493e-25,8.1061670358321471546930075516e-18,1.0930898424959935684232939580e-23,0.000048072272446236467733154781363,0.83240879767879706700330065993,0.68032295201178325280232485453,2.1628395915209033637810326246e-13,1.7173179055710673944630070538e-12,0.81729428366305443074024004808,0.68032295201371685466704801226,0.68037102428616309113478116704,0.000047139971961186422171075378071,0.000047476837491354176549009627216,14432.995947608100035609309076,14330.588561423511618389303080,1.0471363520804003986785406528e-12,9.5194213825490945334412786620e-13,9.5194213825490945334412786620e-14,0.000047139973008322774251475776749,0.68037102428711503327303607649,14432.995627023215921162805322,-0.68032388431410671049878460072,False,0.99992934403328437846892977572
random,3.0001753328000000000000000000e12,3.0031755081328000000000000000e12,1.0010000000000000000000000000,20000.000000000000000000000000,0.50000100000000000000000000000,1.0000000000000000000000000000,5.5586910000000000000000000000,40.506475033946676260215998254,17.591738588594876754222687560,11.775783686458067773467016891,22491,4.9323264001948390410446204074e12,0.023032850249880258685275725514,1.8411821759415785326126450008e-7,2.7726510369660689094711592394e-16,3.6968932359264620053212303292e-11,4.8465490301209183089536078789e-29,3.4243972991828220279587413166e-20,6.9844208889971366922489153806e-28,1.8415518680381646555166333913e-7,0.77597649535204324475020241217,0.0066391093560990538379239104820,2.2118015679604534797599981712e-15,1.9297753534787024526266884663e-14,0.0085558124452062783400959540012,0.0066391093561205633930266579600,0.0066392935113073672094922096233,1.8185266788354250251069049478e-7,1.8186627183061858399117872246e-7,36509.189491567624694091214805,36506.458533943461762051574046,1.0471363520804003986785406528e-12,1.0460902618185818168616789738e-12,1.0460902618185818168616789755e-15,1.8185371501989458291108917332e-7,0.0066392935123534574713107914402,36508.979272857453344671527419,-0.0066391116586384375767278803510,False,0.99997226283391596076551085463
random,3.0001753328000000000000000000e12,3.0001783329753328000000000000e12,1.0000010000000000000000000000,20000.000000000000000000000000,0.50000100000000000000000000000,1.0000000000000000000000000000,5.5586910000000000000000000000,30.653332569902707281446476704,13.312573187053971146653215391,1.9236397227476823275309716566,22491,4.9274039285926465893782117509e12,0.023032850249880258685275725514,0.000025389093967542371514158618515,2.8949489077610054118181751260e-17,5.0982321735460208297151694114e-9,5.1393913725137702068745711530e-30,4.7269865288510331741175382357e-18,7.3221442141045577319127876882e-29,0.000025394192199749594010594873133,0.82535321819468392148680327655,7.0650133726210462425197172964e-6,2.3548516316038623702464005404e-18,2.0566376583069689159616590156e-17,8.5599876718206186274367461895e-6,7.0650133726439674707343908479e-6,0.000032459205572393561481329263981,0.000025078547393234889165842866475,0.000025078549270200694556060064242,1.2943016620312568692796180235,1.2943015651612212337233566929,1.0471363520804003986785406528e-12,1.0471353049450954535830870697e-12,1.0471353049450954535830882462e-18,0.000025078548440371241246243265153,0.000032459206619528866426424717564,1.2943016497428655910261870831,-7.3806581791576251801814524102e-6,False,0.21765823433007048499208834082
random,3.0001753328000000000000000000e12,3.0001753628017533280000000000e12,1.0000000100000000000000000000,20000.000000000000000000000000,0.50000100000000000000000000000,1.0000000000000000000000000000,5.5586910000000000000000000000,28.744584219809121192000844057,12.483614311266390438760496277,0.014892362653596288418671759285,22491,4.9273990504676354076693531890e12,0.023032850249880258685275725514,0.000065936609070931460900901896886,7.0551493089988732551033835621e-19,1.3240337247474045337066718139e-8,1.2568519309694737200040181833e-31,1.2276207385757973811762522255e-17,1.7846458929186535695394548424e-30,0.000065949849408191916668555623376,0.83527712637442404047303972531,7.1550335781804686936413992867e-8,2.3834529336930435481106399319e-20,2.0816190061947543492681755782e-19,8.5660595175885730182547688552e-8,7.1550335782036683366370398737e-8,0.000066021399743973953351921993774,0.000065130110567765359119818537235,0.000065130110616511024794944946323,1.0136847483973060715518922608,1.0136847476386287504539119245,1.0471363520804003986785406528e-12,1.0471363416090369825881708269e-12,1.0471363416090369825882799511e-20,0.000065130111614901711200218935913,0.000066021400791110294960958976363,1.0136847481772879012778226786,-8.9128917620858376074004044912e-7,False,0.0010837446049236085593632530219
random,3.0001753328000000000000000000e12,3.0004753503332800000000000000e12,1.0001000000000000000000000000,20000.000000000000000000000000,0.50000100000000000000000000000,1.0000000000000000000000000000,5.5586910000000000000000000000,28.731660025750925925445056540,12.478001405103869439771011145,0.0018681835950676635275514095215,22491,4.9278917410937647602640683276e12,0.023032850249880258685275725514,0.000066364571154421980162604280811,7.0922759183870398336008307275e-15,1.3326174637532324398062273193e-8,1.2641917717651296132944258502e-27,1.2354604903743288154412315706e-17,1.7948450496266821309742732425e-26,0.000066377897336164143010312338848,0.83534524962652851410779801325,0.00071501535865667276587841029831,2.3831259475673191790717337894e-16,2.0811253371017237718502142395e-15,0.00085595190608753187263474810401,0.00071501535865899220381026875400,0.00078139325599515634682058109285,0.000065552350470031090249058745988,0.000065552841063270804374827421253,11.920140931519915134329199078,11.920051721953059001410241723,1.0471363520804003986785406528e-12,1.0470316489155088477937612767e-12,1.0470316489155088477937612794e-16,0.000065552351517167442329459144666,0.00078139325704218799573608994064,11.920140757079472072483816791,-0.00071584090552502055340663079598,False,0.91505186815104070683299031819
random,3.0001753328000000000000000000e12,3.0001753328000000000000000000e14,100.00000000000000000000000000,20000.000000000000000000000000,0.50000100000000000000000000000,1.0000000000000000000000000000,5.5586910000000000000000000000,418.58315493801197458485368292,181.78835440723249739584920563,385.24829290486835826323552805,22491,4.9273990011936453537098274264e14,0.023032850249880258685275725514,2.0141351983552642073658074534e-89,1.1430383693811532979167910088e-93,2.9480103185565746659187675205e-93,3.9246105204701383291579446018e-107,3.2014228803368379682640431574e-104,6.4388644265698705958704886286e-108,2.0145443032240611861535683092e-89,0.10445797288546038757365304800,4.4703029656474079315089055956,3.0551472590883898040367629077e-13,2.9268049168953039421731486903e-14,42.795229910784232448791820042,4.4703029656477427142839833876,4.4703029656477427142839833876,1.4501461284679922570150242506e-89,1.9930298189005125575919118286e-89,3.0826568977365039415595668210e89,2.2429684309057946447498102010e89,1.0471363520804003986785406528e-12,1.0471363520804003986785406528e-14,1.0366649885595963946917552463e-12,1.0471363520804003986785406528e-12,4.4703029656477531856475041916,4.2690743729471039355858558622e12,-4.4703029656467060492954237912,False,1.0000000000000000000000000000
random,3.0001753328000000000000000000e12,3.0001753628017533280000000000e12,1.0000000100000000000000000000,20000.000000000000000000000000,0.50000100000000000000000000000,1.0000000000000000000000000000,5.5586910000000000000000000000,29.243646911120200824574917006,12.700354484226578265378147837,0.51395505396467592099274470862,22491,4.9273990504676354076693531890e12,0.023032850249880258685275725514,0.000051375554513233848661950069011,5.5925739002242541649498695725e-19,1.0316418718157689485849347891e-8,9.9519282451052708183275862250e-32,9.5652016482118310230699465735e-18,1.4144069022585130264666677312e-30,0.000051385870931962130810474154129,0.83267095013357053981540613035,7.1327089173880647411001230667e-8,2.3760162420719696243525475999e-20,2.0751240767573810252608561353e-19,8.5660595175885730182547688552e-8,7.1327089174111919981097688466e-8,0.000051457198021136242730455251818,0.000050747158415859800952999521431,0.000050747158453840759322913327938,1.0139917116039848256099548894,1.0139917108450777624509571717,1.0471363520804003986785406528e-12,1.0471363416090369825881708269e-12,1.0471363416090369825882799511e-20,0.000050747159462996153033399920109,0.000051457199068272584339492234406,1.0139917113152742756055847877,-7.1003960527643130609231429653e-7,False,0.0013861440559747159717992872512
random,3.0001753328000000000000000000e12,3.0031755081328000000000000000e12,1.0010000000000000000000000000,20000.000000000000000000000000,0.50000100000000000000000000000,1.0000000000000000000000000000,5.5586910000000000000000000000,29.530607934908419609421771532,12.824980073379109465659010887,0.79991658741981112267279016869,22491,4.9323264001948390410446204074e12,0.023032850249880258685275725514,0.000044511888409595345724168140303,4.8867488962927659006861631227e-14,8.9375022922755002858922823165e-9,8.6913398221028705241835542867e-27,8.2787239873965634850092102595e-18,1.2346488137615499157742723951e-25,0.000044520825960763388911501244377,0.83118142946963668619350186942,0.0071114324184576222355969214620,2.3691547359646616320835442296e-15,2.0670644619615768741151139909e-14,0.0085558124452062783400959540012,0.0071114324184806620349525018924,0.0071559532444414254238640031367,0.000043964175656218673132802835327,0.000043967464507165054408731707042,162.76782488537859174813260825,162.75564953888283322749798479,1.0471363520804003986785406528e-12,1.0460902618185818168616789738e-12,1.0460902618185818168616789755e-15,0.000043964176703355025213203234005,0.0071559532454875156856825849536,162.76782103237760715807527987,-0.0071119890687841606604693817196,False,0.99377849121703721171491932162
random,3.0001753328000000000000000000e12,3.0001753628017533280000000000e12,1.0000000100000000000000000000,20000.000000000000000000000000,0.50000100000000000000000000000,1.0000000000000000000000000000,5.5586910000000000000000000000,28.735646266261574362381037726,12.479732607361183256690284494,0.0059544091060494587988654287458,22491,4.9273990504676354076693531890e12,0.023032850249880258685275725514,0.000066231937662199348530964833913,7.0845455511245853758562940885e-19,1.3299640420662733126191467719e-8,1.2621143129007322048410916438e-31,1.2331192242947826928529124726e-17,1.7920881211769037312936298215e-30,0.000066245237302633050910889087584,0.83532387591359679654318051366,7.1554340375154410621420997451e-8,2.3835863329239954985852449488e-20,2.0817355121138081323980346484e-19,8.5660595175885730182547688552e-8,7.1554340375386420035961618219e-8,0.000066316791643008437330925049202,0.000065421826870349376459598731691,0.000065421826919313372876586069486,1.0136799110552609585424468427,1.0136799102965872578814019771,1.0471363520804003986785406528e-12,1.0471363416090369825881708269e-12,1.0471363416090369825882799511e-20,0.000065421827917485728539999130370,0.000066316792690144778939962031791,1.0136799108363012766359581466,-8.9496477265905039996290142097e-7,False,0.0010789777159391600385946235091
random,3.0001753328000000000000000000e12,3.0001753328000000000000000000e14,100.00000000000000000000000000,20000.000000000000000000000000,0.50000100000000000000000000000,1.0000000000000000000000000000,5.5586910000000000000000000000,33.355389776227753093643489194,14.486061721547854944993541573,0.020527743084136772025334320332,22491,4.9273990011936453537098274264e14,0.023032850249880258685275725514,9.0205903749625595801511859639e-6,4.0785685918006001978358308222e-11,1.3203082656306949602115117109e-9,1.4772805664403043797715256916e-24,1.4338026783968454831157516930e-20,2.3181759029812410510637225848e-25,9.0219514689141226208492579591e-6,0.83526248427202557483957743896,35.745250050271456424026970313,2.4429441036934317506006464437e-12,2.3403195355381286732222335614e-13,42.795229910784232448791820042,35.745250050274133400084217558,35.745259072225602314206838407,6.4946852720858220928793515070e-6,8.9260669373477801121265109957e-6,5.5037707871478914038631756070e6,4.0045923163160438608995701602e6,1.0471363520804003986785406528e-12,1.0471363520804003986785406528e-14,1.0366649885595963946917552463e-12,6.4946863192221741732797501855e-6,35.745259072225612785570359211,5.5037698997765587480970270299e6,-35.745252577539293563396185931,False,0.99999974760425009972126477652
random,3.0001753328000000000000000000e12,3.0001753328000000000000000000e14,100.00000000000000000000000000,20000.000000000000000000000000,0.50000100000000000000000000000,1.0000000000000000000000000000,5.5586910000000000000000000000,266.51640265522892618511004046,115.74660300987109623108939076,233.18154062208530986349188558,22491,4.9273990011936453537098274264e14,0.023032850249880258685275725514,2.1133153999227321281859257905e-56,7.6356441525659909606836757092e-61,3.0931764711843507746778949475e-60,2.6288038626697984008343192452e-74,3.3590675939756221104650410408e-71,4.3031566889253210814290924847e-75,2.1137010740113795852997139239e-56,0.23732831031034705713410422485,10.156519604068485698097311630,6.9412886036357240072286048334e-13,6.6496950529226880404000998369e-14,42.795229910784232448791820042,10.156519604069246323908204429,10.156519604069246323908204429,1.5215543365372352443892696629e-56,2.0911707477368403375286480493e-56,6.6750949080027793891980744530e56,4.8568581092964750406990263633e56,1.0471363520804003986785406528e-12,1.0471363520804003986785406528e-14,1.0366649885595963946917552463e-12,1.0471363520804003986785406528e-12,10.156519604069256795271725233,9.6993286346050059640516590503e12,-10.156519604068209658919644833,False,1.0000000000000000000000000000
random,3.0001753328000000000000000000e12,3.0004753503332800000000000000e12,1.0001000000000000000000000000,20000.000000000000000000000000,0.50000100000000000000000000000,1.0000000000000000000000000000,5.5586910000000000000000000000,28.738961308904623940592511829,12.481172312088333659842981508,0.0091694667487656786750066980136,22491,4.9278917410937647602640683276e12,0.023032850249880258685275725514,0.000066122739580512809094403959883,7.0682275095162809237486026812e-15,1.3277614242569715102657430085e-8,1.2598843336485237298176060176e-27,1.2309584895372464459032089558e-17,1.7887540053581305029996832689e-26,0.000066136017201835915903937418126,0.83530705957374491537555136616,0.00071498266980819916713050615838,2.3830169965608122889463194569e-16,2.0810301928646448716044394303e-15,0.00085595190608753187263474810401,0.00071498266981051849902302688448,0.00078111868701235441492696430261,0.000065313478616994834746665072080,0.000065313967422519609327298982134,11.959532757287622589888107386,11.959443252914879966384027866,1.0471363520804003986785406528e-12,1.0470316489155088477937612767e-12,1.0470316489155088477937612794e-16,0.000065313479664131186827065470759,0.00078111868805938606384247315040,11.959532581577647954449825260,-0.00071580520839525487701540767964,False,0.91533166687536962204907370438
random,3.0001753328000000000000000000e12,3.0004753503332800000000000000e12,1.0001000000000000000000000000,20000.000000000000000000000000,0.50000100000000000000000000000,1.0000000000000000000000000000,5.5586910000000000000000000000,28.948481690099735994111270590,12.572165857487636676107401253,0.21868984794387773219376545927,22491,4.9278917410937647602640683276e12,0.023032850249880258685275725514,0.000059546201971962876176818043524,6.4116309339111059870156597635e-15,1.1957028768161869116790086219e-8,1.1423103401344862728015184614e-27,1.1085279179613623111386890625e-17,1.6224574611332476090018001051e-26,0.000059558159007153754259042920105,0.83421188700484027854303127767,0.00071404525476035350527582064025,2.3798926187455467279916372612e-16,2.0783017504838864743266791918e-15,0.00085595190608753187263474810401,0.00071404525476266979628817908140,0.00077360341376982355054722200150,0.000058817429735855037943908700655,0.000058817869925004608760116394418,13.152621888511999933120847203,13.152523455137056014727687773,1.0471363520804003986785406528e-12,1.0470316489155088477937612767e-12,1.0470316489155088477937612794e-16,0.000058817430782991390024309099333,0.00077360341481685519946273084929,13.152621672155102219157734032,-0.00071478598403386380943842174996,False,0.92301202664434651445758444654
random,3.0001753328000000000000000000e12,6.0003506656000000000000000000e12,2.0000000000000000000000000000,20000.000000000000000000000000,0.50000100000000000000000000000,1.0000000000000000000000000000,5.5586910000000000000000000000,31.000688116425695330797122110,13.463427784167393128356802019,1.5778490887102250677977180240,22491,9.8547980023872907284248872761e12,0.023032850249880258685275725514,0.000022455912686646723931779741506,1.7277908672643793033660621690e-11,4.2854093301252121744522752349e-9,2.2078897185490213999605194964e-24,2.0378854408565753298460681553e-18,1.5782940607704949371288354324e-23,0.000022460215373887559691178914343,0.82733480257608899368814636141,4.9720820853471614463028388440,1.1937198586209775419641883055e-12,5.2279776826400183500173473199e-12,6.0097581654632577755302152453,4.9720820853535831438440998399,4.9721045455689570314037910188,0.000021080217087651690302659666183,0.000022187990238770771460464042725,235865.90806417749422631219551,224089.90143148786303347389008,1.0471363520804003986785406528e-12,5.2356817604020019933927032641e-13,5.2356817604020019933927032641e-13,0.000021080218134788042383060064862,4.9721045455694805995798312190,235865.89634782610720299921561,-4.9720834653513458115374481590,False,0.99999548275480371713678957272
random,3.0001753328000000000000000000e12,3.0001783329753328000000000000e12,1.0000010000000000000000000000,20000.000000000000000000000000,0.50000100000000000000000000000,1.0000000000000000000000000000,5.5586910000000000000000000000,28.928811555020135018752529324,12.563623226364274391366088761,0.19911870786511006483702427622,22491,4.9274039285926465893782117509e12,0.023032850249880258685275725514,0.000060134289397341806399664052778,6.4709553718115406961678690850e-17,1.2075207147241565222079863519e-8,1.1529806437646772791034454753e-29,1.1195908615985149980562329034e-17,1.6377153874170010596573818255e-28,0.000060146364604564953427220408500,0.83431412183321306056000843102,7.1417185972949793410153534898e-6,2.3804183805892136276351345061e-18,2.0789666823771360041758540746e-17,8.5599876718206186274367461895e-6,7.1417185973181494262197140635e-6,0.000067288083201883102853440122563,0.000059398757141065434823894087304,0.000059398761586675233840117890207,1.1328197161109178938403244978,1.1328196313267524342156143700,1.0471363520804003986785406528e-12,1.0471353049450954535830870697e-12,1.0471353049450954535830882462e-18,0.000059398758188201786904294485982,0.000067288084249018407798535576146,1.1328197137694312299714617886,-7.8893260608166208942410901642e-6,False,0.10613645474029914951484660975
random,3.0001753328000000000000000000e12,3.0004753503332800000000000000e12,1.0001000000000000000000000000,20000.000000000000000000000000,0.50000100000000000000000000000,1.0000000000000000000000000000,5.5586910000000000000000000000,28.845775242717485266309019598,12.527561014133638501355077913,0.11598340056162700439151446745,22491,4.9278917410937647602640683276e12,0.023032850249880258685275725514,0.000062683969096116261446466622001,6.7255427837705519982934092258e-15,1.2587100385306484970782105012e-8,1.1985132767638051742969238623e-27,1.1669414244822838357562699088e-17,1.7019601271726741851506428740e-26,0.000062696556203238780129470997057,0.83474855874672932058109895848,0.00071450461996076525659685349450,2.3814236699534080655852961285e-16,2.0796387798861020783053193664e-15,0.00085595190608753187263474810401,0.00071450461996308303774373493738,0.00077720117616632181787320593444,0.000061916794451664535612972325590,0.000061917257836433578224926002234,12.552348406425423190238725260,12.552254465458550603104149573,1.0471363520804003986785406528e-12,1.0470316489155088477937612767e-12,1.0470316489155088477937612794e-16,0.000061916795498800887693372724269,0.00077720117721335346678871478223,12.552348211050507967675044083,-0.00071528438171455257909534205796,False,0.91933033797954307869573851091
random,3.0001753328000000000000000000e12,3.0301770861280000000000000000e12,1.0100000000000000000000000000,20000.000000000000000000000000,0.50000100000000000000000000000,1.0000000000000000000000000000,5.5586910000000000000000000000,29.347065593425993212201197903,12.745268647277689367462032762,0.60742341541730017577081058134,22491,4.9766729912055818488538446896e12,0.023032850249880258685275725514,0.000048822595575100565393346417935,5.3002314713728670118527119267e-13,9.7965211233492158268085315073e-9,9.3884044925115035311532749394e-26,8.9965571665583339347518374343e-18,1.3213531625231112317111443895e-24,0.000048832392626256058305041723194,0.83218484581529921498737570002,0.070893742483165515174806614427,2.3512685703597369823203207708e-14,2.0331798639087535768394224673e-13,0.085189898422071226902157945475,0.070893742483392345846901087155,0.070942574876018601905206128878,0.000048189747135369858065473141293,0.000048225641577428176636658887525,1472.1508016369904751032252416,1471.0550768332960293312816285,1.0471363520804003986785406528e-12,1.0367686654261390085926145077e-12,1.0367686654261390085926145079e-14,0.000048189748182506210145873539971,0.070942574877055370570632267887,1472.1507696694888886931522039,-0.070894385128872864360486394347,False,0.99931166309213336236381897929
random,3.0001753328000000000000000000e12,6.0003506656000000000000000000e12,2.0000000000000000000000000000,20000.000000000000000000000000,0.50000100000000000000000000000,1.0000000000000000000000000000,5.5586910000000000000000000000,29.476052499440085487877355223,12.801286948797383009613211670,0.053213471724615224877951136914,22491,9.8547980023872907284248872761e12,0.023032850249880258685275725514,0.000048128367267150557651367102507,3.5209450574017365446361481681e-11,9.1846524792102999197083563760e-9,4.5134093863782697526342332705e-24,4.3676736864160963852976337407e-18,3.2180290192226324165738435330e-23,0.000048137587129084709679032372900,0.83508327451472993509261430967,5.0186485278502116198507494678,1.2048997398472026534512722445e-12,5.2769407363440860328404831001e-12,6.0097581654632577755302152453,5.0186485278566934603269407565,5.0186966654438225450366197888,0.000045179924068241655938537384243,0.000047554145673469549894502476823,111082.45020207143769292635827,105536.46994112129734085155683,1.0471363520804003986785406528e-12,5.2356817604020019933927032641e-13,5.2356817604020019933927032641e-13,0.000045179925115378008018937782922,5.0186966654443461132126599890,111082.44762752205941203274504,-5.0186514855192307352046410512,False,0.99999040834895232152495513523
random,3.0001753328000000000000000000e12,3.0004753503332800000000000000e12,1.0001000000000000000000000000,20000.000000000000000000000000,0.50000100000000000000000000000,1.0000000000000000000000000000,5.5586910000000000000000000000,28.819894087813213912742325874,12.516320971373430168705658084,0.090102245657355650824820743257,22491,4.9278917410937647602640683276e12,0.023032850249880258685275725514,0.000063500407049234598174337837008,6.8070277435133482538484433104e-15,1.2751043202305151463633574336e-8,1.2131047891798865976738319808e-27,1.1821404503536743085745158047e-17,1.7225979477673758093653425777e-26,0.000063513158099255752473836794664,0.83488384993440619806692903755,0.00071462042271073375023150913013,2.3818096372405556425305017905e-16,2.0799758356348320973555517488e-15,0.00085595190608753187263474810401,0.00071462042271305190703086801779,0.00077813358081230765950470481246,0.000062723240208924310125767791081,0.000062723709629126618988938406225,12.405825627318185393112385346,12.405732782918352894390344160,1.0471363520804003986785406528e-12,1.0470316489155088477937612767e-12,1.0470316489155088477937612794e-16,0.000062723241256060662206168189760,0.00077813358185933930842021366025,12.405825436901378100553206144,-0.00071541034060327864621404547049,False,0.91837756438559916301667717768
random,3.0001753328000000000000000000e12,3.0001753328000000000000000000e13,10.000000000000000000000000000,20000.000000000000000000000000,0.50000100000000000000000000000,1.0000000000000000000000000000,5.5586910000000000000000000000,31.497324502253297439764706964,13.679114226044695064922217554,0.46504756210372680216454354469,22491,4.9273990011936453541258974596e13,0.023032850249880258685275725514,0.000019622517105333762673794455417,4.6836598374486117064168073487e-11,3.3430978625593996533939732541e-9,3.1975769799121115697757501813e-24,3.3650669109733569060105470245e-19,4.6962370269593060142463358437e-24,0.000019625907039795033074149824901,0.83310598255487650302465050127,17.123486798918450595629131320,2.1984722987803889762686820805e-12,1.9766368952913756739623738926e-12,20.553791663349033139899932972,17.123486798922625704823203085,17.123506424829665499856277235,0.000016444923520090754446819693191,0.000019401029893829742467378337062,1.0412639744970468651870946876e6,882608.11506071566180941071786,1.0471363520804003986785406528e-12,1.0471363520804003986785406528e-13,9.4242271687236035881068658753e-13,0.000016444924567227106527220091869,17.123506424829770213491485275,1.0412639081942036604893037890e6,-17.123489979905202986384958055,False,0.99999885386167103387179220743
random,3.0001753328000000000000000000e12,3.0001753328000000000000000000e14,100.00000000000000000000000000,20000.000000000000000000000000,0.50000100000000000000000000000,1.0000000000000000000000000000,5.5586910000000000000000000000,93.537402006221246037659817761,40.622777542868044134956490305,60.202539973077629716041662888,22491,4.9273990011936453537098274264e14,0.023032850249880258685275725514,7.7068525729148888448914196237e-19,9.7719719480542425981667114134e-24,1.1280216406078576164278929514e-22,3.4106405853416289187117832417e-37,1.2249869910649669148437232812e-33,5.5195650768523815559284915105e-38,7.7080783142749894987663369264e-19,0.60362996360409862790420198930,25.832483073473784599019229980,1.7654740733202372014910803737e-12,1.6913090467484258525721603685e-13,42.795229910784232448791820042,25.832483073475719203997225060,25.832483073475719204768032892,5.5488144144506509474546171017e-19,7.6260953089109519947067709607e-19,4.6554959571545179346135561491e19,3.3873800453675078296845473050e19,1.0471363520804003986785406528e-12,1.0471363520804003986785406528e-14,1.0366649885595963946917552463e-12,1.0471369069618418437436353983e-12,25.832483073475729676131553696,2.4669632883465043776253760928e13,-25.832483073474682539224591854,False,0.99999999999999999997016129540
random,3.0001753328000000000000000000e12,3.0301770861280000000000000000e12,1.0100000000000000000000000000,20000.000000000000000000000000,0.50000100000000000000000000000,1.0000000000000000000000000000,5.5586910000000000000000000000,107.61004414046082376459723166,46.734448367567493601168116290,78.870401962452130728166844337,22491,4.9766729912055818488538446896e12,0.023032850249880258685275725514,4.9434597690151352303669383237e-22,1.9679320462280180940045157363e-29,9.9193226986650337511537320321e-26,3.3240871923244961874063826930e-42,9.1093310154136172465610642910e-35,4.8668314466700716444141357540e-41,4.9444518980791172901653284757e-22,0.50987223659390895492722049781,0.043435964043530394623344404168,1.4406012928867513511649671428e-14,1.2457111780174610952096770334e-13,0.085189898422071226902157945475,0.043435964043669371754075017791,0.043435964043669371754569462980,4.8793816354206103937289820992e-22,4.8830160741094259909799361278e-22,8.9019403049675828724032882428e19,8.8953145728874766637421852505e19,1.0471363520804003986785406528e-12,1.0367686654261390085926145077e-12,1.0367686654261390085926145079e-14,1.0471363525683385622206016922e-12,0.043435964044706140419995601989,4.1480714462991970316216686514e10,-0.043435964043659004067427263427,False,0.99999999999999999998861668664
random,3.0001753328000000000000000000e12,3.0031755081328000000000000000e12,1.0010000000000000000000000000,20000.000000000000000000000000,0.50000100000000000000000000000,1.0000000000000000000000000000,5.5586910000000000000000000000,28.755126152507093360105933555,12.488192614465715211236559431,0.024434805018484873356952191952,22491,4.9323264001948390410446204074e12,0.023032850249880258685275725514,0.000065594850865480146198721891087,7.0122351943352683168932467007e-14,1.3170731481374775115002697272e-8,1.2492963164902386994638596280e-26,1.2199924216036815652242150140e-17,1.7721802785511683759856916024e-25,0.000065608021667096072841595324760,0.83522722241886407552411203136,0.0071460474641232375991165024389,2.3806866460706304424214960749e-15,2.0771259413562006139453918783e-14,0.0085558124452062783400959540012,0.0071460474641463895451761350755,0.0072116554858134856180177304003,0.000064787715116840023362627425972,0.000064792561725129510540464966869,111.31208243426673260285990086,111.30375607631634522184044468,1.0471363520804003986785406528e-12,1.0460902618185818168616789738e-12,1.0460902618185818168616789755e-15,0.000064787716163976375443027824650,0.0072116554868595758798363122171,111.31208065132322848995543087,-0.0071468677706955995043932843925,False,0.99090250195726101175174444620
random,3.0001753328000000000000000000e12,3.0001783329753328000000000000e12,1.0000010000000000000000000000,20000.000000000000000000000000,0.50000100000000000000000000000,1.0000000000000000000000000000,5.5586910000000000000000000000,215.67932584309748915497762380,93.668341074270656739305304380,186.94963299594246420106211875,22491,4.9274039285926465893782117509e12,0.023032850249880258685275725514,1.6856339097655734546187264287e-45,1.3524709911134820647875943897e-56,3.3848206803178332844145919280e-49,2.2748754349212655298374927630e-69,3.1383430989001345110327936078e-58,3.3898665028352371778287154842e-68,1.6859723918474437821682288956e-45,0.25910228272748512489885477438,2.2179123458806574441049112465e-6,7.3925613880526762469662653258e-19,6.4563813439320696086360000051e-18,8.5599876718206186274367461895e-6,2.2179123458878530815876485838e-6,2.2179123458878530815876485838e-6,1.6650160871334057892568020798e-45,1.6650162117490070029482858719e-45,1.3320666166693605545014980443e39,1.3320665169728644353613692348e39,1.0471363520804003986785406528e-12,1.0471353049450954535830870697e-12,1.0471353049450954535830882462e-18,1.0471363520804003986785406528e-12,2.2179133930231580266831021668e-6,2.1180750612054617576022312011e6,-2.2179123458868059462827034883e-6,False,1.0000000000000000000000000000
random,3.0001753328000000000000000000e12,3.3001928660800000000000000000e12,1.1000000000000000000000000000,20000.000000000000000000000000,0.50000100000000000000000000000,1.0000000000000000000000000000,5.5586910000000000000000000000,29.105554935483556207889459452,12.640381901212465217615538691,0.28055290852370639426333536502,22491,5.4201389013130099272828012080e12,0.023032850249880258685275725514,0.000055439170497685960360185519270,5.6903596927198366922881986146e-12,1.1053892896161683388972351746e-8,9.6667700457541042300420218631e-25,9.3502720963895844702125059317e-18,1.2487373527520973510333170433e-23,0.000055450230080951165048961624027,0.83389363937533341499838433852,0.68153650464250351264841256762,2.1666976410962624854514172193e-13,1.7203812384425014888887472879e-12,0.81729428366305443074024004808,0.68153650464444056365096469535,0.68159195487452151481601365698,0.000054374843561069171568877241731,0.000054763409988708753645526887625,12535.060521305514253372470111,12446.119681280871996367873334,1.0471363520804003986785406528e-12,9.5194213825490945334412786620e-13,9.5194213825490945334412786620e-14,0.000054374844608205523649277640409,0.68159195487547345695426856643,12535.060279926146646536140554,-0.68153758003086525143061928879,False,0.99991864600266421961890920880
random,3.0001753328000000000000000000e12,3.0004753503332800000000000000e12,1.0001000000000000000000000000,20000.000000000000000000000000,0.50000100000000000000000000000,1.0000000000000000000000000000,5.5586910000000000000000000000,613.77809516710377587078240342,266.56043984416212884685679037,585.04830332494791760886489829,22491,4.9278917410937647602640683276e12,0.023032850249880258685275725514,6.0355530676549306191493780919e-132,1.3783011474845374125482315146e-140,1.2119544029978157300362244703e-135,2.3044061758255035440987818111e-153,1.1235945961730808023897827146e-144,3.4507303416627953551482240550e-152,6.0367650358420635043577732323e-132,0.021422393734147236392603353677,0.000018336538749641444626704033136,6.1115164525894658643950947527e-18,5.3370371593584011424674959327e-17,0.00085595190608753187263474810401,0.000018336538749700926514750206613,0.000018336538749700926514750206613,5.9616853253036477366570463730e-132,5.9617299425064928734953139720e-132,3.0757307286705857525988853227e126,3.0757077100999457648076728268e126,1.0471363520804003986785406528e-12,1.0470316489155088477937612767e-12,1.0470316489155088477937612794e-16,1.0471363520804003986785406528e-12,0.000018336539796732575430259054407,1.7511129052393621488116603412e7,-0.000018336538749596223349858655728,False,1.0000000000000000000000000000
random,3.0001753328000000000000000000e12,3.3001928660800000000000000000e12,1.1000000000000000000000000000,20000.000000000000000000000000,0.50000100000000000000000000000,1.0000000000000000000000000000,5.5586910000000000000000000000,148.84171547740938662679940284,64.641135708852728325313538334,120.01671345044953681317327875,22491,5.4201389013130099272828012080e12,0.023032850249880258685275725514,5.5391078312220330690855971352e-31,2.9076196760965028966413410035e-37,1.1044303902269691385349752502e-34,4.6839690410074504496510663800e-50,9.3421609537484361987319004550e-44,6.3237918899227368905310918183e-49,5.5402151692328703576145923894e-31,0.39497627882987655699850263886,0.32281185486924532120009860518,1.0262629803373309885242372174e-13,8.1486384790963513175278158543e-13,0.81729428366305443074024004808,0.32281185487016281134604197341,0.32281185487016281134604197341,5.4327674654360643371400622449e-31,5.4715904009700333443886339975e-31,5.9419413204031202597031206620e29,5.8997810730301187693384408884e29,1.0471363520804003986785406528e-12,9.5194213825490945334412786620e-13,9.5194213825490945334412786620e-14,1.0471363520804003992218173994e-12,0.32281185487111475348429688286,3.0828063053084501044737233464e11,-0.32281185487006761713221648246,False,1.0000000000000000000000000000
random,3.0001753328000000000000000000e12,3.3001928660800000000000000000e12,1.1000000000000000000000000000,20000.000000000000000000000000,0.50000100000000000000000000000,1.0000000000000000000000000000,5.5586910000000000000000000000,31.180134108971202099347253679,13.541360188529558780017668376,2.3551320820113522857211295919,22491,5.4201389013130099272828012080e12,0.023032850249880258685275725514,0.000019648417601029779495848176078,2.1604942805566432651625922670e-12,3.9176542829028596649909707145e-9,3.6545413449602533942507024177e-25,3.3138672383416549603186891700e-18,4.7376608683936057021962936690e-24,0.000019652337415810276784497888869,0.82316634247324999194881646929,0.67276914620529925689126346365,2.1388250110681758129312479140e-13,1.6982500703197043295416857299e-12,0.81729428366305443074024004808,0.67276914620721138946268998556,0.67278879854462719973947448345,0.000019271205245091944824546607515,0.000019408918622970163671395851337,34911.609833846552335790964934,34663.899190570656617793241206,1.0471363520804003986785406528e-12,9.5194213825490945334412786620e-13,9.5194213825490945334412786620e-14,0.000019271206292228296904947006193,0.67278879854557914187772939290,34911.607936909574432519369390,-0.67276952733928691358082444589,False,0.99997078973749515137837828980
random,3.0001753328000000000000000000e12,3.0001753328000000000000000000e14,100.00000000000000000000000000,20000.000000000000000000000000,0.50000100000000000000000000000,1.0000000000000000000000000000,5.5586910000000000000000000000,33.354780443511000186252083947,14.485797091711326040182695477,0.019918410367383864633929073650,22491,4.9273990011936453537098274264e14,0.023032850249880258685275725514,9.0233390640777951616015495708e-6,4.0797368529458038426818209034e-11,1.3207105804246986423505493085e-9,1.4777052442873741742684676505e-24,1.4342395763881835932656115838e-20,2.3188403294477869213988493921e-25,9.0247005720267636623876800973e-6,0.83526523094523792377746384989,35.745367594783068680302267493,2.4429521370592960496777192687e-12,2.3403272314338472531144520336e-13,42.795229910784232448791820042,35.745367594785745665162470174,35.745376619486317691926132562,6.4966642856505897132034623361e-6,8.9287868239641429441053011249e-6,5.5021123222325624625055739052e6,4.0033856025712936556548215979e6,1.0471363520804003986785406528e-12,1.0471363520804003986785406528e-14,1.0366649885595963946917552463e-12,6.4966653327869417936038610146e-6,35.745376619486328163289653366,5.5021114353988531299196320707e6,-35.745370122820995376347859762,False,0.99999974752817215787796688664
random,3.0001753328000000000000000000e12,3.0301770861280000000000000000e12,1.0100000000000000000000000000,20000.000000000000000000000000,0.50000100000000000000000000000,1.0000000000000000000000000000,5.5586910000000000000000000000,30.901357737074666152714382714,13.420289148529884447955405076,2.1617155590659731162839953922,22491,4.9766729912055818488538446896e12,0.023032850249880258685275725514,0.000022444535072760957862184334812,2.5656523144821637601217905662e-13,4.5036188542215198336024134965e-9,4.5300063254195543638650221740e-26,4.1358625136656624344248676113e-18,6.3926592422394786401672278506e-25,0.000022449038948184546693432544888,0.82412758167539817989211411547,0.070207344969529745092266035264,2.3285034454833334782687901306e-14,2.0134944931767362211632709658e-13,0.085189898422071226902157945475,0.070207344969754379576038542220,0.070229794008702564122731974765,0.000022153604432266253842194192032,0.000022170105686536028657276707405,3170.1294578689128493472680467,3167.7699241349727801083955565,1.0471363520804003986785406528e-12,1.0367686654261390085926145077e-12,1.0367686654261390085926145079e-14,0.000022153605479402605922594590710,0.070229794009739332788158113774,3170.1293080729335648262249564,-0.070207640404259930182235519183,False,0.99968034878551113560859321258
random,3.0001753328000000000000000000e12,3.0031755081328000000000000000e12,1.0010000000000000000000000000,20000.000000000000000000000000,0.50000100000000000000000000000,1.0000000000000000000000000000,5.5586910000000000000000000000,31.354970926870889022222668232,13.617290853776916497558933391,2.6242795793822805354736868691,22491,4.9323264001948390410446204074e12,0.023032850249880258685275725514,0.000017878069833704864508225727480,2.0840063801894499782176859207e-14,3.5897216637916013090693381235e-9,3.6928354840613332149955094950e-27,3.3251252838048009189168786551e-18,5.2619433217913759172035887452e-26,0.000017881659576212045036769413670,0.82174059695555516266569915880,0.0070306584261407971532247515471,2.3422450959400315216635222496e-15,2.0435860627946929759221389121e-14,0.0085558124452062783400959540012,0.0070306584261635752589486385084,0.0070485400857397873039854079221,0.000017658082607740124963854219113,0.000017659403565106637765889964292,399.16791886850601380591282003,399.13806034010436370867803042,1.0471363520804003986785406528e-12,1.0460902618185818168616789738e-12,1.0460902618185818168616789755e-15,0.000017658083654876477044254617791,0.0070485400867858775658039897389,399.16789525681879345841025961,-0.0070308820031310010887597351211,False,0.99746306903859577671389023896
random,3.0001753328000000000000000000e12,3.0301770861280000000000000000e12,1.0100000000000000000000000000,20000.000000000000000000000000,0.50000100000000000000000000000,1.0000000000000000000000000000,5.5586910000000000000000000000,39.255487474688826570903872600,17.048441594679575378958389029,10.515845296680133534473485278,22491,4.9766729912055818488538446896e12,0.023032850249880258685275725514,3.4437719995028979293898029038e-7,5.0008773861912351885387237458e-15,6.9101170758595443411032289151e-11,8.7155000073266212972823592735e-28,6.3458509932072373796902715767e-20,1.2432628670082714193435893018e-26,3.4444630612198923309686276225e-7,0.78213854808166739324423432395,0.066630303462850328067186656916,2.2098669484536451846482379526e-14,1.9109076003282818255360433509e-13,0.085189898422071226902157945475,0.066630303463063517496704021550,0.066630647909369639485937118413,3.3991331245925850923374408969e-7,3.4016649906894637821580805425e-7,196022.47239832916880868648029,195876.57247771674081365761255,1.0471363520804003986785406528e-12,1.0367686654261390085926145077e-12,1.0367686654261390085926145079e-14,3.3991435959561058963414276823e-7,0.066630647910406408151363257422,196021.86853675606993407288249,-0.066630307996046812540773623279,False,0.99999483051243039836930292460
random,3.0001753328000000000000000000e12,3.0004753503332800000000000000e12,1.0001000000000000000000000000,20000.000000000000000000000000,0.50000100000000000000000000000,1.0000000000000000000000000000,5.5586910000000000000000000000,28.733853790853948742142604717,12.478954145182704167818573590,0.0040619486980904802250995858607,22491,4.9278917410937647602640683276e12,0.023032850249880258685275725514,0.000066291816923002182925677655384,7.0850417244322034052494828093e-15,1.3311565402866079477334320343e-8,1.2628960082918405789986074955e-27,1.2341060782706544151909214269e-17,1.7930127518398577150031683479e-26,0.000066305128495502431790389092677,0.83533377474697056478755965451,0.00071500553671164304616400702866,2.3830932113026046973698898084e-16,2.0810967493260718295219479082e-15,0.00085595190608753187263474810401,0.00071500553671396245223446336096,0.00078131066520946488402485245364,0.000065480486660874380045861319879,0.000065480976716285950716938187906,11.931961795823217156318627646,11.931872497789774057616615177,1.0471363520804003986785406528e-12,1.0470316489155088477937612767e-12,1.0470316489155088477937612794e-16,0.000065480487708010732126261718558,0.00078131066625649653294036130143,11.931961621002294163634892589,-0.00071583017854848580081409958287,False,0.91513602533797947173814535666
random,3.0001753328000000000000000000e12,3.0301770861280000000000000000e12,1.0100000000000000000000000000,20000.000000000000000000000000,0.50000100000000000000000000000,1.0000000000000000000000000000,5.5586910000000000000000000000,28.743431700120278041490042142,12.483113778325241005703651188,0.0037895221115850050596548205657,22491,4.9766729912055818488538446896e12,0.023032850249880258685275725514,0.000066023462840094127028738474829,7.0201448752540198051883748432e-13,1.3247969320982005935966498241e-8,1.2451582381370439250696421915e-25,1.2166167135898390323235554584e-17,1.7505335799695546728625426505e-24,0.000066036711511441762729087369640,0.83533520650799310222575441067,0.071162121390568134675047681893,2.3601696505936251916355306758e-14,2.0408767715809421535505478784e-13,0.085189898422071226902157945475,0.071162121390795824048711712360,0.071228158102307265811440799730,0.000065167653251279863374463230671,0.000065216193795539905543182287465,1092.9986664957645509485293496,1092.1851453891274888263947518,1.0471363520804003986785406528e-12,1.0367686654261390085926145077e-12,1.0367686654261390085926145079e-14,0.000065167654298416215454863629349,0.071228158103344034476866938738,1092.9986489489941460870916923,-0.071162990449045618261412075109,False,0.99907288475132838425296074144
random,3.0001753328000000000000000000e12,6.0003506656000000000000000000e12,2.0000000000000000000000000000,20000.000000000000000000000000,0.50000100000000000000000000000,1.0000000000000000000000000000,5.5586910000000000000000000000,29.433496409523280061377371389,12.782805073775135797738377264,0.010657381807809798377967303048,22491,9.8547980023872907284248872761e12,0.023032850249880258685275725514,0.000049163417702742881332756686544,3.5914738625899523232169988453e-11,9.3821779530457553398278874782e-9,4.6042414056772712556422577564e-24,4.4616050372669635662035485022e-18,3.2825420202054893827090431808e-23,0.000049172835795439014630086675173,0.83530059011174049709250536277,5.0199545420338266807769803726,1.2052132936139870785627620856e-12,5.2783139664895159687746377086e-12,6.0097581654632577755302152453,5.0199545420403102080370838756,5.0200037148761056470517139623,0.000046151565176016768500203829694,0.000048576846878360425893076923964,108772.12280299461325658770240,103341.48956696428703065648243,1.0471363520804003986785406528e-12,5.2356817604020019933927032641e-13,5.2356817604020019933927032641e-13,0.000046151566223153120580604228372,5.0200037148766292152277541625,108772.12033506709458761450479,-5.0199575633104060621071735582,False,0.99999020462163210717729621035
random,3.0001753328000000000000000000e12,3.0001753628017533280000000000e12,1.0000000100000000000000000000,20000.000000000000000000000000,0.50000100000000000000000000000,1.0000000000000000000000000000,5.5586910000000000000000000000,64.595151387845208386465227748,28.053317805446353033009304668,35.865459530689683482883055450,22491,4.9273990504676354076693531890e12,0.023032850249880258685275725514,1.0821185995212324706044556317e-12,2.6019930746461942727372623531e-26,2.1729378263920818974576237344e-16,4.4680102021555182061373485283e-39,2.0147096629458149889393634116e-25,6.5409010681820582813501296619e-38,1.0823358933040991696912425074e-12,0.66732412221715241918131843671,5.7163381484161438093996608095e-8,1.9042011167316802565080687131e-20,1.6630583218877306999504164555e-19,8.5660595175885730182547688552e-8,5.7163381484346785937352697968e-8,5.7164463820240090036522389210e-8,1.0688827500734206458655809945e-12,1.0688827508734100935539445631e-12,53480.574755569319176220220012,53480.574715542575900772676754,1.0471363520804003986785406528e-12,1.0471363416090369825881708269e-12,1.0471363416090369825882799511e-20,2.1160191021538210445441216473e-12,5.7165510956581699073504977381e-8,27015.593053198312919144477720,-5.7163394937479545252460433259e-8,False,0.99998106628102543526363104206
random,3.0001753328000000000000000000e12,3.0004753503332800000000000000e12,1.0001000000000000000000000000,20000.000000000000000000000000,0.50000100000000000000000000000,1.0000000000000000000000000000,5.5586910000000000000000000000,36.240248574409777324347042797,15.738939978668354883769718306,7.5104567322539190624295376663,22491,4.9278917410937647602640683276e12,0.023032850249880258685275725514,1.5540572206676063031506131283e-6,2.0948282199082721406024392085e-16,3.1205864151741320755500738016e-10,3.6836638757127682668964067228e-29,2.8930742149274571799661678858e-19,5.2890536226193080787807670150e-28,1.5543692795188958457710538375e-6,0.79697896634934209781357291783,0.00068217566535617738257595278708,2.2736721795229579624997997347e-16,1.9855420507248964180601684193e-15,0.00085595190608753187263474810401,0.00068217566535839029184462997930,0.00068373003463790918769040103314,1.5350374726695942272076747820e-6,1.5350489608771321681862940256e-6,445.41585909875514734739160958,445.41252563515859021376172226,1.0471363520804003986785406528e-12,1.0470316489155088477937612767e-12,1.0470316489155088477937612794e-16,1.5350385198059463076080734605e-6,0.00068373003568494083660590988093,445.41555593756394457410545199,-0.00068219499716513489029830180747,False,0.99772663302652477283687776950
random,3.0001753328000000000000000000e12,3.0001783329753328000000000000e12,1.0000010000000000000000000000,20000.000000000000000000000000,0.50000100000000000000000000000,1.0000000000000000000000000000,5.5586910000000000000000000000,29.825565744759924431894423995,12.953078622591886620432114515,1.0958728976048994779789189475,22491,4.9274039285926465893782117509e12,0.023032850249880258685275725514,0.000038405593883472376685498611636,4.2608770160551012086542492704e-17,7.7119977038634893536730560591e-9,7.5771766793067173960484877262e-30,7.1504215609971465489477182575e-18,1.0780113463763003699198599982e-28,0.000038413305881225999366573948229,0.82964235966389595777257625470,7.1017283707200767330607078995e-6,2.3670891701077363553612489734e-18,2.0673254579943347823466272460e-17,8.5599876718206186274367461895e-6,7.1017283707431170768107589837e-6,0.000045515034251969116443384707212,0.000037935836056351646460541746174,0.000037935838895601701903112969965,1.1997899343607184045020891582,1.1997898445642690093086650358,1.0471363520804003986785406528e-12,1.0471353049450954535830870697e-12,1.0471353049450954535830882462e-18,0.000037935837103487998540942144853,0.000045515035299104421388480160795,1.1997899288459237892295910040,-7.5791981956164228475380159427e-6,False,0.15603038616709104371906463520
random,3.0001753328000000000000000000e12,3.0301770861280000000000000000e12,1.0100000000000000000000000000,20000.000000000000000000000000,0.50000100000000000000000000000,1.0000000000000000000000000000,5.5586910000000000000000000000,32.117577768639719629293024976,13.948486797018785931640420429,3.3779355906310265928626376542,22491,4.9766729912055818488538446896e12,0.023032850249880258685275725514,0.000012218328276925659949840580486,1.4516585116229090668748540063e-13,2.4516744684906216439618673876e-9,2.5571995485528245664023390067e-26,2.2514757261123240728472191404e-18,3.6155661327193521168950786327e-25,0.000012220780096562253209888689974,0.81787728532492198813333967952,0.069674882858326539474423247410,2.3108437567276329264472974829e-14,1.9982238754201722452350990527e-13,0.085189898422071226902157945475,0.069674882858549470299532540963,0.069687103638646032552742429653,0.000012059951814243010811858002422,0.000012068934746658207791369230349,5778.3898901108678454886000805,5774.0890228892685215134037378,1.0471363520804003986785406528e-12,1.0367686654261390085926145077e-12,1.0367686654261390085926145079e-14,0.000012059952861379362892258401101,0.069687103639682801218168568662,5778.3893884733066293833568755,-0.069675043686821421855276310261,False,0.99982463354826839100244065826
random,3.0001753328000000000000000000e12,3.0001783329753328000000000000e12,1.0000010000000000000000000000,20000.000000000000000000000000,0.50000100000000000000000000000,1.0000000000000000000000000000,5.5586910000000000000000000000,28.785439257213710427109734445,12.501357428569154494844749268,0.055746410058685473194229397837,22491,4.9274039285926465893782117509e12,0.023032850249880258685275725514,0.000064603356445927267848251547225,6.9174103758315307016818471454e-17,1.2972613783412215840519296952e-8,1.2329259861092376475464783450e-29,1.2027967442590076423079184887e-17,1.7508046683838256764059971833e-28,0.000064616329059791882135293159315,0.83506347454944521616946669257,7.1481330473077510768169310816e-6,2.3825563918401128048458849665e-18,2.0808339399119508039996538588e-17,8.5599876718206186274367461895e-6,7.1481330473309419726078907025e-6,0.000071764462107122824107901050017,0.000063813160818675039110470774088,0.000063813165594674179428701890649,1.1246028434642407185456281745,1.1246027592950545712763271489,1.0471363520804003986785406528e-12,1.0471353049450954535830870697e-12,1.0471353049450954535830882462e-18,0.000063813161865811391190871172766,0.000071764463154258129052996503601,1.1246028414195651330658285034,-7.9513012884467378621253308340e-6,False,0.099605470973375688726577831903
random,3.0001753328000000000000000000e12,3.3001928660800000000000000000e12,1.1000000000000000000000000000,20000.000000000000000000000000,0.50000100000000000000000000000,1.0000000000000000000000000000,5.5586910000000000000000000000,28.834299079413108264755355936,12.522576979737126980957892013,0.0092970524532584511292318486297,22491,5.4201389013130099272828012080e12,0.023032850249880258685275725514,0.000063492025836931220080641096857,6.4561800864806906333444831636e-12,1.2659533810865058615189052041e-8,1.0974378029905097158626021646e-24,1.0708452384782422455961987016e-17,1.4169428055050947342724852171e-23,0.000063504691826932880087598567534,0.83530655286036553964943678101,0.68269127075712743068773189750,2.1703688003071487255020210651e-13,1.7232961783537982616493841126e-12,0.81729428366305443074024004808,0.68269127075906776374611641063,0.68275477545089469662620400920,0.000062273099349540221775666679115,0.000062718107264369794785275645437,10963.879790510790592408326031,10886.087052546756497765019949,1.0471363520804003986785406528e-12,9.5194213825490945334412786620e-13,9.5194213825490945334412786620e-14,0.000062273100396676573856067077793,0.68275477545184663876445891865,10963.879606165943889418484893,-0.68269250235144996219060285157,False,0.99990698755378899538070484162
random,3.0001753328000000000000000000e12,3.0301770861280000000000000000e12,1.0100000000000000000000000000,20000.000000000000000000000000,0.50000100000000000000000000000,1.0000000000000000000000000000,5.5586910000000000000000000000,28.742026003552656587798666413,12.482503292062692667074462635,0.0023838255439635513682790908762,22491,4.9766729912055818488538446896e12,0.023032850249880258685275725514,0.000066069883629117505056606693063,7.0247371401239851791990536178e-13,1.3257283906470000518894641281e-8,1.2459767292194618758507716825e-25,1.2174721111311744896939665857e-17,1.7516796625589443175608647148e-24,0.000066083141615509863792511694704,0.83534255672889318278446472170,0.071162747555139990319321489696,2.3601904180270559566505751056e-14,2.0408947295156539830798488507e-13,0.085189898422071226902157945475,0.071162747555367681696453325654,0.071228830696983191560245837349,0.000065213472324569809656811865746,0.000065262046997460299954695046832,1092.2410379020262222662604397,1091.4280806998758636278511178,1.0471363520804003986785406528e-12,1.0367686654261390085926145077e-12,1.0367686654261390085926145079e-14,0.000065213473371706161737212264424,0.071228830698019960225671976357,1092.2410203797494859440940504,-0.071163617224648254063934764093,False,0.99907224166157329979898252545
random,3.0001753328000000000000000000e12,6.0003506656000000000000000000e12,2.0000000000000000000000000000,20000.000000000000000000000000,0.50000100000000000000000000000,1.0000000000000000000000000000,5.5586910000000000000000000000,187.53349270107827416894914739,81.444761052122047248628072657,158.11065367336280390594974330,22491,9.8547980023872907284248872761e12,0.023032850249880258685275725514,2.2943732839531794446893815090e-39,1.0679871804355634710617909017e-44,4.3785032543743876486709366938e-43,1.2957097485184243006585585833e-57,2.0821553666081152547660329977e-52,9.6709644187425043248369857099e-57,2.2948218141506294655922941993e-39,0.31770694953289576173088923121,1.9093419341772774424012678125,4.5840341020155612445981442926e-13,2.0076090557363694270801294873e-12,6.0097581654632577755302152453,1.9093419341797434548672057381,1.9093419341797434548672057381,2.1538152370267197608810178438e-39,2.2669990188696026040439141198e-39,8.8649290865614605934984177194e38,8.4223324239981441141673136149e38,1.0471363520804003986785406528e-12,5.2356817604020019933927032641e-13,5.2356817604020019933927032641e-13,1.0471363520804003986785406550e-12,1.9093419341802670230432459383,1.8233938019503170055340228033e12,-1.9093419341792198866911655379,False,1.0000000000000000000000000000
random,3.0001753328000000000000000000e12,3.0301770861280000000000000000e12,1.0100000000000000000000000000,20000.000000000000000000000000,0.50000100000000000000000000000,1.0000000000000000000000000000,5.5586910000000000000000000000,29.046664213979153820580880124,12.614805985827802091773653148,0.30702203597046078415049280207,22491,4.9766729912055818488538446896e12,0.023032850249880258685275725514,0.000056735148376795760111319821301,6.0961786195187376119412163292e-13,1.1384218167071236879011014164e-8,1.0805406500410229225928119819e-25,1.0454606104254852509543184897e-17,1.5199564747002669420973744219e-24,0.000056746533204591147907804858902,0.83375115040898042129569874384,0.071027175812398813754788099352,2.3556940327810390941634261243e-14,2.0370066326568680045340086156e-13,0.085189898422071226902157945475,0.071027175812626071358381596543,0.071083922345830662506289401402,0.000055999735814124538135396993994,0.000056041447576313593107342450760,1269.3617445227574473335936252,1268.4169560222941606558281931,1.0471363520804003986785406528e-12,1.0367686654261390085926145077e-12,1.0367686654261390085926145079e-14,0.000055999736861260890215797392672,0.071083922346867431171715540410,1269.3617208055378244083430523,-0.071027922610006170281499743018,False,0.99920169665190233352410971504
random,3.0001753328000000000000000000e12,3.0001753628017533280000000000e12,1.0000000100000000000000000000,20000.000000000000000000000000,0.50000100000000000000000000000,1.0000000000000000000000000000,5.5586910000000000000000000000,28.731899199327163329219640603,12.478105276868246410945943863,0.0022073421716384256374683055947,22491,4.9273990504676354076693531890e12,0.023032850249880258685275725514,0.000066356141727913279188806423350,7.0969055705886444160457960029e-19,1.3324581098394443463109503949e-8,1.2643269840375757879979080205e-31,1.2354316799856998063854644211e-17,1.7952173085322635726378936881e-30,0.000066369466309024737639626450638,0.83534347554663270477253468257,7.1556019291385490028724673489e-8,2.3836422602340865952656259771e-20,2.0817843569430914144666696586e-19,8.5660595175885730182547688552e-8,7.1556019291617504887021323496e-8,0.000066441022328316355144513471962,0.000065544511743698142104412774097,0.000065544511792753960196006848934,1.0136778894337314085740157677,1.0136778886750592209656322329,1.0471363520804003986785406528e-12,1.0471363416090369825881708269e-12,1.0471363416090369825882799511e-20,0.000065544512790834494184813172776,0.000066441023375452696753550454550,1.0136778892152138682443422735,-8.9651058461820256873728177404e-7,False,0.0010769855246661549379121203914
random,3.0001753328000000000000000000e12,3.0031755081328000000000000000e12,1.0010000000000000000000000000,20000.000000000000000000000000,0.50000100000000000000000000000,1.0000000000000000000000000000,5.5586910000000000000000000000,28.732064966293725607131255969,12.478177268547106249101258183,0.0013736188051171203822746058077,22491,4.9323264001948390410446204074e12,0.023032850249880258685275725514,0.000066355575776944130250481103998,7.0878693656558799565449346966e-14,1.3323476756467053400513485486e-8,1.2628371726789377963171594421e-26,1.2341410722167375591287121511e-17,1.7913112009564347063643208089e-25,0.000066368899324591632371354343916,0.83534783678257560061704468948,0.0071470794179973479586769141291,2.3810304387504005606276363350e-15,2.0774258971251706775501192732e-14,0.0085558124452062783400959540012,0.0071470794180205032480869162365,0.0072134483173450948804582705804,0.000065539079411383285043203020784,0.000065543982227372207071438469175,110.06331462282048467874832295,110.05508167510524552142967739,1.0471363520804003986785406528e-12,1.0460902618185818168616789738e-12,1.0460902618185818168616789755e-15,0.000065539080458519637123603419463,0.0072134483183911851422768523973,110.06331288026922043754936979,-0.0071479092379326655051532489778,False,0.99079928261702460439130555739
random,3.0001753328000000000000000000e12,3.0001783329753328000000000000e12,1.0000010000000000000000000000,20000.000000000000000000000000,0.50000100000000000000000000000,1.0000000000000000000000000000,5.5586910000000000000000000000,28.733350654893147978505628361,12.478735636011281305354298975,0.0036578077381230245901233134535,22491,4.9274039285926465893782117509e12,0.023032850249880258685275725514,0.000066308007585885995156128192381,7.0870882027051499756108056187e-17,1.3314914587746539736458779102e-8,1.2633173120536991350139434698e-29,1.2345342414114334045158949019e-17,1.7937867791756060262531814972e-28,0.000066321322500556957920306009005,0.83533588860055616051669854926,7.1504649082268839070029694476e-6,2.3833336283718047546999035355e-18,2.0815127486738433085185090583e-17,8.5599876718206186274367461895e-6,7.1504649082500823681180796854e-6,0.000073471787408807040288424088691,0.000065496961526846784063989039239,0.000065496966428867432038710132793,1.1217587151533957234153997265,1.1217586311970740256835170015,1.0471363520804003986785406528e-12,1.0471353049450954535830870697e-12,1.0471353049450954535830882462e-18,0.000065496962573983136144389437918,0.000073471788455942345233519542274,1.1217587132067554679835579595,-7.9748258819592090891301043561e-6,False,0.097322593616294114619095987767
random,3.0001753328000000000000000000e12,3.0001753328000000000000000000e14,100.00000000000000000000000000,20000.000000000000000000000000,0.50000100000000000000000000000,1.0000000000000000000000000000,5.5586910000000000000000000000,36.211507298024411474828285553,15.726457800931334255733737593,2.8766452648807951532101306799,22491,4.9273990011936453537098274264e14,0.023032850249880258685275725514,2.1629023986290866990559603698e-6,1.0616733934328528936877733985e-11,3.1657550071098225653222558099e-10,3.8282836349029473538992081476e-25,3.4378850201123534233991748165e-21,6.0297251568209322063367238911e-26,2.1632295908637354481695752005e-6,0.82248677187472524964651336539,35.198510500954973561396915609,2.4055781835675334332741479924e-12,2.3045233039740146084455737156e-13,42.795229910784232448791820042,35.198510500957609591910880544,35.198512664187200455646328714,1.5572562071242184646834561762e-6,2.1402381425831489177113376394e-6,2.2602904071378347323236753462e7,1.6446072969106393396436465444e7,1.0471363520804003986785406528e-12,1.0471363520804003986785406528e-14,1.0366649885595963946917552463e-12,1.5572572542605705450838548547e-6,35.198512664187210927009849518,2.2602888872654796349397767309e7,-35.198511106929956666439304434,False,0.99999993854201705901289767748
random,3.0001753328000000000000000000e12,3.3001928660800000000000000000e12,1.1000000000000000000000000000,20000.000000000000000000000000,0.50000100000000000000000000000,1.0000000000000000000000000000,5.5586910000000000000000000000,28.902599324809215580418312079,12.552239399425294368517093259,0.077597297849365766792187991629,22491,5.4201389013130099272828012080e12,0.023032850249880258685275725514,0.000061360370669818978245987606980,6.2542025812713487045913356348e-12,1.2234507828382296124114883500e-8,1.0629422053233645626999792540e-24,1.0348931207801496709058790379e-17,1.3725783449773459513826501337e-23,0.000061372611431860290759456953607,0.83495056620846292750601611793,0.68240032490146790310448584778,2.1694438436909585174276467771e-13,1.7225617528489725063764923657e-12,0.81729428366305443074024004808,0.68240032490340740924170391614,0.68246169751483926953246337309,0.000060182367919085089925781284803,0.000060612435321172344161070590157,11339.894409478965764966068274,11259.433710238180513438975134,1.0471363520804003986785406528e-12,9.5194213825490945334412786620e-13,9.5194213825490945334412786620e-14,0.000060182368966221442006181683482,0.68246169751579121167071828255,11339.894212187567524316975663,-0.68240151514682499022871210086,False,0.99991007171295422653273608518
random,3.0001753328000000000000000000e12,3.0001753328000000000000000000e13,10.000000000000000000000000000,20000.000000000000000000000000,0.50000100000000000000000000000,1.0000000000000000000000000000,5.5586910000000000000000000000,35.433064121984861298037727048,15.388384225102115954750750556,4.4007871818352906604375636291,22491,4.9273990011936453541258974596e13,0.023032850249880258685275725514,2.7423300133415514679380623693e-6,7.3635331495544523680829969071e-12,4.6721210927331194110642840099e-10,4.9938112598335966344247469059e-25,4.7028237699211405662744582018e-20,7.3748963303204666948697378254e-25,2.7428045889840213638061068511e-6,0.81431301268467521213722888133,16.737220011470831922509643513,2.1488797804974818477769732212e-12,1.9320484774965338388631926974e-12,20.553791663349033139899932972,16.737220011474912850767637529,16.737222754279501834789001335,2.2982478289695547614763483852e-6,2.7113762358817931242134296350e-6,7.2826013553916088003086143276e6,6.1729621041825743874644318961e6,1.0471363520804003986785406528e-12,1.0471363520804003986785406528e-13,9.4242271687236035881068658753e-13,2.2982488761059068418767470637e-6,16.737222754279606548424209375,7.2825980372668436756539857184e6,-16.737220456030730442517367498,False,0.99999983612546542211012920857
random,3.0001753328000000000000000000e12,3.0001753628017533280000000000e12,1.0000000100000000000000000000,20000.000000000000000000000000,0.50000100000000000000000000000,1.0000000000000000000000000000,5.5586910000000000000000000000,382.29021267687069598362499576,166.02652985118551290983943171,353.56052081971517108004282346,22491,4.9273990504676354076693531890e12,0.023032850249880258685275725514,1.1160119344809330383832283138e-81,1.5884090824171554164383828922e-94,2.2409970110591738780760854400e-85,2.6594623502762451824450590443e-107,2.0778129396873659969925677706e-94,3.9762685059867559321325716839e-106,1.1162360341824055779732467987e-81,0.091281238125916023926814151965,7.8192051862323655812822209362e-9,2.6046988230924170899780753507e-21,2.2748469243574173610263103049e-20,8.5660595175885730182547688552e-8,7.8192051862577187493488875269e-9,7.8192051862577187493488875269e-9,1.1023615213438829604543639614e-81,1.1023615221689290981642500240e-81,7.0931405304544447944472251545e72,7.0931405251456889269795571441e72,1.0471363520804003986785406528e-12,1.0471363416090369825881708269e-12,1.0471363416090369825882799511e-20,1.0471363520804003986785406528e-12,7.8202523225993277863314756977e-9,7468.2273297669636547927224714,-7.8192051862472473859327971571e-9,False,1.0000000000000000000000000000
random,3.0001753328000000000000000000e12,3.3001928660800000000000000000e12,1.1000000000000000000000000000,20000.000000000000000000000000,0.50000100000000000000000000000,1.0000000000000000000000000000,5.5586910000000000000000000000,33.258167143532570766775161304,14.443838468652230584474910919,4.4331651165727209531490372163,22491,5.4201389013130099272828012080e12,0.023032850249880258685275725514,6.9516586694840528936176878788e-6,8.1533252030644624136585297159e-13,1.3860757600324843650251074347e-9,1.3739653723770822556070673278e-25,1.1724544126001053845973883850e-18,1.7867526689248749239672572744e-24,6.9530455605777781407657036636e-6,0.81255952715238266627863083363,0.66410025667570932368951457255,2.1112654271475183988983703809e-13,1.6763674641742563784170228163e-12,0.81729428366305443074024004808,0.66410025667759681769640358077,0.66410720972315739547454434647,6.8182000064182638320357562702e-6,6.8669233395980756832737204773e-6,97402.130928691563957013870748,96711.027177715356436881999648,1.0471363520804003986785406528e-12,9.5194213825490945334412786620e-13,9.5194213825490945334412786620e-14,6.8182010535546159124361549487e-6,0.66410720972410933761279925593,97402.115969854280885630895538,-0.66410039152305578299688681977,False,0.99998953023629501589842155217
random,3.0001753328000000000000000000e12,3.0001753328000000000000000000e13,10.000000000000000000000000000,20000.000000000000000000000000,0.50000100000000000000000000000,1.0000000000000000000000000000,5.5586910000000000000000000000,31.392642944639260829097137891,13.633651603215881628541101061,0.36036600448969019149697447176,22491,4.9273990011936453541258974596e13,0.023032850249880258685275725514,0.000020676928584396438036676428022,4.9189323546867171015837106573e-11,3.5227384633544100373754782109e-9,3.3588682606701744462232707634e-24,3.5458880135718522094981208365e-19,4.9323099940281417643861810442e-24,0.000020680500512183693910977354777,0.83361170943462211606129799902,17.133881403843294961413984953,2.1998068547182298565159847411e-12,1.9778367887387617842843729971e-12,20.553791663349033139899932972,17.133881403847472605057441945,17.133902084347984788751352922,0.000017328587732934182926494847407,0.000020443539808122628870325144780,988765.05970442215790726639869,838108.38265594011479991835381,1.0471363520804003986785406528e-12,1.0471363520804003986785406528e-13,9.4242271687236035881068658753e-13,0.000017328588780070535006895246085,17.133902084348089502386560962,988764.99995508272176200555019,-17.133884755759309431851554067,False,0.99999879300696301541449301667
random,3.0001753328000000000000000000e12,3.0001783329753328000000000000e12,1.0000010000000000000000000000,20000.000000000000000000000000,0.50000100000000000000000000000,1.0000000000000000000000000000,5.5586910000000000000000000000,41.875303908542906771676749675,18.186213415501857951474582312,13.145611061387881817761244627,22491,4.9274039285926465893782117509e12,0.023032850249880258685275725514,9.2859659903832922914617670668e-8,1.4464502499283687124365151423e-19,1.8646593153402267732257652038e-11,2.5257283945370707695522611985e-32,1.7288776117818907815408750142e-20,3.6481532404216499695157189374e-31,9.2878306497148258983460974172e-8,0.76934702532224393506772012871,6.5856010520889075292866403982e-6,2.1950578951063369700429481221e-18,1.9170798994945548896457438971e-17,8.5599876718206186274367461895e-6,6.5856010521102733861766922841e-6,6.6784793586074216451601532582e-6,9.1723847443909817000544997750e-8,9.1723854308841923773588451739e-8,72.810719836969205256438948093,72.810714387561828162783730762,1.0471363520804003986785406528e-12,1.0471353049450954535830870697e-12,1.0471353049450954535830882462e-18,9.1724894580261897400943676291e-8,6.6784804057427265902556068413e-6,72.809900041900466435746371197,-6.5867555111624646928546631650e-6,False,0.98609289607559482060193176741
random,3.0001753328000000000000000000e12,3.0001753328000000000000000000e14,100.00000000000000000000000000,20000.000000000000000000000000,0.50000100000000000000000000000,1.0000000000000000000000000000,5.5586910000000000000000000000,45.592934319405732190335473018,19.800759788695301942007844659,12.258072286262115868717318145,22491,4.9273990011936453537098274264e14,0.023032850249880258685275725514,1.9855733189438230705053715345e-8,1.2271366249677141498046302440e-13,2.9062054212035791628415558683e-12,4.3772713252223773543818309079e-27,3.1560244113920135088368368870e-23,6.9566566944465326636372156944e-28,1.9858762108521962620948588279e-8,0.78188180987282277000295866264,33.460811816565029495816767762,2.2868183273892715239728387877e-12,2.1907523785437193658151539166e-13,42.795229910784232448791820042,33.460811816567535389382011406,33.460811836426297497903974026,1.4295820179335586447291661164e-8,1.9647672288830562812767208302e-8,2.3406010579787122477857375232e9,1.7030420369668074399338244143e9,1.0471363520804003986785406528e-12,1.0471363520804003986785406528e-14,1.0366649885595963946917552463e-12,1.4296867315687666847690339704e-8,33.460811836426307969267494830,2.3404296268253415000338788641e9,-33.460811822129440653579827983,False,0.99999999940650686523680799845
random,3.0001753328000000000000000000e12,3.0301770861280000000000000000e12,1.0100000000000000000000000000,20000.000000000000000000000000,0.50000100000000000000000000000,1.0000000000000000000000000000,5.5586910000000000000000000000,28.955557681281099549590724954,12.575238921411698940273675495,0.21591550327240651316033763217,22491,4.9766729912055818488538446896e12,0.023032850249880258685275725514,0.000059379389369699039684074086391,6.3602892319459371311178865839e-13,1.1914799600464222235556712983e-8,1.1275824557047839365764732097e-25,1.0941861338733695013173188382e-17,1.5858624507072915762627701261e-24,0.000059391304805339368963940710607,0.83422676581977130374280620431,0.071067693440931931070089867796,2.3570378442822876283529816602e-14,2.0381686481406242870574010527e-13,0.085189898422071226902157945475,0.071067693441159318313346753101,0.071127084745964657682310693812,0.000058609701616065126455788151343,0.000058653357428012084984926497529,1213.5718624178846228655946100,1212.6685984389238363410012589,1.0471363520804003986785406528e-12,1.0367686654261390085926145077e-12,1.0367686654261390085926145079e-14,0.000058609702663201478536188550022,0.071127084747001426347736832820,1213.5718407535801367848368632,-0.071068475044338224869200644270,False,0.99916499734218744441758672305
random,3.0001753328000000000000000000e12,3.3001928660800000000000000000e12,1.1000000000000000000000000000,20000.000000000000000000000000,0.50000100000000000000000000000,1.0000000000000000000000000000,5.5586910000000000000000000000,28.827219121919821607610011628,12.519502193265683006663226287,0.0022170949599717939838875403340,22491,5.4201389013130099272828012080e12,0.023032850249880258685275725514,0.000063717184552378564183374918452,6.4774844357719984617194391972e-12,1.2704427706333717784920807637e-8,1.1010767102905477367002140848e-24,1.0746427254092454780721854779e-17,1.4216223950190590425331880485e-23,0.000063729895457580080115729694094,0.83534346287813575745347585499,0.68272143710366084571920237557,2.1704647032432779174763353546e-13,1.7233723263169006413858773752e-12,0.81729428366305443074024004808,0.68272143710560126451584360401,0.68278516700105884459595933370,0.000062493935444650476857471489126,0.000062940521469630831136307513644,10925.622816725742252812008289,10848.101525986032252514928591,1.0471363520804003986785406528e-12,9.5194213825490945334412786620e-13,9.5194213825490945334412786620e-14,0.000062493936491786828937871887805,0.68278516700201078673421424315,10925.622633673345163411687051,-0.68272267306551899990527637127,False,0.99990666186300224467305428047
random,3.0001753328000000000000000000e12,6.0003506656000000000000000000e12,2.0000000000000000000000000000,20000.000000000000000000000000,0.50000100000000000000000000000,1.0000000000000000000000000000,5.5586910000000000000000000000,215.84802925169117536891734134,93.741608033701164295608331217,186.42519022397570510591793725,22491,9.8547980023872907284248872761e12,0.023032850249880258685275725514,1.6301988642592588231474593963e-45,8.7340956382452787978561512434e-51,3.1110155798790476386428058261e-49,1.0581763584232651553358098648e-63,1.4794137194656844441086053552e-58,7.9071996870154970549634838295e-63,1.6305186999130329235274441469e-45,0.26720265563685305615689343137,1.6058233415449706342831440495,3.8553329959867019768749045387e-13,1.6884694274457769319756542818e-12,6.0097581654632577755302152453,1.6058233415470446370101884966,1.6058233415470446370101884966,1.5303295142870464896549715918e-45,1.6107488923818450391961984333e-45,1.0493317462384363599021092254e45,9.9694207405133341644894810035e44,1.0471363520804003986785406528e-12,5.2356817604020019933927032641e-13,5.2356817604020019933927032641e-13,1.0471363520804003986785406528e-12,1.6058233415475682051862286968,1.5335379565012667443855987123e12,-1.6058233415465210688341482964,False,1.0000000000000000000000000000
random,3.0001753328000000000000000000e12,3.0301770861280000000000000000e12,1.0100000000000000000000000000,20000.000000000000000000000000,0.50000100000000000000000000000,1.0000000000000000000000000000,5.5586910000000000000000000000,43.592285691142809309520724266,18.931889129213404387975169386,14.852643513134116273090336944,22491,4.9766729912055818488538446896e12,0.023032850249880258685275725514,3.9383165755061641362974179480e-8,6.3508615809605998622271500629e-16,7.9024478456977269339887243301e-12,1.1014863670379504589232689812e-28,7.2571500540244423521728709358e-21,1.5775858991143230346833255586e-27,3.9391068838000754337709913405e-8,0.76119175491006900554542121050,0.064845848280299435747539583523,2.1506835390442211827103598941e-14,1.8597307514537619177653416216e-13,0.085189898422071226902157945475,0.064845848280506915658075401927,0.064845887671575753658829739637,3.8872673129543436393886527990e-8,3.8901627689304473933137494823e-8,1.6681612673117799393954985628e6,1.6669196515241015543180248796e6,1.0471363520804003986785406528e-12,1.0367686654261390085926145077e-12,1.0367686654261390085926145079e-14,3.8873720265895516794285206530e-8,0.064845887672612522324255878646,1.6681163322951306969246707592e6,-0.064845848798892256428739084360,False,0.99999939254330147342168039712
random,3.0001753328000000000000000000e12,3.0301770861280000000000000000e12,1.0100000000000000000000000000,20000.000000000000000000000000,0.50000100000000000000000000000,1.0000000000000000000000000000,5.5586910000000000000000000000,51.794362413285038730455506155,22.494005789786885912332720448,23.054720235276345694025118833,22491,4.9766729912055818488538446896e12,0.023032850249880258685275725514,6.5200705199486863563541713132e-10,1.2492488208392754524407059638e-17,1.3082878495501258917121595354e-13,2.1516319230329935595157734383e-30,1.2014557290892097752183630081e-22,3.0995450580093769093506846637e-29,6.5213789327243200222339887516e-10,0.72309719059040492163177925681,0.061600576215484577073146910122,2.0430505387116802597892080690e-14,1.7666587597098647309389192550e-13,0.085189898422071226902157945475,0.061600576215681673454505013398,0.061600576867819566726937015621,6.4355560362986595501829873107e-10,6.4403496014653137832190510182e-10,9.5719121269975721110630135806e7,9.5647877335423144463171617823e7,1.0471363520804003986785406528e-12,1.0367686654261390085926145077e-12,1.0367686654261390085926145079e-14,6.4460273998194635541697727172e-10,0.061600576868856335392363154630,9.5563628647594031603140232123e7,-0.061600576224253595410416799213,False,0.99999998941344502874108751946
random,3.0001753328000000000000000000e12,3.0001783329753328000000000000e12,1.0000010000000000000000000000,20000.000000000000000000000000,0.50000100000000000000000000000,1.0000000000000000000000000000,5.5586910000000000000000000000,28.790178467917705068819690171,12.503415641626476193122962396,0.060485620762680114904185123791,22491,4.9274039285926465893782117509e12,0.023032850249880258685275725514,0.000064450453218435447149230377537,6.9021744461193134106745871433e-17,1.2941910200415737422686735415e-8,1.2301972511652024775133963475e-29,1.1999499648603584487820887891e-17,1.7469452129188205968430449508e-28,0.000064463395128716884130763047987,0.83503869373669231187048823327,7.1479209238560892090499636691e-6,2.3824856886114135963247921253e-18,2.0807721904069054926798832393e-17,8.5599876718206186274367461895e-6,7.1479209238792794166426441376e-6,0.000071611316052596163547405692125,0.000063662127826236066140836248981,0.000063662132590931371438296458325,1.1248652613066464949705225598,1.1248651771178200841591358900,1.0471363520804003986785406528e-12,1.0471353049450954535830870697e-12,1.0471353049450954535830882462e-18,0.000063662128873372418221236647660,0.000071611317099731468492501145708,1.1248652592528037524259578654,-7.9491882263590502712644980486e-6,False,0.099815522432646900026322740952
random,3.0001753328000000000000000000e12,6.0003506656000000000000000000e12,2.0000000000000000000000000000,20000.000000000000000000000000,0.50000100000000000000000000000,1.0000000000000000000000000000,5.5586910000000000000000000000,29.504741145424637543073779354,12.813746269441749850360608906,0.081902117709167280074375268285,22491,9.8547980023872907284248872761e12,0.023032850249880258685275725514,0.000047442926268483470828039826831,3.4741781254285987844553158206e-11,9.0538452707958772113327745528e-9,4.4531849055833848660414159739e-24,4.3054695688973960098813627305e-18,3.1752517576576838868372368943e-23,0.000047452014855539826497013604037,0.83493680587807525680060775237,5.0177682867650930328413584176,1.2046884076033572123646012163e-12,5.2760151923427300108871048025e-12,6.0097581654632577755302152453,5.0177682867715737364413045048,5.0178157387864292762678015185,0.000044536474601087683546208431994,0.000046876882700465460363249721393,112667.55583442346892888507362,107042.43647875086337388358193,1.0471363520804003986785406528e-12,5.2356817604020019933927032641e-13,5.2356817604020019933927032641e-13,0.000044536475648224035626608830673,5.0178157387869528444438417187,112667.55318540896724364589004,-5.0177712023113046204082151098,False,0.99999054329267439058859298070
random,3.0001753328000000000000000000e12,3.0001753628017533280000000000e12,1.0000000100000000000000000000,20000.000000000000000000000000,0.50000100000000000000000000000,1.0000000000000000000000000000,5.5586910000000000000000000000,30.520054573908038101192114255,13.254691288834362622780086827,1.7903627167525131976099419575,22491,4.9273990504676354076693531890e12,0.023032850249880258685275725514,0.000027138642502073505463321418794,3.0831693552405874076041092527e-19,5.4495489566280484230799316294e-9,5.4717803640782634472701526904e-32,5.0527257652118992929544472737e-18,7.7939839508001324953245516687e-31,0.000027144092051035494554445235518,0.82604230287150687086503842177,7.0759275304203109229575900306e-8,2.3571014792174438191318399136e-20,2.0586046274747638031935994071e-19,8.5660595175885730182547688552e-8,7.0759275304432540707115551125e-8,0.000027214851326339927095152351069,0.000026806698308031968586789424958,0.000026806698328095044515667536917,1.0152257847504355090062773840,1.0152257839906048220971261336,1.0471363520804003986785406528e-12,1.0471363416090369825881708269e-12,1.0471363416090369825882799511e-20,0.000026806699355168320667189823637,0.000027214852373476268704189333657,1.0152257841556780955232949095,-4.0815301830794803699951002004e-7,False,0.0026000243196606438809250851823
random,3.0001753328000000000000000000e12,3.3001928660800000000000000000e12,1.1000000000000000000000000000,20000.000000000000000000000000,0.50000100000000000000000000000,1.0000000000000000000000000000,5.5586910000000000000000000000,28.840301968463471119636177958,12.525184001327177020385964128,0.015299941503621306010053870134,22491,5.4201389013130099272828012080e12,0.023032850249880258685275725514,0.000063301743747007818186452992057,6.4381713474468043252427483929e-12,1.2621593888186040801953748740e-8,1.0943618571878803499421206400e-24,1.0676359745230253433233114927e-17,1.4129871221694665358392967603e-23,0.000063314371779078028049028734380,0.83527525921257712593115856628,0.68266569463767506786231867778,2.1702874903299012135763345198e-13,1.7232316173570529887896367215e-12,0.81729428366305443074024004808,0.68266569463961532822870872089,0.68272900901139440625675774963,0.000062086470314885200348817759257,0.000062530144565605776342615557103,10996.421692983736365451090272,10918.398058317047791616114717,1.0471363520804003986785406528e-12,9.5194213825490945334412786620e-13,9.5194213825490945334412786620e-14,0.000062086471362021552429218157935,0.68272900901234634839501265908,10996.421507535913308244204187,-0.68266692254098432684258344092,False,0.99990726280714106679653554496
random,3.0001753328000000000000000000e12,3.0001753628017533280000000000e12,1.0000000100000000000000000000,20000.000000000000000000000000,0.50000100000000000000000000000,1.0000000000000000000000000000,5.5586910000000000000000000000,50.112727653600776230705579557,21.763681093079309736009586378,21.383035796445251327123407260,22491,4.9273990504676354076693531890e12,0.023032850249880258685275725514,1.5104043160283010320689370367e-9,2.8175359718623903334899699717e-23,3.0329528324305994958500940298e-13,4.8801206449543621939524567067e-36,2.8121004220827781425297308513e-22,7.0930233904760353385564986661e-35,1.5107076113118534774204490237e-9,0.73066958015441156883922692513,6.2589591112738497580880753137e-8,2.0849565963077011305170902026e-20,1.8209234244204205696057070797e-19,8.5660595175885730182547688552e-8,6.2589591112941439489285872205e-8,6.4100298724253292966706321229e-8,1.4919299231649672676651323584e-9,1.4919299242815801002143548291e-9,42.964684687248226958282563667,42.964684655091945696403484707,1.0471363520804003986785406528e-12,1.0471363416090369825881708269e-12,1.0471363416090369825882799511e-20,1.4929770595170476680638108991e-9,6.4101345860594902003688909400e-8,42.935251718690561758194588184,-6.2608368801077854335625098501e-8,False,0.97643212837726987093817316501
random,3.0001753328000000000000000000e12,3.0001783329753328000000000000e12,1.0000010000000000000000000000,20000.000000000000000000000000,0.50000100000000000000000000000,1.0000000000000000000000000000,5.5586910000000000000000000000,28.739084560646070572986287035,12.481225839639528898608356754,0.0093917134910456190707819874694,22491,4.9274039285926465893782117509e12,0.023032850249880258685275725514,0.000066118177899212468400729800919,7.0682091935864541502466799745e-17,1.3276796023242805470878202736e-8,1.2599356531001605279595593588e-29,1.2309999586488073815607648658e-17,1.7890043741222315175177554647e-28,0.000066131454695318703297723223236,0.83530589694923532473230350507,7.1502081800613208430260395944e-6,2.3832480578699996656211025738e-18,2.0814380146591433218421810721e-17,8.5599876718206186274367461895e-6,7.1502081800845184712305010273e-6,0.000073281662875403221768953724264,0.000065309453741024610644138537406,0.000065309458629011523063362829776,1.1220682256200040714279265716,1.1220681416405175344553411965,1.0471363520804003986785406528e-12,1.0471353049450954535830870697e-12,1.0471353049450954535830882462e-18,0.000065309454788160962724538936084,0.000073281663922538526714049177847,1.1220682236628123595912118313,-7.9722091343775639895102417625e-6,False,0.097571587482145757505455994417
random,3.0001753328000000000000000000e12,3.0001783329753328000000000000e12,1.0000010000000000000000000000,20000.000000000000000000000000,0.50000100000000000000000000000,1.0000000000000000000000000000,5.5586910000000000000000000000,28.734817892475150633771933442,12.479372849196786128491343178,0.0051250453201256798564283948806,22491,4.9274039285926465893782117509e12,0.023032850249880258685275725514,0.000066259380624534334185722365191,7.0822525226039730174141840397e-17,1.3305150098348779066884606691e-8,1.2624511272039977175191531599e-29,1.2336288960235983172248881447e-17,1.7925618100552201785068944973e-28,0.000066272685774715841778975717391,0.83532821399485139550970328270,7.1503992136966652474874118376e-6,2.3833117316161280606029488683e-18,2.0814936248820446871989764183e-17,8.5599876718206186274367461895e-6,7.1503992137198634954678484125e-6,0.000073423084988435705274443565804,0.000065448929345926675547487825227,0.000065448934244352427863711570049,1.1218378317598149486963923767,1.1218377477975718891150882228,1.0471363520804003986785406528e-12,1.0471353049450954535830870697e-12,1.0471353049450954535830882462e-18,0.000065448930393063027627888223906,0.000073423086035571010219539019387,1.1218378298104802680002873455,-7.9741556425079825916507954810e-6,False,0.097386254130374211876951689176
random,3.0001753328000000000000000000e12,3.0004753503332800000000000000e12,1.0001000000000000000000000000,20000.000000000000000000000000,0.50000100000000000000000000000,1.0000000000000000000000000000,5.5586910000000000000000000000,30.095957417291110982027107161,13.070508233924772011931608435,1.3661655751352527201096020302,22491,4.9278917410937647602640683276e12,0.023032850249880258685275725514,0.000033549254793852134166485014449,3.7556053559981146165779838030e-15,6.7367756705853763713511952695e-9,6.6745832987329412208675140009e-28,6.2456184163173123129229977149e-18,9.4994862427329189749068329481e-27,0.000033555991573284570517280964518,0.82823939525528043261738455164,0.00070893308906324228045907827086,2.3628539152078522553182086234e-16,2.0634222693218195800925989914e-15,0.00085595190608753187263474810401,0.00070893308906554198811992087567,0.00074248908063882655863720184019,0.000033138653200027908081497742130,0.000033138901209429807364176985398,22.405529764806533033349874714,22.405362083265099636658345224,1.0471363520804003986785406528e-12,1.0470316489155088477937612767e-12,1.0470316489155088477937612794e-16,0.000033138654247164260161898140809,0.00074248908168585820755271068798,22.405529088417779034659713662,-0.00070935042743869394739081254717,False,0.95480608072456298671055736625
random,3.0001753328000000000000000000e12,3.0301770861280000000000000000e12,1.0100000000000000000000000000,20000.000000000000000000000000,0.50000100000000000000000000000,1.0000000000000000000000000000,5.5586910000000000000000000000,28.741130733521790068898065336,12.482114481228473983976627934,0.0014885555130970324676780146913,22491,4.9766729912055818488538446896e12,0.023032850249880258685275725514,0.000066099465442929379983695571101,7.0276634514420200162887526340e-13,1.3263219659382383841679557506e-8,1.2464982947118444503621915385e-25,1.2180172162734024170025392630e-17,1.7524099767475286648938870091e-24,0.000066112729365367287685779046118,0.83534723802358592443503051938,0.071163146354159347485675978871,2.3602036446330618033966040935e-14,2.0409061667752414013663772503e-13,0.085189898422071226902157945475,0.071163146354387040138799833629,0.071229259083752407426485612675,0.000065242670692878742153047655636,0.000065291267114361033904441341690,1091.7587880339040636905017628,1090.9461897713008575883322537,1.0471363520804003986785406528e-12,1.0367686654261390085926145077e-12,1.0367686654261390085926145079e-14,0.000065242671740015094233448054315,0.071229259084789176091911751684,1091.7587705272092039276816598,-0.071164016413049160997678303629,False,0.99907183185371013095984300449
random,3.0001753328000000000000000000e12,3.0004753503332800000000000000e12,1.0001000000000000000000000000,20000.000000000000000000000000,0.50000100000000000000000000000,1.0000000000000000000000000000,5.5586910000000000000000000000,28.866510789938752814443310811,12.536566347871079304259158634,0.13671894778289455252580567997,22491,4.9278917410937647602640683276e12,0.023032850249880258685275725514,0.000062037433255498834016736533716,6.6609589043801984933759383082e-15,1.2457274344519698172424395220e-8,1.1869489374832794912019962821e-27,1.1549053414819861314295898308e-17,1.6856030397577380806090670026e-26,0.000062049890536515861672722019445,0.83464018153525473503543150437,0.00071441185428002743449074922016,2.3811144845658027043987445326e-16,2.0793687758837269759804301261e-15,0.00085595190608753187263474810401,0.00071441185428234491471508952741,0.00077646174481886077638781154685,0.000061278171414125841495751467877,0.000061278630019445441094695391491,12.671098482548238174846682635,12.671003652863445564063447299,1.0471363520804003986785406528e-12,1.0470316489155088477937612767e-12,1.0470316489155088477937612794e-16,0.000061278172461262193576151866556,0.00077646174586589242530332039465,12.671098283107952962727645142,-0.00071518357340463023172716852809,False,0.92008635203143026985602944119
random,3.0001753328000000000000000000e12,6.0003506656000000000000000000e12,2.0000000000000000000000000000,20000.000000000000000000000000,0.50000100000000000000000000000,1.0000000000000000000000000000,5.5586910000000000000000000000,29.606109707396242801180865020,12.857770076544485831534315891,0.18327067968077253818146093390,22491,9.8547980023872907284248872761e12,0.023032850249880258685275725514,0.000045098237024092019919846029547,3.3138262611715055018270534131e-11,8.6063928201041574472813211973e-9,4.2467233929266714712276208856e-24,4.0926878333627866467957677757e-18,3.0285834906629686598339705271e-23,0.000045106876555178828514714250225,0.83441947880846628861690676498,5.0146592761842993726003420993,1.2039419823418167039670503404e-12,5.2727461719097445285994121781e-12,6.0097581654632577755302152453,5.0146592761907760607545936606,5.0147043830673312395831083748,0.000042335425863298236892799456666,0.000044560168043018290159961634523,118451.72880178154838651235650,112537.82477270162983990794610,1.0471363520804003986785406528e-12,5.2356817604020019933927032641e-13,5.2356817604020019933927032641e-13,0.000042335426910434588973199855344,5.0147043830678548077591485750,118451.72587197555187801685924,-5.0146620476409443731701753752,False,0.99999100507764575577590080863
random,3.0001753328000000000000000000e12,6.0003506656000000000000000000e12,2.0000000000000000000000000000,20000.000000000000000000000000,0.50000100000000000000000000000,1.0000000000000000000000000000,5.5586910000000000000000000000,38.875589339749982711278868980,16.883453930990298533497745316,9.4527503120345124482794648949,22491,9.8547980023872907284248872761e12,0.023032850249880258685275725514,4.3784222044082444247869809052e-7,4.2245987153164361988318069985e-13,8.3556307097488822669515864669e-11,5.3322076106214483741901723798e-26,3.9734403089269928056634084978e-20,3.8509222333277267712477173640e-25,4.3792619920783319778649105893e-7,0.78844320254248278336575563518,4.7383529744775672863693738658,1.1376051210937957371151558685e-12,4.9822193555579715973341193790e-12,6.0097581654632577755302152453,4.7383529744836871108460256332,4.7383534124098863186792234197,4.1101910155361786502760490274e-7,4.3261830631536097619786481412e-7,1.1528304632313452801674056361e7,1.0952734415625540592199541664e7,1.0471363520804003986785406528e-12,5.2356817604020019933927032641e-13,5.2356817604020019933927032641e-13,4.1102014868996994542800358128e-7,4.7383534124104098868552636199,1.1528275262205020745875118947e7,-4.7383530013902611968853181919,False,0.99999990757840095656612268158
random,3.0001753328000000000000000000e12,3.0004753503332800000000000000e12,1.0001000000000000000000000000,20000.000000000000000000000000,0.50000100000000000000000000000,1.0000000000000000000000000000,5.5586910000000000000000000000,28.742404386296335340054928280,12.482667621600319761721102943,0.012612544140477078137423149272,22491,4.9278917410937647602640683276e12,0.023032850249880258685275725514,0.000066009004653277759189305018867,7.0569151164674259305081062651e-15,1.3254775979979355304704981467e-8,1.2578581392458474924301752147e-27,1.2288411699112739873117962222e-17,1.7858887796287222147049890873e-26,0.000066022259436326942072795379265,0.83528905083728536092446320475,0.00071496725519590043347121279857,2.3829656200944244648995871089e-16,2.0809853270588574771592770361e-15,0.00085595190608753187263474810401,0.00071496725519821971536028109849,0.00078098951463454665743307647776,0.000065201135665309857314388828761,0.000065201623630060926131754125303,11.978158151163472338224222645,11.978068507399481764301499158,1.0471363520804003986785406528e-12,1.0470316489155088477937612767e-12,1.0470316489155088477937612794e-16,0.000065201136712446209394789227440,0.00078098951568157830634858532555,11.978157974851620094987049280,-0.00071578837896913209695379609811,False,0.91546332159501378995414214918
random,3.0001753328000000000000000000e12,3.0001753628017533280000000000e12,1.0000000100000000000000000000,20000.000000000000000000000000,0.50000100000000000000000000000,1.0000000000000000000000000000,5.5586910000000000000000000000,38.048837932627852672554659779,16.524400356971408645219298460,9.3191460754723277689724874816,22491,4.9273990504676354076693531890e12,0.023032850249880258685275725514,6.2912013646410434637021995520e-7,8.9104691922096050308278144974e-21,1.2632986277776088546878033165e-10,1.5621200824274064327224777932e-33,1.1713082268882589613260246150e-19,2.2477734952380925194368071947e-32,6.2924646632700814854756979507e-7,0.78800350911963483570157247972,6.7500849591655552512662278830e-8,2.2485582524256654656835148814e-20,1.9638070165425513574671339883e-19,8.5660595175885730182547688552e-8,6.7500849591874418796840790621e-8,6.9674731591888256734441058569e-7,6.2142510246828369625520105040e-7,6.2142510293338010132782415327e-7,1.1212088361918774714357869075,1.1212088353527253409747714041,1.0471363520804003986785406528e-12,1.0471363416090369825881708269e-12,1.0471363416090369825882799511e-20,6.2142614960463577665559972894e-7,6.9674836305522417638139317386e-7,1.1212086319484784416599476635,-7.5322213450588399725793444919e-8,False,0.096879956405505654127616092350
random,3.0001753328000000000000000000e12,3.0001753328000000000000000000e14,100.00000000000000000000000000,20000.000000000000000000000000,0.50000100000000000000000000000,1.0000000000000000000000000000,5.5586910000000000000000000000,45.997168817268400012399089483,19.976316600511990422060454398,12.662306784124783690780934609,22491,4.9273990011936453537098274264e14,0.023032850249880258685275725514,1.6222116742302691513573080691e-8,1.0114587070121906332657823387e-13,2.3743673008738325864917687017e-12,3.6066025716412299080601365805e-27,2.5784691985280894327150199152e-23,5.7336170632221267955817620547e-28,1.6224592255474292354094848597e-8,0.78017796653487911928102775269,33.387895449185778388049608475,2.2818349908759902908528703098e-12,2.1859783848299212837690058131e-13,42.795229910784232448791820042,33.387895449188278820878967457,33.387895465412871076353259811,1.1679672649887665229076380105e-8,1.6052131167508527076351396381e-8,2.8586328115740465498745098652e9,2.0799665238840090634959454422e9,1.0471363520804003986785406528e-12,1.0471363520804003986785406528e-14,1.0366649885595963946917552463e-12,1.1680719786239745629475058646e-8,33.387895465412881547716780615,2.8583765449749826113725257486e9,-33.387895453732161761477034986,False,0.99999999951405765384998156204
random,3.0001753328000000000000000000e12,6.0003506656000000000000000000e12,2.0000000000000000000000000000,20000.000000000000000000000000,0.50000100000000000000000000000,1.0000000000000000000000000000,5.5586910000000000000000000000,245.63317882260187559566164850,106.67713413501069033471616069,216.21033979488640533266224442,22491,9.8547980023872907284248872761e12,0.023032850249880258685275725514,5.5523589611092665509654013349e-52,3.3853244769194539843813687119e-57,1.0595931338070716939303293215e-55,4.0969123189624747377998186858e-70,5.0387938567211097163698346921e-65,3.0642595857623372921392652569e-69,5.5534524074883467313243557655e-52,0.22271516226711528302626337662,1.3384642650055418189651169320,3.2134452846228253035281026088e-13,1.4073503185077786490899059038e-12,6.0097581654632577755302152453,1.3384642650072705138120869931,1.3384642650072705138120869931,5.2122099814874871027564350692e-52,5.4861135305580973435462211126e-52,2.5679400288192010761240129753e51,2.4397312551989965117669780197e51,1.0471363520804003986785406528e-12,5.2356817604020019933927032641e-13,5.2356817604020019933927032641e-13,1.0471363520804003986785406528e-12,1.3384642650077940819881271933,1.2782139234767251905548751632e12,-1.3384642650067469456360467929,False,1.0000000000000000000000000000
random,3.0001753328000000000000000000e12,3.0004753503332800000000000000e12,1.0001000000000000000000000000,20000.000000000000000000000000,0.50000100000000000000000000000,1.0000000000000000000000000000,5.5586910000000000000000000000,28.753209031188974680289964753,12.487360019256117179955058446,0.023417189033116418372459621837,22491,4.9278917410937647602640683276e12,0.023032850249880258685275725514,0.000065653364232842526100146527077,7.0215327105350814041464840514e-15,1.3183362479244791352308048301e-8,1.2515208148040291928981552627e-27,1.2222204733470565456078741367e-17,1.7769270812463543296451906797e-26,0.000065666547602355525806786407887,0.83523254054117155824495022697,0.00071491888510022841013046073421,2.3828044039349577947487581705e-16,2.0808445409478427375288120557e-15,0.00085595190608753187263474810401,0.00071491888510254753511180207273,0.00078058543270490306091858848062,0.000064849847845978771068418891235,0.000064850333181694753851189379003,12.036812091815969279042867972,12.036722009089665249704239238,1.0471363520804003986785406528e-12,1.0470316489155088477937612767e-12,1.0470316489155088477937612794e-16,0.000064849848893115123148819289913,0.00078058543375193470983409732841,12.036811913601955632930882867,-0.00071573558485881958668527803850,False,0.91587525868269632509201811726
random,3.0001753328000000000000000000e12,3.0001753628017533280000000000e12,1.0000000100000000000000000000,20000.000000000000000000000000,0.50000100000000000000000000000,1.0000000000000000000000000000,5.5586910000000000000000000000,28.775504925864414232544518160,12.497043003282756671363029947,0.045813068708889328962345862729,22491,4.9273990504676354076693531890e12,0.023032850249880258685275725514,0.000064925045530760989743083412442,6.9543859910806760710860185735e-19,1.3037211205540378865404595113e-8,1.2388146719681035997590356824e-31,1.2087872498993545992883984165e-17,1.7591359353167722456232701292e-30,0.000064938082741979313433046920533,0.83511541727925198365043654748,7.1536483684466939513688773431e-8,2.3829914987930294010706820362e-20,2.0812160061420103968813069283e-19,8.5660595175885730182547688552e-8,7.1536483684698891029290904764e-8,0.000065009619225664012324076211438,0.000064130919888324308590413403324,0.000064130919936322144814904089624,1.0137016487346485101033318686,1.0137016479759585401984311504,1.0471363520804003986785406528e-12,1.0471363416090369825881708269e-12,1.0471363416090369825882799511e-20,0.000064130920935460660670813802003,0.000065009620272800353933113194026,1.0137016485109264001512672763,-8.7869933733969326229939202377e-7,False,0.0011003984415964438053925028030
random,3.0001753328000000000000000000e12,3.0001753328000000000000000000e13,10.000000000000000000000000000,20000.000000000000000000000000,0.50000100000000000000000000000,1.0000000000000000000000000000,5.5586910000000000000000000000,31.353849229936493058803307538,13.616803706987940536771163330,0.32157228978692242120314411884,22491,4.9273990011936453541258974596e13,0.023032850249880258685275725514,0.000021081911014420686348645988228,5.0090777759264019083868612369e-11,3.5917355185701327059610187810e-9,3.4206770804804916407609970675e-24,3.6153384804760063472594880909e-19,5.0227645185938294983932089352e-24,0.000021085552840717377287662522315,0.83379920363322055265785835477,17.137735120539372875879198362,2.2003016306656268494496827532e-12,1.9782816396441246520303220187e-12,20.553791663349033139899932972,17.137735120543551459149508113,17.137756206096392176526795776,0.000017667988894007396308883096602,0.000020843951039220017230226947901,969989.07509553349834215489092,822193.26719056085243802436561,1.0471363520804003986785406528e-12,1.0471363520804003986785406528e-13,9.4242271687236035881068658753e-13,0.000017667989941143748389283495280,17.137756206096496890162003816,969989.01760678009043803933384,-17.137738538106555746413614532,False,0.99999876964331928023106986520
random,3.0001753328000000000000000000e12,3.3001928660800000000000000000e12,1.1000000000000000000000000000,20000.000000000000000000000000,0.50000100000000000000000000000,1.0000000000000000000000000000,5.5586910000000000000000000000,28.831793198515455425062662442,12.521488689490969585324696514,0.0067911715556056114365383550686,22491,5.4201389013130099272828012080e12,0.023032850249880258685275725514,0.000063571627421889425538742170033,6.4637125714581192249764819146e-12,1.2675405393837777254555796664e-8,1.0987243878095821035389325806e-24,1.0721877846815519802065835945e-17,1.4185973456695957673694199219e-23,0.000063584309291006556667247464171,0.83531961660945775790547778323,0.68270194768458367873912568643,2.1704027437179213344048407781e-13,1.7233231297871474933424678483e-12,0.81729428366305443074024004808,0.68270194768652404214328462605,0.68276553199581504869995187352,0.000062351172735026684701422198130,0.000062796738567718736364643919005,10950.323819847922585803515402,10872.627266454840950885648734,1.0471363520804003986785406528e-12,9.5194213825490945334412786620e-13,9.5194213825490945334412786620e-14,0.000062351173782163036781822596809,0.68276553199676699083820678297,10950.323635961565662778138014,-0.68270318082298482780142496038,False,0.99990687240888516866270168743
random,3.0001753328000000000000000000e12,3.0001783329753328000000000000e12,1.0000010000000000000000000000,20000.000000000000000000000000,0.50000100000000000000000000000,1.0000000000000000000000000000,5.5586910000000000000000000000,137.70290252220802648041504729,59.803610707456324210395759670,108.97320967505300152649954224,22491,4.9274039285926465893782117509e12,0.023032850249880258685275725514,1.4425419207811615886165480629e-28,7.3894273969288453090930264488e-40,2.8966821902417379198810653030e-32,1.2493787496355327279222168389e-52,2.6857501238731689550912222205e-41,1.8536888185743081917800053559e-51,1.4428315890078437648178721179e-28,0.42220569350979122117080253006,3.6140755314045621774279845215e-6,1.2046136663871990743350300038e-18,1.0520636615716532675331325598e-17,8.5599876718206186274367461895e-6,3.6140755314162874277100882533e-6,3.6140755314162874277102325364e-6,1.4248974765813716265522493161e-28,1.4248975832256599816067679046e-28,2.5363758381320274590391590446e22,2.5363756483008427880579893813e22,1.0471363520804003986785406528e-12,1.0471353049450954535830870697e-12,1.0471353049450954535830882462e-18,1.0471363520804005411682883110e-12,3.6140765785515923728056861195e-6,3.4513906153399387471071231116e6,-3.6140755314152402924051449512e-6,False,0.99999999999999999999996007744
random,3.0001753328000000000000000000e12,3.0001753328000000000000000000e14,100.00000000000000000000000000,20000.000000000000000000000000,0.50000100000000000000000000000,1.0000000000000000000000000000,5.5586910000000000000000000000,33.336552679931094540146623260,14.477880874571135954810812297,0.0016906467874782185284683859971,22491,4.9273990011936453537098274264e14,0.023032850249880258685275725514,9.1059526028295338068628818069e-6,4.1148390958919793357058124416e-11,1.3328023985355919642015825189e-9,1.4904655881489855827717066189e-24,1.4473708137252493610334623584e-20,2.3388041291862451640727604296e-25,9.1073265536190427940529237011e-6,0.83534739993674492912262452752,35.748884035666147987665779265,2.4431924618159902577928866031e-12,2.3405574604931673446376842709e-13,42.795229910784232448791820042,35.748884035668825235873644572,35.748893142995378854916438625,6.5561447532367298591855460802e-6,9.0105346859306890741612695856e-6,5.4527309094794409330422994647e6,3.9674552497772124831152587888e6,1.0471363520804003986785406528e-12,1.0471363520804003986785406528e-14,1.0366649885595963946917552463e-12,6.5561458003730819395859447588e-6,35.748893142995389326279959429,5.4527300385786225540390672117e6,-35.748886586849588953198019843,False,0.99999974524171931170607351105
random,3.0001753328000000000000000000e12,3.0001753328000000000000000000e14,100.00000000000000000000000000,20000.000000000000000000000000,0.50000100000000000000000000000,1.0000000000000000000000000000,5.5586910000000000000000000000,116.35433517689330321320482077,50.532045712846186215015336768,83.019473143749686891586665894,22491,4.9273990011936453537098274264e14,0.023032850249880258685275725514,8.5554521429982487616007122437e-24,1.3494299569097793480512199825e-28,1.2522278155940890071232631579e-27,4.6904830434843783022895190241e-42,1.3598699960453347452047295037e-38,7.6168741414524353281970957227e-43,8.5568393138095474326947715399e-24,0.53369529849322857517628861017,22.839613001320624155954439124,1.5609318114643413398901441820e-12,1.4953593111237828160234091830e-13,42.795229910784232448791820042,22.839613001322334623697015843,22.839613001322334623697024400,6.1597929536176767362154874094e-24,8.4658027172633746417624926182e-24,3.7078540095911044269622681371e24,2.6978673805790488477803141648e24,1.0471363520804003986785406528e-12,1.0471363520804003986785406528e-14,1.0366649885595963946917552463e-12,1.0471363520865601916321583296e-12,22.839613001322345095060545204,2.1811498527208362643837285254e13,-22.839613001321297958708458644,False,0.99999999999999999999999962535
random,3.0001753328000000000000000000e12,3.3001928660800000000000000000e12,1.1000000000000000000000000000,20000.000000000000000000000000,0.50000100000000000000000000000,1.0000000000000000000000000000,5.5586910000000000000000000000,35.106154349572231318484220612,15.246409114863062850526797233,6.2811523226123815048580965243,22491,5.4201389013130099272828012080e12,0.023032850249880258685275725514,2.7593266582491594524376417519e-6,3.4161331475196470254046400777e-13,5.5017600501585913589996165263e-10,5.7395399272877869254776547339e-26,4.6538313661327147172420034755e-19,7.4824229174515947840578737669e-25,2.7598771758679554474804952165e-6,0.80324179482581480817301743998,0.65648492730852460469913215060,2.0870552548916606213024778797e-13,1.6571443269268436340966856681e-12,0.81729428366305443074024004808,0.65648492731039045455154816030,0.65648768718756632250699564079,2.7063528193021652451171860205e-6,2.7256926054616875069126320045e-6,242572.83917506442499760802814,240851.69614215103444485705019,1.0471363520804003986785406528e-12,9.5194213825490945334412786620e-13,9.5194213825490945334412786620e-14,2.7063538664385173255175846990e-6,0.65648768718851826464525055025,242572.74531967872124679752658,-0.65648498083465182612792503266,False,0.99999579599552324973646006326
random,3.0001753328000000000000000000e12,3.3001928660800000000000000000e12,1.1000000000000000000000000000,20000.000000000000000000000000,0.50000100000000000000000000000,1.0000000000000000000000000000,5.5586910000000000000000000000,28.827177403507403269803901201,12.519484075189375958458575313,0.0021753765475534561777771135114,22491,5.4201389013130099272828012080e12,0.023032850249880258685275725514,0.000063718513656132186362521462580,6.4776101778948301223167486732e-12,1.2704692713374922329478944239e-8,1.1010981879772431476311890845e-24,1.0746651418372496071090948650e-17,1.4216500148467977726639564711e-23,0.000063731224826466485846417034673,0.83534368037401276047694617509,0.68272161486179784006784226376,2.1704652683606758672001776041e-13,1.7233727750261946886377539866e-12,0.81729428366305443074024004808,0.68272161486373825936970452603,0.68278534608856472585555094307,0.000062495239032132592095243538273,0.000062941834372640088485376066111,10925.397784901716678850156551,10847.878090845120181983463823,1.0471363520804003986785406528e-12,9.5194213825490945334412786620e-13,9.5194213825490945334412786620e-14,0.000062495240079268944175643936951,0.68278534608951666799380585252,10925.397601856908388470808943,-0.68272285084943739904963020858,False,0.99990665994050464016685872213
random,3.0001753328000000000000000000e12,3.0001753628017533280000000000e12,1.0000000100000000000000000000,20000.000000000000000000000000,0.50000100000000000000000000000,1.0000000000000000000000000000,5.5586910000000000000000000000,34.579598372478520908883475146,15.017728759598089351154424162,5.8499065153229960053013028480,22491,4.9273990504676354076693531890e12,0.023032850249880258685275725514,3.5650808610266270726014845689e-6,4.5889588764510514125726786057e-20,7.1588262695961647774089365285e-10,8.0853434523559560663875132379e-33,6.6375375703470665612863425916e-19,1.1586080160348944570255395037e-31,3.5657967436542963324250248037e-6,0.80530903053322392907156379881,6.8983250855767823034817496426e-8,2.2979393434191918980105173422e-20,2.0069346219194635425779977665e-19,8.5660595175885730182547688552e-8,6.8983250855991495890443634699e-8,3.6347799945102878283154684384e-6,3.5214748518824344416874589541e-6,3.5214748545180300873393169332e-6,1.0321754797048416107398295916,1.0321754789323251759373928338,1.0471363520804003986785406528e-12,1.0471363416090369825881708269e-12,1.0471363416090369825882799511e-20,3.5214758990187865220878576327e-6,3.6347810416466294373524510266e-6,1.0321754701372268145357462174,-1.1330514262784291526459339387e-7,False,0.018978659220139560692393113361
random,3.0001753328000000000000000000e12,3.0031755081328000000000000000e12,1.0010000000000000000000000000,20000.000000000000000000000000,0.50000100000000000000000000000,1.0000000000000000000000000000,5.5586910000000000000000000000,29.396378795638279809223274461,12.766685098883464666964569209,0.66568744814967132247429309760,22491,4.9323264001948390410446204074e12,0.023032850249880258685275725514,0.000047601814411494921936692297108,5.2022225695158348841498025676e-14,9.5579257726458805382975524642e-9,9.2551061566630106815886595270e-27,8.8534163993610940350461861055e-18,1.3144195948228092915873028394e-25,0.000047611372389298646928929001661,0.83188031580373731628454957595,0.0071174119588526856268583309671,2.3711468038930704854023943864e-15,2.0688025218519329676077965453e-14,0.0085558124452062783400959540012,0.0071174119588757447988807433673,0.0071650233312650434458096723690,0.000047016080537498577663323237359,0.000047019597693880173969667410066,152.39516457673330577639520949,152.38376512518748279768634093,1.0471363520804003986785406528e-12,1.0460902618185818168616789738e-12,1.0460902618185818168616789755e-15,0.000047016081584634929743723636037,0.0071650233323111337076282541858,152.39516120485668176689227203,-0.0071180072507264987778845305498,False,0.99335502898063941546254648739
random,3.0001753328000000000000000000e12,3.0031755081328000000000000000e12,1.0010000000000000000000000000,20000.000000000000000000000000,0.50000100000000000000000000000,1.0000000000000000000000000000,5.5586910000000000000000000000,40.611860118461946101522554102,17.637506749274766276723456764,11.881168770973337614773572739,22491,4.9323264001948390410446204074e12,0.023032850249880258685275725514,1.7466773219192234141680718003e-7,2.6371788606289165398487356907e-16,3.5071377841505981243464211876e-11,4.6091830330850238124838495132e-29,3.2486286158322352217747029817e-20,6.6430231785564052105135182248e-28,1.7470280383351421974781101473e-7,0.77546461810752585808225809073,0.0066347298304000082727616883019,2.2103425406589716332432192819e-15,1.9285023663503641161091905484e-14,0.0085558124452062783400959540012,0.0066347298304215036389658509147,0.0066349045332253371531855987257,1.7251846942318584049643444861e-7,1.7253137510202461653447150155e-7,38459.096903705955709918653291,38456.220089255395114158671826,1.0471363520804003986785406528e-12,1.0460902618185818168616789738e-12,1.0460902618185818168616789755e-15,1.7251951655953792089683312715e-7,0.0066349045342714274150041805426,38458.863475783429080041978944,-0.0066347320147548678770832837095,False,0.99997366913073750161574068613
random,3.0001753328000000000000000000e12,3.0004753503332800000000000000e12,1.0001000000000000000000000000,20000.000000000000000000000000,0.50000100000000000000000000000,1.0000000000000000000000000000,5.5586910000000000000000000000,394.64268443307518315736608389,171.39114017277089188663112762,365.91289259091932489544857876,22491,4.9278917410937647602640683276e12,0.023032850249880258685275725514,2.3193533004328612275884135109e-84,3.4051718644529239515371275626e-93,4.6573204030484911705270335599e-88,5.7034349099415862775346945836e-106,4.3177697317391160401926155168e-97,8.5277425506769739721292996005e-105,2.3198190358787697181406621635e-84,0.084487672960381650808130723337,0.000072317384711104110400609852003,2.4103179586103565594776719106e-17,2.1048714522435532175853330227e-16,0.00085595190608753187263474810401,0.000072317384711338700725420310891,0.000072317384711338700725420310891,2.2909672701722509261726529226e-84,2.2909844157520370646691794777e-84,3.1566310725120649352255709780e79,3.1566074484884631014252880183e79,1.0471363520804003986785406528e-12,1.0470316489155088477937612767e-12,1.0470316489155088477937612794e-16,1.0471363520804003986785406528e-12,0.000072317385758370349640929158684,6.9062052534699638699565449439e7,-0.000072317384711233997560528760006,False,1.0000000000000000000000000000
random,3.0001753328000000000000000000e12,6.0003506656000000000000000000e12,2.0000000000000000000000000000,20000.000000000000000000000000,0.50000100000000000000000000000,1.0000000000000000000000000000,5.5586910000000000000000000000,46.946202690134450078433579064,20.388476774636988198178007626,17.523363662418979815434174978,22491,9.8547980023872907284248872761e12,0.023032850249880258685275725514,7.7411630640257001895179230159e-9,9.0198492048684967844623922665e-15,1.4772969989468816145544675915e-12,1.1288919122316809699261213187e-27,7.0251446572712767581058616605e-22,8.2102534299269584366327865083e-27,7.7426493808745544634341344157e-9,0.75048124295438248456303057212,4.5102107778662899631271720139,1.0828317151021933251195169057e-12,4.7423354815834833754580111391e-12,6.0097581654632577755302152453,4.5102107778721151303238576906,4.5102107856147645111984121540,7.2669234235850015432280526242e-9,7.6488029187729986727492293613e-9,6.2064927930529036551833754273e8,5.8966230840450010525836466834e8,1.0471363520804003986785406528e-12,5.2356817604020019933927032641e-13,5.2356817604020019933927032641e-13,7.2679705599370819436267311648e-9,4.5102107856152880793744523542,6.2055985896210516564938009939e8,-4.5102107783473175194373704106,False,0.99999999828330653512478968439
random,3.0001753328000000000000000000e12,3.3001928660800000000000000000e12,1.1000000000000000000000000000,20000.000000000000000000000000,0.50000100000000000000000000000,1.0000000000000000000000000000,5.5586910000000000000000000000,536.98378877550271024114952471,233.20909633670216368877400741,508.15878674854286042752340062,22491,5.4201389013130099272828012080e12,0.023032850249880258685275725514,2.8804444609174592090647846736e-115,5.4560467377445052024207989316e-121,5.7432541429624715958679731507e-119,8.7050693441955730210718056587e-134,4.8581065023764457177644315053e-128,1.1847608690750169892150129877e-132,2.8810242423789790240979271615e-115,0.035037154811984246803140428330,0.028635666343570817752340332626,9.1036694726102492983712986420e-15,7.2284115072632740351273269898e-14,0.81729428366305443074024004808,0.028635666343652205536885575616,0.028635666343652205536885575616,2.8251453898516134239288022801e-115,2.8453340760124144109642048976e-115,1.0135997406192341657523331320e113,1.0064078796604292285124409151e113,1.0471363520804003986785406528e-12,9.5194213825490945334412786620e-13,9.5194213825490945334412786620e-14,1.0471363520804003986785406528e-12,0.028635666344604147675140485069,2.7346645246067693097179405430e10,-0.028635666343557011323060084670,False,1.0000000000000000000000000000
random,3.0001753328000000000000000000e12,3.0031755081328000000000000000e12,1.0010000000000000000000000000,20000.000000000000000000000000,0.50000100000000000000000000000,1.0000000000000000000000000000,5.5586910000000000000000000000,31.072446199769864137796201260,13.494591923795719284698218774,2.3417548522812556510472198965,22491,4.9323264001948390410446204074e12,0.023032850249880258685275725514,0.000020590651792819023388526441690,2.3785785065876767289167301668e-14,4.1343785710537472813203269010e-9,4.2171118107028685991613974914e-27,3.8296358344705551535457030669e-18,6.0062760386555570672326801519e-26,0.000020594786195179691837583279733,0.82319557619589457079719479233,0.0070431069556327695069807088545,2.3463922903259550548540820794e-15,2.0472044495559521899418168891e-14,0.0085558124452062783400959540012,0.0070431069556555879437665943315,0.0070637017418507676356041776112,0.000020337286613532805987561581482,0.000020338807995506364808196828185,347.32763893637856702871693104,347.30165816066578675045954639,1.0471363520804003986785406528e-12,1.0460902618185818168616789738e-12,1.0460902618185818168616789755e-15,0.000020337287660669158067961980161,0.0070637017428968578974227594281,347.32762110443791684729914794,-0.0070433644552361887393547974479,False,0.99708442018819106721189697513
random,3.0001753328000000000000000000e12,3.0301770861280000000000000000e12,1.0100000000000000000000000000,20000.000000000000000000000000,0.50000100000000000000000000000,1.0000000000000000000000000000,5.5586910000000000000000000000,28.855021425776682465248172978,12.531576580414915172892028057,0.11537924776798942881778565603,22491,4.9766729912055818488538446896e12,0.023032850249880258685275725514,0.000062440575571693299010064900978,6.6649589891782074180701521337e-13,1.2529043372985735686775121253e-8,1.1818617530331299823241370296e-25,1.1505947216170460394509162002e-17,1.6618927633743997551537635115e-24,0.000062453105281573689612568667305,0.83475192335042817240650120959,0.071112431557624032324349731127,2.3585216328931118180668343424e-14,2.0394517040891684050488985905e-13,0.085189898422071226902157945475,0.071112431557851562711087579085,0.071174884663133136400700147753,0.000061631208098273139114483296054,0.000061677114498691744685910803669,1154.8513627972741953714910385,1153.9918046043294115435498074,1.0471363520804003986785406528e-12,1.0367686654261390085926145077e-12,1.0367686654261390085926145079e-14,0.000061631209145409491194883694733,0.071174884664169905066126286761,1154.8513431927574039110513173,-0.071113253455024495574931403067,False,0.99912254012665899150972715869
random,3.0001753328000000000000000000e12,3.0031755081328000000000000000e12,1.0010000000000000000000000000,20000.000000000000000000000000,0.50000100000000000000000000000,1.0000000000000000000000000000,5.5586910000000000000000000000,28.907848679008869129014095474,12.554519164987759565559132484,0.17715733152026064226511411098,22491,4.9323264001948390410446204074e12,0.023032850249880258685275725514,0.000060772412043617662867979839219,6.5312111957517365510507192565e-14,1.2202438300277942568206920821e-8,1.1631975588287524138208103899e-26,1.1303003384798860390651699900e-17,1.6505147255518622897297091420e-25,0.000060784614547241355771626893959,0.83442889417449356947154897292,0.0071392171173947148735467338405,2.3784111342822937057494595087e-15,2.0751405794551636604700029712e-14,0.0085558124452062783400959540012,0.0071392171174178446904755677709,0.0072000017319650860462471946648,0.000060024615751007976055007071656,0.000060029106043646749809916235386,119.95081754178790381322099917,119.94184498982900638627489989,1.0471363520804003986785406528e-12,1.0460902618185818168616789738e-12,1.0460902618185818168616789755e-15,0.000060024616798144328135407470334,0.0072000017330111763080657764817,119.95081546665976652202780005,-0.0071399771162130319799303690114,False,0.99155769445479681864651540755
random,3.0001753328000000000000000000e12,3.0001753328000000000000000000e13,10.000000000000000000000000000,20000.000000000000000000000000,0.50000100000000000000000000000,1.0000000000000000000000000000,5.5586910000000000000000000000,37.670752854361529828886810590,16.360200093790385548098449530,6.6384759142119591912866471711,22491,4.9273990011936453541258974596e13,0.023032850249880258685275725514,8.9580149410040795122874570977e-7,2.5572570667434821913817715447e-12,1.5261813987108522089665326111e-10,1.7287800466543475542336701192e-25,1.5362106453602730125520506417e-20,2.5598148492557836054446538500e-25,8.9595666949736114246714683713e-7,0.80381780485192824801998965808,16.521503696213054494420350381,2.1211841161121677966427112946e-12,1.9071474259372357346777420956e-12,20.553791663349033139899932972,16.521503696217082825962399784,16.521504592173752323323542251,7.5073890778568743169557146676e-7,8.8569022377130714240446747883e-7,2.2006991273309797796918913587e7,1.8653818399196587901035624329e7,1.0471363520804003986785406528e-12,1.0471363520804003986785406528e-13,9.4242271687236035881068658753e-13,7.5073995492203951209597014530e-7,16.521504592173857036958750291,2.2006960577833546132350720998e7,-16.521503841433902114919238195,False,0.99999994577027385739574767921
random,3.0001753328000000000000000000e12,3.0001753328000000000000000000e14,100.00000000000000000000000000,20000.000000000000000000000000,0.50000100000000000000000000000,1.0000000000000000000000000000,5.5586910000000000000000000000,107.23156821787134195348810126,46.570078362853639353152639833,73.896706184727725631869946384,22491,4.9273990011936453537098274264e14,0.023032850249880258685275725514,8.1889202436002034639312088168e-22,1.1903430195063307559671606924e-26,1.1985799858760073732110090208e-25,4.1434610644826344082633485420e-40,1.3016105698626020300154284866e-36,6.7205047706013630521184678510e-41,8.1902378578880431253012267094e-22,0.56062821664674266236801376908,23.992213425868507541398460960,1.6397041912100081244821737182e-12,1.5708225764931760671670346494e-13,42.795229910784232448791820042,23.992213425870304327847320285,23.992213425870304327848139309,5.8958956664315254173440131513e-22,8.1031115703755797120607213127e-22,4.0693076647320533910417146148e22,2.9608642578221669212984079084e22,1.0471363520804003986785406528e-12,1.0471363520804003986785406528e-14,1.0366649885595963946917552463e-12,1.0471363526699899653216931946e-12,23.992213425870314799211660113,2.2912215171113991228597729387e13,-23.992213425869267662858990123,False,0.99999999999999999999996586293
random,3.0001753328000000000000000000e12,3.0301770861280000000000000000e12,1.0100000000000000000000000000,20000.000000000000000000000000,0.50000100000000000000000000000,1.0000000000000000000000000000,5.5586910000000000000000000000,28.753051710520029968326186921,12.487291695757705163273303452,0.013409532511336931895799599264,22491,4.9766729912055818488538446896e12,0.023032850249880258685275725514,0.000065706652181791038238760788838,6.9887973217033610927833120227e-13,1.3184399527741614761989472145e-8,1.2395711637728060794841327183e-25,1.2107788322465285663754457219e-17,1.7427102515795320600634601314e-24,0.000065719837280210619814048020242,0.83528490634853354733332157463,0.071157836325093174919057751799,2.3600275317066783078390844722e-14,2.0407538790867098507909529232e-13,0.085189898422071226902157945475,0.071157836325320850582283489567,0.071223556162601061202097537587,0.000064854949157333615520854101382,0.000064903256781944794990608279350,1098.1977025348928438072999693,1097.3803117752711556451549526,1.0471363520804003986785406528e-12,1.0367686654261390085926145077e-12,1.0367686654261390085926145079e-14,0.000064854950204469967601254500061,0.071223556163637829867523676596,1098.1976848195763751678506306,-0.071158701213433359899922422095,False,0.99907727385683783649138549531
random,3.0001753328000000000000000000e12,6.0003506656000000000000000000e12,2.0000000000000000000000000000,20000.000000000000000000000000,0.50000100000000000000000000000,1.0000000000000000000000000000,5.5586910000000000000000000000,29.431208109689477059718011341,12.781811277784375025869387018,0.0083690819740067967186072555927,22491,9.8547980023872907284248872761e12,0.023032850249880258685275725514,0.000049219700214697901990845779506,3.5953058567665424433904371780e-11,9.3929187145200530947070496872e-9,4.6091767937202823137557924579e-24,4.4667127037104734229793093785e-18,3.2860471952783690523207086319e-23,0.000049229129086475456459538279680,0.83531227707414049158660068475,5.0200247778515394190468889823,1.2052301561454077207577694625e-12,5.2783878170980178455272006690e-12,6.0097581654632577755302152453,5.0200247778580230370201324079,5.0200740069871095124765919461,0.000046204399705025055082611149890,0.000048632457881275221099110083705,108649.26368562128462781871558,103224.76439999078070374213755,1.0471363520804003986785406528e-12,5.2356817604020019933927032641e-13,5.2356817604020019933927032641e-13,0.000046204400752161407163011548568,5.0200740069876330806526321463,108649.26122330020239876562414,-5.0200278025868809192454691348,False,0.99999019354515133508340658734
random,3.0001753328000000000000000000e12,3.0001753628017533280000000000e12,1.0000000100000000000000000000,20000.000000000000000000000000,0.50000100000000000000000000000,1.0000000000000000000000000000,5.5586910000000000000000000000,532.98970010048566765035676382,231.47448566490999161514095032,504.26000824333014274677459152,22491,4.9273990504676354076693531890e12,0.023032850249880258685275725514,2.1071280674683239809527217592e-114,4.1816031891786466663692038932e-127,4.2311982114346138399115079754e-118,6.9909269450965546209452682104e-140,3.9230924230218598776129374552e-127,1.0465293387009762484343039520e-138,2.1075511872902779118979340771e-114,0.035527287770285250181498761977,3.0432886153777331731905506238e-9,1.0137667558285979314766884776e-21,8.8538612067805203804821095752e-21,8.5660595175885730182547688552e-8,3.0432886153876008011531597421e-9,3.0432886153876008011531597421e-9,2.0813548944717515426758907750e-114,2.0813548960295107565443502191e-114,1.4621670833123287738312354011e105,1.4621670822179914983430397564e105,1.0471363520804003986785406528e-12,1.0471363416090369825881708269e-12,1.0471363416090369825882799511e-20,1.0471363520804003986785406528e-12,3.0443357517292098381357479129e-9,2907.2964047909035327940475909,-3.0432886153771294377370693723e-9,False,1.0000000000000000000000000000
random,3.0001753328000000000000000000e12,3.0001753328000000000000000000e14,100.00000000000000000000000000,20000.000000000000000000000000,0.50000100000000000000000000000,1.0000000000000000000000000000,5.5586910000000000000000000000,49.706478335486643218494191735,21.587249255945383001637659524,16.371616302343026896876036862,22491,4.9273990011936453537098274264e14,0.023032850249880258685275725514,2.5388742726772165208987758303e-9,1.7106632624611326930032315019e-14,3.7160502231837136337974048611e-13,6.0808194121829942819245829484e-28,4.0354839106553988554790768331e-24,9.6920727910944498241585645275e-29,2.5392629843321635397779989276e-9,0.76471560064338499022940176015,32.726179945894668488941273102,2.2366112482860214095258312822e-12,2.1426544266216930325364523482e-13,42.795229910784232448791820042,32.726179945897119365632221292,32.726179948436382349964384832,1.8279501297610757402556380287e-9,2.5122703461103625710466457362e-9,1.7903212683769383898607702658e10,1.3026535937545449319276939496e10,1.0471363520804003986785406528e-12,1.0471363520804003986785406528e-14,1.0366649885595963946917552463e-12,1.8289972661131561406543165694e-9,32.726179948436392821327905636,1.7892962747824957225448678216e10,-32.726179946607395555214749496,False,0.99999999992240881800646926769
random,3.0001753328000000000000000000e12,3.0001753628017533280000000000e12,1.0000000100000000000000000000,20000.000000000000000000000000,0.50000100000000000000000000000,1.0000000000000000000000000000,5.5586910000000000000000000000,35.564052775935831421309795116,15.445271874704956864966474413,6.8343609187803065177276228186,22491,4.9273990504676354076693531890e12,0.023032850249880258685275725514,2.1792036977181178927850330149e-6,2.8849223168497318737055898340e-20,4.3759289862314974394270678013e-10,5.0752873838409419050695706418e-33,4.0572842470894030906939613834e-19,7.2818892917933426571801179723e-32,2.1796412906171756201768532372e-6,0.80036003826326739327668635255,6.8559317232403863007406467899e-8,2.2838174552790819463240938414e-20,1.9946010908728651529725846065e-19,8.5660595175885730182547688552e-8,6.8559317232626161291046545234e-8,2.2482006078498017814678997824e-6,2.1525489372585219934466194502e-6,2.1525489388695653331593570082e-6,1.0444364673599947910952645811,1.0444364665783018018631254622,1.0471363520804003986785406528e-12,1.0471363416090369825881708269e-12,1.0471363416090369825882799511e-20,2.1525499843948740738470181287e-6,2.2482016549861433905048823706e-6,1.0444364457432838485482211042,-9.5651670591269316657864241877e-8,False,0.030495195576962714414715756092
random,3.0001753328000000000000000000e12,3.0001783329753328000000000000e12,1.0000010000000000000000000000,20000.000000000000000000000000,0.50000100000000000000000000000,1.0000000000000000000000000000,5.5586910000000000000000000000,28.791954012560660022135065615,12.504186750867284408823267836,0.062261165405635068219560567147,22491,4.9274039285926465893782117509e12,0.023032850249880258685275725514,0.000064393261280427498426076290182,6.8964749043390595016296923106e-17,1.2930425829260455979720940931e-8,1.2291764793638886931393359259e-29,1.1988851552185962458243715699e-17,1.7455014483512739325154448272e-28,0.000064406191706337712482651774522,0.83502940979794506243223398798,7.1478414534548670739284060054e-6,2.3824592001967267418667426575e-18,2.0807490564351415337891292061e-17,8.5599876718206186274367461895e-6,7.1478414534780570236929541475e-6,0.000071554033159815769506344728670,0.000063605635431128272888992392058,0.000063605640191595490641377123558,1.1249637343422811148195566938,1.1249636501460846397094836323,1.0471363520804003986785406528e-12,1.0471353049450954535830870697e-12,1.0471353049450954535830882462e-18,0.000063605636478264624969392790737,0.000071554034206951074451440182253,1.1249637322849930614008730764,-7.9483977286864494820473915161e-6,False,0.099894319548883701295710476665
random,3.0001753328000000000000000000e12,3.0001753328000000000000000000e14,100.00000000000000000000000000,20000.000000000000000000000000,0.50000100000000000000000000000,1.0000000000000000000000000000,5.5586910000000000000000000000,57.659686478769581383988939880,25.041283666001170059486448774,24.324824445625965062370785006,22491,4.9273990011936453537098274264e14,0.023032850249880258685275725514,4.7601867344563418078806254090e-11,3.7205601706404371899025790001e-16,6.9672977379536314539160169408e-15,1.3154751165918991427584956337e-29,7.5662104206355391368277580612e-26,2.1060542203669109336068959719e-30,4.7609206698318511431344172106e-11,0.73258756045965054098844152573,31.351253079648941208481308285,2.1426443722344946909316610140e-12,2.0526349638822888952976577826e-13,42.795229910784232448791820042,31.351253079651289116349931008,31.351253079698898323048249520,3.4272606771350290178064965806e-11,4.7103064943472289539930881667e-11,9.1476126367798037130251170174e11,6.6558838829963795397251197697e11,1.0471363520804003986785406528e-12,1.0471363520804003986785406528e-14,1.0366649885595963946917552463e-12,3.5319743123430690576743506459e-11,31.351253079698908794411770324,8.8764102757307049988493558363e11,-31.351253079663589051288339633,False,0.99999999999848142571599004946
random,3.0001753328000000000000000000e12,3.0004753503332800000000000000e12,1.0001000000000000000000000000,20000.000000000000000000000000,0.50000100000000000000000000000,1.0000000000000000000000000000,5.5586910000000000000000000000,48.152189515854222599992107766,20.912230198295104061320898178,19.422397673698364338074602635,22491,4.9278917410937647602640683276e12,0.023032850249880258685275725514,4.0255191385043053192645789289e-9,7.2099252865462050197976959934e-19,8.0833447897391568818129192100e-13,1.2514303075946404245955446545e-31,7.4940133905112878017734755091e-22,1.8163535283830411558630260996e-30,4.0263274737050211649483733482e-9,0.73969564995250813574241140117,0.00063314390149945123853269151176,2.1102506987291942450977938146e-16,1.8428300867794922521950355844e-15,0.00085595190608753187263474810401,0.00063314390150150509368934392343,0.00063314792782897879871050887181,3.9762517379496234713209585454e-9,3.9762814961841955703133916845e-9,159232.35487989125199666797856,159231.16319520481046800198122,1.0471363520804003986785406528e-12,1.0470316489155088477937612767e-12,1.0470316489155088477937612794e-16,3.9772988743017038717196370861e-9,0.00063314792887601044762601771960,159190.43272481566034109822293,-0.00063314395157713614592214599996,False,0.99999364077919750756454208004
random,3.0001753328000000000000000000e12,3.0001783329753328000000000000e12,1.0000010000000000000000000000,20000.000000000000000000000000,0.50000100000000000000000000000,1.0000000000000000000000000000,5.5586910000000000000000000000,1012.4413618187537996403745851,439.69769668849840793398172886,983.71166897159877468645908005,22491,4.9274039285926465893782117509e12,0.023032850249880258685275725514,1.6296166461936532865335997401e-218,6.1402286823867930800750588497e-229,3.2723357622733098126168114724e-222,1.0253275201079247086094266589e-241,3.0340491644154783349849817045e-231,1.5371720861323379869294269509e-240,1.6299438798315863092553348703e-218,0.0017648919862656319653078445883,1.5107453644479800642476646673e-8,5.0354910865348752289806934275e-21,4.3978059838883457966387072727e-20,8.5599876718206186274367461895e-6,1.5107453644528814193402065006e-8,1.5107453644528814193402065006e-8,1.6096839984372247193102001002e-218,1.6096841189115797597258575449e-218,9.3853536838261503071512946358e209,9.3853529813936552598084812484e209,1.0471363520804003986785406528e-12,1.0471353049450954535830870697e-12,1.0471353049450954535830882462e-18,1.0471363520804003986785406528e-12,1.5108500779833759288855648093e-8,14428.398698810248429975590152,-1.5107453643481678888456969552e-8,False,1.0000000000000000000000000000
random,3.0001753328000000000000000000e12,3.0001753628017533280000000000e12,1.0000000100000000000000000000,20000.000000000000000000000000,0.50000100000000000000000000000,1.0000000000000000000000000000,5.5586910000000000000000000000,30.316386300129583959797843506,13.166239281393619231936022196,1.5866944429740590562156712082,22491,4.9273990504676354076693531890e12,0.023032850249880258685275725514,0.000030047899900439424351517138177,3.3909037818671996075663903190e-19,6.0337395851245217247462324546e-9,6.0204110069885624109185998698e-32,5.5943770218373439890255616352e-18,8.5725190920399657983266093663e-31,0.000030053933640030482340641909391,0.82709644490870025296446711458,7.0849573738508722226513775374e-8,2.3601094604631213974007177916e-20,2.0612316862443187686710376968e-19,8.5660595175885730182547688552e-8,7.0849573738738446489742838465e-8,0.000030124783213769220787131652229,0.000029680371350906039680009912952,0.000029680371373119873594502309746,1.0149732581715024512683304207,1.0149732574118607641332350381,1.0471363520804003986785406528e-12,1.0471363416090369825881708269e-12,1.0471363416090369825882799511e-20,0.000029680372398042391760410311631,0.000030124784260905562396168634817,1.0149732576432390857836482975,-4.4441186286317063575832318668e-7,False,0.0023518699947475482336229290301
random,3.0001753328000000000000000000e12,3.0301770861280000000000000000e12,1.0100000000000000000000000000,20000.000000000000000000000000,0.50000100000000000000000000000,1.0000000000000000000000000000,5.5586910000000000000000000000,31.467212756878880376660009566,13.666036861188109966780411110,2.7275705788701873402296222447,22491,4.9766729912055818488538446896e12,0.023032850249880258685275725514,0.000016913627332699980149805932817,1.9688144295967473069793582016e-13,3.3938119324765275034364343583e-9,3.4724084126706771317560371892e-26,3.1166801641759189587646496939e-18,4.9046374561787097084455534856e-25,0.000016917021341517016317673463698,0.82121366707645463076599114882,0.069959108880835947977465119107,2.3202704238804274687760991138e-14,2.0063752665800088130647133402e-13,0.085189898422071226902157945475,0.069959108881059788208361924263,0.069976025902401305224679597727,0.000016694389446192677638743886636,0.000016706824369185571840223005652,4191.5894036100875369388522438,4188.4695951833072875815855094,1.0471363520804003986785406528e-12,1.0367686654261390085926145077e-12,1.0367686654261390085926145079e-14,0.000016694390493329029719144285315,0.069976025903438073890105736735,4191.5891407595887060189764940,-0.069959331512944744860386592450,False,0.99975824546873936592191258841
random,3.0001753328000000000000000000e12,6.0003506656000000000000000000e12,2.0000000000000000000000000000,20000.000000000000000000000000,0.50000100000000000000000000000,1.0000000000000000000000000000,5.5586910000000000000000000000,29.614923033223394137528457439,12.861597655318433069522909318,0.19208400550792387452905335299,22491,9.8547980023872907284248872761e12,0.023032850249880258685275725514,0.000044899941527122783950745291562,3.3002376306074083402162731042e-11,8.5685507878210922098851239665e-9,4.2292296924044058364424323261e-24,4.0746924166589568840764373697e-18,3.0161547359492920609203005476e-23,0.000044908543080290985843846014857,0.83437451579089623151552235968,5.0143890593223142030071360031,1.2038771074606805815351342179e-12,5.2724620479351837088319961182e-12,6.0097581654632577755302152453,5.0143890593287905421625318674,5.0144339678718708331483757134,0.000042149278358097927173570876253,0.000044364238418044199966301861607,118968.44176712869049073434241,113028.73996440244643738915647,1.0471363520804003986785406528e-12,5.2356817604020019933927032641e-13,5.2356817604020019933927032641e-13,0.000042149279405234279253971274931,5.0144339678723944013244159136,118968.43881154657107081613968,-5.0143918185929891670451619423,False,0.99999104414508835377048640014
random,3.0001753328000000000000000000e12,3.0001753328000000000000000000e14,100.00000000000000000000000000,20000.000000000000000000000000,0.50000100000000000000000000000,1.0000000000000000000000000000,5.5586910000000000000000000000,107.85612801156632421862641633,46.841321234874003523427493526,74.521265978422707897008261457,22491,4.9273990011936453537098274264e14,0.023032850249880258685275725514,5.9924608487966304239847569738e-22,8.7613896810852799036992707121e-27,8.7709287987343733421741016534e-26,3.0494258737900638474972143458e-40,9.5248825831186291508894815780e-37,4.9464671626365807027756023619e-41,5.9934255555733242425446670854e-22,0.55874176326774584716670205429,23.911482219798369097739877331,1.6341867637594871466394937343e-12,1.5655369282342386665183630384e-13,42.795229910784232448791820042,23.911482219800159838196460242,23.911482219800159838197059584,4.3144789421160159899671654611e-22,5.9296680629971103229803366486e-22,5.5421483197859543555357627208e22,4.0325161485876266843982788744e22,1.0471363520804003986785406528e-12,1.0471363520804003986785406528e-14,1.0366649885595963946917552463e-12,1.0471363525118482928901422518e-12,23.911482219800170309560580388,2.2835118045937205816537959952e13,-23.911482219799123173208068540,False,0.99999999999999999999997493495
random,3.0001753328000000000000000000e12,3.0004753503332800000000000000e12,1.0001000000000000000000000000,20000.000000000000000000000000,0.50000100000000000000000000000,1.0000000000000000000000000000,5.5586910000000000000000000000,646.69468964416523218757933837,280.85593518859697454452110340,617.96489780200937392566183324,22491,4.9278917410937647602640683276e12,0.023032850249880258685275725514,4.2950616366906702488403886885e-139,1.0334548403633782594517610567e-147,8.6245929799384391378285275886e-143,1.7275658628344613428453821591e-160,7.9958008671623127795695940618e-152,2.5872992381109001936929698437e-159,4.2959241063240120765022709253e-139,0.017432245402425272713259696463,0.000014921163679543123531067597478,4.9731816110110384348701161381e-18,4.3429573108582322395894394951e-17,0.00085595190608753187263474810401,0.000014921163679591526285787190839,0.000014921163679591526285787190839,4.2424953676502727059587815556e-139,4.2425271184499307480486841319e-139,3.5170724742253961431184034317e133,3.5170461526815629135571806361e133,1.0471363520804003986785406528e-12,1.0470316489155088477937612767e-12,1.0470316489155088477937612794e-16,1.0471363520804003986785406528e-12,0.000014921164726623175201296038633,1.4249495490227723545704640552e7,-0.000014921163679486823120895639954,False,1.0000000000000000000000000000
random,3.0001753328000000000000000000e12,3.0001783329753328000000000000e12,1.0000010000000000000000000000,20000.000000000000000000000000,0.50000100000000000000000000000,1.0000000000000000000000000000,5.5586910000000000000000000000,28.732952867546196109397556849,12.478562879161529174279878355,0.0032600203911711554820518011682,22491,4.9274039285926465893782117509e12,0.023032850249880258685275725514,0.000066321197140711647420258396668,7.0883997846235088574750745059e-17,1.3317563103398687626708219663e-8,1.2635522480132988174262998432e-29,1.2347798068816392539962803366e-17,1.7941190277923624554435486528e-28,0.000066334514703898277903800348416,0.83533796929894193275484443646,7.1504827189794148366392236917e-6,2.3833395649040440408018630799e-18,2.0815179334148262270832044121e-17,8.5599876718206186274367461895e-6,7.1504827190026133555382759981e-6,0.000073484997422900891259338624414,0.000065509989753699371068025829599,0.000065509994656695096902071779039,1.1217372754779154706936815545,1.1217371915231983928033027396,1.0471363520804003986785406528e-12,1.0471353049450954535830870697e-12,1.0471353049450954535830882462e-18,0.000065509990800835723148426228277,0.000073484998470036196204434077997,1.1217372735320050510294203478,-7.9750076692004730560078497198e-6,False,0.097305340814698515952971658557
random,3.0001753328000000000000000000e12,6.0003506656000000000000000000e12,2.0000000000000000000000000000,20000.000000000000000000000000,0.50000100000000000000000000000,1.0000000000000000000000000000,5.5586910000000000000000000000,29.523221908802924982524348603,12.821772362998299783843438984,0.10038288108745471952494451697,22491,9.8547980023872907284248872761e12,0.023032850249880258685275725514,0.000047006554745974105045202061140,3.4443793815027770222117909704e-11,8.9705696266456137116240540704e-9,4.4148135737564452460127872403e-24,4.2658686323897003725067349948e-18,3.1479954083782796301145362696e-23,0.000047015559759398831591211064670,0.83484246674793368768613239066,5.0172013314074027691659071438,1.2045522904078223818762595055e-12,5.2754190577845751986740403755e-12,6.0097581654632577755302152453,5.0172013314138827405140995413,5.0172483469736421393456907524,0.000044126836099472181060632333249,0.000046445717545122083234820547246,113700.61374134311607027042738,108023.91721259076158157759987,1.0471363520804003986785406528e-12,5.2356817604020019933927032641e-13,5.2356817604020019933927032641e-13,0.000044126837146608533141032731928,5.0172483469741657075217309526,113700.61104322265167647866084,-5.0172042201370190989885899199,False,0.99999062921416123278350873895
random,3.0001753328000000000000000000e12,3.0301770861280000000000000000e12,1.0100000000000000000000000000,20000.000000000000000000000000,0.50000100000000000000000000000,1.0000000000000000000000000000,5.5586910000000000000000000000,28.812507125308831143004772718,12.513112854319750506114270833,0.072864947300138106574385396604,22491,4.9766729912055818488538446896e12,0.023032850249880258685275725514,0.000063782092162018209749843588123,6.7981224705659067750647771259e-13,1.2798226022118464305773929512e-8,1.2055902218606217999021053612e-25,1.1753148958572285090618976025e-17,1.6951247555621242005166171581e-24,0.000063794891067864328421514295622,0.83497409895233301937989923774,0.071131358674582108213652059489,2.3591493714448128272955781262e-14,2.0399945197416238219773300224e-13,0.085189898422071226902157945475,0.071131358674809699159340669999,0.071195153565877563487762184295,0.000062955335676992674354217089037,0.000063002228362326173892019784972,1130.8835510172042433168115796,1130.0418321147917200591942809,1.0471363520804003986785406528e-12,1.0367686654261390085926145077e-12,1.0367686654261390085926145079e-14,0.000062955336724129026434617487715,0.071195153566914332153188323303,1130.8835322236822142147243518,-0.071132198230190203126753705816,False,0.99910394334624428755076578897
random,3.0001753328000000000000000000e12,3.0031755081328000000000000000e12,1.0010000000000000000000000000,20000.000000000000000000000000,0.50000100000000000000000000000,1.0000000000000000000000000000,5.5586910000000000000000000000,28.740094293545392159456638011,12.481664361065900435343346149,0.0094029460567836727076566475092,22491,4.9323264001948390410446204074e12,0.023032850249880258685275725514,0.000066089714489406883767366841491,7.0614438322111367976146601792e-14,1.3270094706149924255512549770e-8,1.2581060924961449276925212021e-26,1.2291963432980240730041136682e-17,1.7846270986523451705696899905e-25,0.000066102984654739763977357746028,0.83530583990672105396499053162,0.0071467201006042530095012111807,2.3809107331195974198237918440e-15,2.0773214551266917921174306089e-14,0.0085558124452062783400959540012,0.0071467201006274071347855976961,0.0072128230852821468987629554421,0.000065276489510952183048695658395,0.000065281372683241896518313082064,110.49649175867475371486173878,110.48822640847624257178424245,1.0471363520804003986785406528e-12,1.0460902618185818168616789738e-12,1.0460902618185818168616789755e-15,0.000065276490558088535129096057074,0.0072128230863282371605815372590,110.49649000216483635021668187,-0.0071475465957701486254524412019,False,0.99083535200112925174204210516
random,3.0001753328000000000000000000e12,3.0301770861280000000000000000e12,1.0100000000000000000000000000,20000.000000000000000000000000,0.50000100000000000000000000000,1.0000000000000000000000000000,5.5586910000000000000000000000,28.798764443914586546346396832,12.507144483623675590535288547,0.059122265905893509916009510278,22491,4.9766729912055818488538446896e12,0.023032850249880258685275725514,0.000064221869848443470530978093701,6.8417306424033128924283668327e-13,1.2886469822840110814814833757e-8,1.2133613485294873569864457712e-25,1.1834186950303298748274104415e-17,1.7060076540861783001665976786e-24,0.000064234757002451209070901844865,0.83504592951564003696168883787,0.071137477912973813619079515323,2.3593523226842451673839052870e-14,2.0401700149524095579367797030e-13,0.085189898422071226902157945475,0.071137477913201424143801598730,0.071201712670203875352872500575,0.000063389412875367182145826786949,0.000063436628885884400173414644662,1123.2429745042253727801099492,1122.4069424982846557875569325,1.0471363520804003986785406528e-12,1.0367686654261390085926145077e-12,1.0367686654261390085926145079e-14,0.000063389413922503534226227185628,0.071201712671240644018298639584,1123.2429559656128594424166945,-0.071138323257318140484072412398,False,0.99909784814727733595479560209
random,3.0001753328000000000000000000e12,3.0301770861280000000000000000e12,1.0100000000000000000000000000,20000.000000000000000000000000,0.50000100000000000000000000000,1.0000000000000000000000000000,5.5586910000000000000000000000,28.878746270780800186965565076,12.541880149684213431318894374,0.13910409277210715053517775466,22491,4.9766729912055818488538446896e12,0.023032850249880258685275725514,0.000061704254990292741794903382329,6.5917789601949130626870953825e-13,1.2381296616708686271172248552e-8,1.1688228830003922572109346229e-25,1.1370265159011213650007126638e-17,1.6436303835802410940208889866e-24,0.000061716636946098716767585384732,0.83462796531774575154715983768,0.071101871585411250893556847968,2.3581713998556377259663250799e-14,2.0391488519316375548630963898e-13,0.085189898422071226902157945475,0.071101871585638747492748568100,0.071163588222584846209516153485,0.000060904431854398925921062798598,0.000060949796910873521500073950130,1168.4467953450736494160391720,1167.5771180443288944489782675,1.0471363520804003986785406528e-12,1.0367686654261390085926145077e-12,1.0367686654261390085926145079e-14,0.000060904432901535278001463197277,0.071163588223621614874942292494,1168.4467752728672767099231496,-0.071102683790720079596940829296,False,0.99913274978837404935530157891
random,3.0001753328000000000000000000e12,6.0003506656000000000000000000e12,2.0000000000000000000000000000,20000.000000000000000000000000,0.50000100000000000000000000000,1.0000000000000000000000000000,5.5586910000000000000000000000,29.436396630635023714904363270,12.784064623800265380771700867,0.013557602919553451904959184539,22491,9.8547980023872907284248872761e12,0.023032850249880258685275725514,0.000049092176977716953793022397137,3.5866229799646345950700325100e-11,9.3685826175111396906761551518e-9,4.5979937880723784956010266117e-24,4.4551399054171797409544997872e-18,3.2781048595069478936537378998e-23,0.000049101581426568719756343483556,0.83528577813782376424029629302,5.0198655256526340816954005837,1.2051919221603086823672710176e-12,5.2782203687479107452293104421e-12,6.0097581654632577755302152453,5.0198655256591174939863088032,5.0199146272405440627060651466,0.000046084688804969900662326367770,0.000048506456129450087460516084638,108928.03569716592175292740613,103489.61824470960998826599596,1.0471363520804003986785406528e-12,5.2356817604020019933927032641e-13,5.2356817604020019933927032641e-13,0.000046084689852106252742726766448,5.0199146272410676308821053468,108928.03322211438647987764608,-5.0198685425512155246293626201,False,0.99999021864213384841052667618
random,3.0001753328000000000000000000e12,3.0001753628017533280000000000e12,1.0000000100000000000000000000,20000.000000000000000000000000,0.50000100000000000000000000000,1.0000000000000000000000000000,5.5586910000000000000000000000,150.02787616938468649261361325,65.156278752028143858271307856,121.29818431222916158903144095,22491,4.9273990504676354076693531890e12,0.023032850249880258685275725514,3.0394456959129142140495524639e-31,1.6975253001332325674827604987e-44,6.1033296413497121172761209277e-35,2.8650543167085100758960807513e-57,5.6588996957118313106322998778e-44,4.2550307868250802417730222499e-56,3.0400560288777848277608650365e-31,0.39084714480235657887446307328,3.3480199046456900445880765085e-8,1.1152774863454597732475684660e-20,9.7404181133152936231022600217e-20,8.5660595175885730182547688552e-8,3.3480199046565457401877372619e-8,3.3480199046565457401877676625e-8,3.0022689523898826437428522730e-31,3.0022689546368863313496806670e-31,1.1151632174697195338933405814e23,1.1151632166350921571328797864e23,1.0471363520804003986785406528e-12,1.0471363416090369825881708269e-12,1.0471363416090369825882799511e-20,1.0471363520804003989787675481e-12,3.3481246182907066438860264795e-8,31974.103579145283797872146183,-3.3480199046554986038461286028e-8,False,0.99999999999999999999999091984
random,3.0001753328000000000000000000e12,3.0001753328000000000000000000e13,10.000000000000000000000000000,20000.000000000000000000000000,0.50000100000000000000000000000,1.0000000000000000000000000000,5.5586910000000000000000000000,462.85337650474314817981554614,201.01466734629817783946442871,431.82109956459357754221538272,22491,4.9273990011936453541258974596e13,0.023032850249880258685275725514,4.2167529381657947871626845360e-99,1.4793544034324540296189430058e-103,7.1841026606577945216518026239e-103,9.5377078117190444237370640125e-117,7.2313127351609682788871045304e-113,1.4691502514064395296557254030e-116,4.2176192838722761493743735460e-99,0.068342322647704389011501122764,1.4046938614899537949828570235,1.8034764642371639622358268702e-13,1.6214978560241182699121643985e-13,20.553791663349033139899932972,1.4046938614902962924148831518,1.4046938614902962924148831518,3.5339084786632926057729646649e-99,4.1691567584880173983114572996e-99,3.9749016421093744172123034675e98,3.3692517284951436842452856977e98,1.0471363520804003986785406528e-12,1.0471363520804003986785406528e-13,9.4242271687236035881068658753e-13,1.0471363520804003986785406528e-12,1.4046938614904010060500911918,1.3414622257164718394670767446e12,-1.4046938614893538696980107914,False,1.0000000000000000000000000000
random,3.0001753328000000000000000000e12,3.3001928660800000000000000000e12,1.1000000000000000000000000000,20000.000000000000000000000000,0.50000100000000000000000000000,1.0000000000000000000000000000,5.5586910000000000000000000000,103.43034166872977802922891749,44.919226648097318025310062879,74.605339641769928215602793401,22491,5.4201389013130099272828012080e12,0.023032850249880258685275725514,4.0215581253004008077930967294e-21,1.4669170647833269234023690674e-27,8.0184952974025664938205007971e-25,2.3768557952982769579675656591e-40,6.7826885549405337694333731493e-34,3.1934675614524707972455316828e-39,4.0223614417478841200560493762e-21,0.52439261201828226531406382171,0.42858308419646192050395518654,1.3625241659349303671750110004e-13,1.0818588470945907505460357840e-12,0.81729428366305443074024004808,0.42858308419768003176764327032,0.42858308419768003177166563177,3.9443518359294949054283123933e-21,3.9725384494784500883303253079e-21,1.0865741749852888459930853759e20,1.0788645337188572762539960069e20,1.0471363520804003986785406528e-12,9.5194213825490945334412786620e-13,9.5194213825490945334412786620e-14,1.0471363560247522346080355582e-12,0.42858308419863197390992054122,4.0929061600502878209654739124e11,-0.42858308419758483755389578898,False,0.99999999999999999999061474521
random,3.0001753328000000000000000000e12,3.0001753328000000000000000000e14,100.00000000000000000000000000,20000.000000000000000000000000,0.50000100000000000000000000000,1.0000000000000000000000000000,5.5586910000000000000000000000,33.345462168184136120042722082,14.481750216156013755971204640,0.010600135040519798424567208536,22491,4.9273990011936453537098274264e14,0.023032850249880258685275725514,9.0654781325937543979793676932e-6,4.0976441662571379802518393554e-11,1.3268783098254287009651466057e-9,1.4842148432300399103766874145e-24,1.4409374871447820836888563244e-20,2.3290247923806603873931614899e-25,9.0668459873452568091521241285e-6,0.83530723581738359495950003948,35.747165202943915640508918328,2.4430749913196835476781139300e-12,2.3404449247634548595102891082e-13,42.795229910784232448791820042,35.747165202946592759992714357,35.747174269792580105249523509,6.5270037619258497718043548377e-6,8.9704843327319654380825995780e-6,5.4768122669573982979771298137e6,3.9849770585247497455700752016e6,1.0471363520804003986785406528e-12,1.0471363520804003986785406528e-14,1.0366649885595963946917552463e-12,6.5270048090622018522047535163e-6,35.747174269792590576613044313,5.4768113883048807117991497105e6,-35.747167742787781514411192108,False,0.99999974636188251089233854605
random,3.0001753328000000000000000000e12,3.0001753328000000000000000000e14,100.00000000000000000000000000,20000.000000000000000000000000,0.50000100000000000000000000000,1.0000000000000000000000000000,5.5586910000000000000000000000,33.336365440515916092762558181,14.477799557526329163137795685,0.0015034073722997711444033075064,22491,4.9273990011936453537098274264e14,0.023032850249880258685275725514,9.1068051393560195155659760870e-6,4.1152012298391205078621641213e-11,1.3329271809473723943712226496e-9,1.4905972331555359848821970547e-24,1.4475063225006504861335914892e-20,2.3390100872917250077427086451e-25,9.1081792185492797559531491797e-6,0.83534824403582258099789018163,35.748920159080243577875305351,2.4431949306050278498836515813e-12,2.3405598255719282806282211499e-13,42.795229910784232448791820042,35.748920159082920828788467572,35.748929267262139378068223525,6.5567585663234930321692328435e-6,9.0113782890415305848380174833e-6,5.4522259597713517930179622851e6,3.9670878439023417963412910121e6,1.0471363520804003986785406528e-12,1.0471363520804003986785406528e-14,1.0366649885595963946917552463e-12,6.5567596134598451125696315220e-6,35.748929267262149849431744329,5.4522250890327052149640140776e6,-35.748922710502536389586631759,False,0.99999974521812526311681004433
random,3.0001753328000000000000000000e12,3.3001928660800000000000000000e12,1.1000000000000000000000000000,20000.000000000000000000000000,0.50000100000000000000000000000,1.0000000000000000000000000000,5.5586910000000000000000000000,30.541243911866930352773216148,13.263893701385092640753509770,1.7162418849070805391470920607,22491,5.4201389013130099272828012080e12,0.023032850249880258685275725514,0.000027043370833706328799031890596,2.9126947191327541782772104678e-12,5.3921175599019834339628411698e-9,4.9331236007727279296675135448e-25,4.5610869251601582976906020544e-18,6.3885149248191854169675672879e-24,0.000027048765863965511009027019158,0.82645514713682728014142626676,0.67545706745691772980149746950,2.1473702798772019152817108848e-13,1.7050351056922716924551129759e-12,0.81729428366305443074024004808,0.67545706745883750193517746138,0.67548411622470146744618648840,0.000026524189399769977300369228160,0.000026713733108700909921052992148,25466.720435594514011105805340,25286.024737766435344873724405,1.0471363520804003986785406528e-12,9.5194213825490945334412786620e-13,9.5194213825490945334412786620e-14,0.000026524190446906329380769626839,0.67548411622565340958444139785,25466.719430241425191318612467,-0.67545759203520650325506062823,False,0.99995995647386182553562212928
random,3.0001753328000000000000000000e12,3.0004753503332800000000000000e12,1.0001000000000000000000000000,20000.000000000000000000000000,0.50000100000000000000000000000,1.0000000000000000000000000000,5.5586910000000000000000000000,28.731272683135930527222919428,12.477833184343570962557818024,0.0014808409800722653054142976520,22491,4.9278917410937647602640683276e12,0.023032850249880258685275725514,0.000066377425312389592909802259261,7.0935539881500413364494905003e-15,1.3328755785137365785533727583e-8,1.2644206959120326086563220685e-27,1.2356997867945386786746478134e-17,1.7951687630598814383994906422e-26,0.000066390754075280641261624995820,0.83534727570751909870203896242,0.00071501709288455853885090739839,2.3831317276997646484851187906e-16,2.0811303847493717484330516830e-15,0.00085595190608753187263474810401,0.00071501709288687798240842674660,0.00078140784696215862367005174242,0.000065565047308923176545360013645,0.000065565537997185926176845057980,11.918055107630673727392149714,11.917965913673989216301017570,1.0471363520804003986785406528e-12,1.0470316489155088477937612767e-12,1.0470316489155088477937612794e-16,0.000065565048356059528625760412323,0.00078140784800919027258556059021,11.918054933257324099176123531,-0.00071584279965313074395980017789,False,0.91503700105727789283547143723
random,3.0001753328000000000000000000e12,3.0001783329753328000000000000e12,1.0000010000000000000000000000,20000.000000000000000000000000,0.50000100000000000000000000000,1.0000000000000000000000000000,5.5586910000000000000000000000,29.959829131934685187006785202,13.011388470763525048725039316,1.2301362847796602330912801544,22491,4.9274039285926465893782117509e12,0.023032850249880258685275725514,0.000035911997413114930833046854258,4.0021627550492688601668913976e-17,7.2112735043599762739960222947e-9,7.1150971654989932846044963422e-30,6.6861593490868286147053391022e-18,1.0125069483243542885287222630e-28,0.000035919208686665998596220538164,0.82894515151706483864791239166,7.0957602775785288160999919537e-6,2.3650999348252666697692320255e-18,2.0655881357196513322437182926e-17,8.5599876718206186274367461895e-6,7.0957602776015497973920137337e-6,0.000043014968964267548393612551897,0.000035472739998595166413494222754,0.000035472742653498536886285806808,1.2126204224982642527986543854,1.2126203317415365240712407842,1.0471363520804003986785406528e-12,1.0471353049450954535830870697e-12,1.0471353049450954535830882462e-18,0.000035472741045731518493894621432,0.000043014970011402853338708005481,1.2126204162217935272661016352,-7.5422289656713348448133840484e-6,False,0.16496025566113936173663119576
random,3.0001753328000000000000000000e12,3.0001753628017533280000000000e12,1.0000000100000000000000000000,20000.000000000000000000000000,0.50000100000000000000000000000,1.0000000000000000000000000000,5.5586910000000000000000000000,141.31409732558388010574255940,61.371932683640155914692838922,112.58440546842835520216038711,22491,4.9273990504676354076693531890e12,0.023032850249880258685275725514,2.3711958307574940824253316527e-29,1.2473861714122865807033085918e-42,4.7614569389305267095632672232e-33,2.1070249858342898000215996548e-55,4.4147389713822369705742091692e-42,3.1271268630846170259048846366e-54,2.3716719764519533476105677655e-29,0.41276571317596500618056232220,3.5357756658737456193539143433e-8,1.1778218496984799959226702383e-20,1.0286657284416814244077461445e-19,8.5660595175885730182547688552e-8,3.5357756658852100984880296375e-8,3.5357756658852100984904013095e-8,2.3421927334619933671478325860e-29,2.3421927352149727945857379464e-29,1.5096006470223236801939182265e21,1.5096006458924854571946482896e21,1.0471363520804003986785406528e-12,1.0471363416090369825881708269e-12,1.0471363416090369825882799511e-20,1.0471363520804004221004679874e-12,3.5358803795193710021886601265e-8,33767.143815554230139064863654,-3.5357756658841629621464500797e-8,False,0.99999999999999999999932923573
random,3.0001753328000000000000000000e12,3.0001783329753328000000000000e12,1.0000010000000000000000000000,20000.000000000000000000000000,0.50000100000000000000000000000,1.0000000000000000000000000000,5.5586910000000000000000000000,28.891120966046386316758131329,12.547254411553291782833222016,0.16142811889136136284262628105,22491,4.9274039285926465893782117509e12,0.023032850249880258685275725514,0.000061278283384795859593217836119,6.5854673977118842235561632170e-17,1.2304925740612308489120655580e-8,1.1734831318313199123774430933e-29,1.1408899444830600885301016673e-17,1.6667211609938708442492038264e-28,0.000061290588310613735475129084624,0.83451105109489917121788245586,7.1434043093472277157345210149e-6,2.3809802481423643019502738586e-18,2.0794573960821023896684100809e-17,8.5599876718206186274367461895e-6,7.1434043093704032699434844031e-6,0.000068433992619984138745072569028,0.000060528758371854504822036558805,0.000060528762902037530388538577552,1.1306029474380482014047294359,1.1306028628197934151849075253,1.0471363520804003986785406528e-12,1.0471353049450954535830870697e-12,1.0471353049450954535830882462e-18,0.000060528759418990856902436957483,0.000068433993667119443690168022611,1.1306029451786240466842774427,-7.9052342481285867877310651276e-6,False,0.10438386006553681229534979548
random,3.0001753328000000000000000000e12,3.0031755081328000000000000000e12,1.0010000000000000000000000000,20000.000000000000000000000000,0.50000100000000000000000000000,1.0000000000000000000000000000,5.5586910000000000000000000000,30.289498884608738285756771093,13.154562225200276108037240294,1.5588075371201297990077897297,22491,4.9323264001948390410446204074e12,0.023032850249880258685275725514,0.000030456847140366678550388879546,3.4296421901662988183041028586e-14,6.1154031172003095291478108324e-9,6.0901050072764384491077391033e-27,5.6646401671664388502561896798e-18,8.6627000733954344685124562526e-26,0.000030462962577785965401840899085,0.82724116694836438385797485210,0.0070777202713408500246987895961,2.3579236241011868873664762701e-15,2.0572654261076139828755568213e-14,0.0085558124452062783400959540012,0.0070777202713637806025839669228,0.0071081832339415665679858078219,0.000030082079764673252612981092369,0.000030084330130454628713181395937,236.29294548607067263038296112,236.27527031907853372183622806,1.0471363520804003986785406528e-12,1.0460902618185818168616789738e-12,1.0460902618185818168616789755e-15,0.000030082080811809604693381491047,0.0071081832349876568298043896387,236.29293729565179043414981738,-0.0070781011541758472251110081477,False,0.99571438135804865651450170291
random,3.0001753328000000000000000000e12,3.0031755081328000000000000000e12,1.0010000000000000000000000000,20000.000000000000000000000000,0.50000100000000000000000000000,1.0000000000000000000000000000,5.5586910000000000000000000000,28.736434452859625252221801846,12.480074912451426854490486912,0.0057431053710167654728204833418,22491,4.9323264001948390410446204074e12,0.023032850249880258685275725514,0.000066210764124222048142991862036,7.0734766589970893912534754204e-14,1.3294400154139105155689032198e-8,1.2602603704566235971678299127e-26,1.2314477339965904963773060690e-17,1.7876706915502568711513328333e-25,0.000066224058595123268315649780558,0.83532498220438694719152461593,0.0071468838785128521712503931637,2.3809652952928660574553846264e-15,2.0773690600921332190972986957e-14,0.0085558124452062783400959540012,0.0071468838785360068271466073620,0.0072131079371311300954622571425,0.000065396049646418998902114475918,0.000065400941762705928520855297117,110.29883266849758923234346647,110.29058210357935469225342476,1.0471363520804003986785406528e-12,1.0460902618185818168616789738e-12,1.0460902618185818168616789755e-15,0.000065396050693555350982514874597,0.0072131079381772203572808389594,110.29883091836396795729793630,-0.0071477118874836650062983240848,False,0.99081892865428788140514404772
random,3.0001753328000000000000000000e12,3.3001928660800000000000000000e12,1.1000000000000000000000000000,20000.000000000000000000000000,0.50000100000000000000000000000,1.0000000000000000000000000000,5.5586910000000000000000000000,29.632960019270740579850419810,12.869431018828961574730905987,0.80795799231089076622429572271,22491,5.4201389013130099272828012080e12,0.023032850249880258685275725514,0.000042588482408115550256530988200,4.4505575996634303244959698217e-12,8.4916227808463558381697380309e-9,7.5519450726536926133147872961e-25,7.1828978520665823313836924683e-18,9.7647266631461235137811722636e-24,0.000042596978481461179184171470187,0.83115333669571729452009474556,0.67929687092695307236092352355,2.1595775395971531927351130569e-13,1.7147278012473253750198793891e-12,0.81729428366305443074024004808,0.67929687092888375791613056425,0.67933946790736521909531473572,0.000041770864312287806506097021916,0.000042069361824414243900424651961,16263.476446847731790888116724,16148.081131887340107393115545,1.0471363520804003986785406528e-12,9.5194213825490945334412786620e-13,9.5194213825490945334412786620e-14,0.000041770865359424158586497420594,0.67933946790831716123356964517,16263.476039168232933741395007,-0.67929769704295773707498314775,False,0.99993729647621876474521041972
random,3.0001753328000000000000000000e12,3.0001783329753328000000000000e12,1.0000010000000000000000000000,20000.000000000000000000000000,0.50000100000000000000000000000,1.0000000000000000000000000000,5.5586910000000000000000000000,28.923420417848673037095789713,12.561281885239524947528002539,0.19372757069364808318028466521,22491,4.9274039285926465893782117509e12,0.023032850249880258685275725514,0.000060296604165779139354441010347,6.4872126145748037155327178690e-17,1.2107800605509386413667871057e-8,1.1558912554955960512538999462e-29,1.1226128667351209712435120496e-17,1.6418332999043420803636920726e-28,0.000060308711966460746995667953208,0.83434228709494890856947354303,7.1419596915882110187843093739e-6,2.3804987401384237051147116346e-18,2.0790368653444584310078934079e-17,8.5599876718206186274367461895e-6,7.1419596916113818861778923819e-6,0.000067450671658072128881845845589,0.000059559086557234499921798890225,0.000059559091014843910679039690248,1.1325001029566504823363299642,1.1325000181964059822156716815,1.0471363520804003986785406528e-12,1.0471353049450954535830870697e-12,1.0471353049450954535830882462e-18,0.000059559087604370852002199288904,0.000067450672705207433826941299173,1.1325001006270862264623493524,-7.8915851008365818247420102691e-6,False,0.10588418937940510578974436775
random,3.0001753328000000000000000000e12,3.0301770861280000000000000000e12,1.0100000000000000000000000000,20000.000000000000000000000000,0.50000100000000000000000000000,1.0000000000000000000000000000,5.5586910000000000000000000000,36.418090431585581740685616060,15.816175715891232971047903277,7.6784482535768887042552287385,22491,4.9766729912055818488538446896e12,0.023032850249880258685275725514,1.4228769038555788198103944838e-6,1.9168817600175243027506879078e-14,2.8550804151952744588572917273e-10,3.3533484260650411095039547915e-27,2.6219403650552172582696534789e-19,4.7686009500270433774930373740e-26,1.4231624310661781415190681201e-6,0.79615416965684876415118215515,0.067824292841158398707806497164,2.2494669131363641624907983665e-14,1.9451503286237073215873777440e-13,0.085189898422071226902157945475,0.067824292841375408409800231538,0.067825716003806474587941750606,1.4044332832752527209166039727e-6,1.4054793844089583431777198431e-6,48294.010695639015797941280567,48258.065366308451046460986463,1.0471363520804003986785406528e-12,1.0367686654261390085926145077e-12,1.0367686654261390085926145079e-14,1.4044343304116048013170026512e-6,0.067825716004843243253367889614,48293.974688702754365749545185,-0.067824311570512831648566572612,False,0.99997901736222015985405856799
random,3.0001753328000000000000000000e12,3.3001928660800000000000000000e12,1.1000000000000000000000000000,20000.000000000000000000000000,0.50000100000000000000000000000,1.0000000000000000000000000000,5.5586910000000000000000000000,29.526919332726859316424118804,12.823378133805721533779415086,0.70191730576700950279799471679,22491,5.4201389013130099272828012080e12,0.023032850249880258685275725514,0.000044907471947382816911869695854,4.6761017007097470424624495239e-12,8.9540009471186967170763824407e-9,7.9364620706980949356818973456e-25,7.5740145117528076413203608851e-18,1.0259982096581996397007118425e-23,0.000044916430624439210343899195810,0.83170358095650428844834218643,0.67974658241591140731229796425,2.1610072338478096897112955651e-13,1.7158629938643691076817993239e-12,0.81729428366305443074024004808,0.67974658241784337102954711432,0.67979149884846781023989101352,0.000044045333650220572136208208020,0.000044360084679001705030162765497,15433.905081680849540482251546,15324.395879033431943433443738,1.0471363520804003986785406528e-12,9.5194213825490945334412786620e-13,9.5194213825490945334412786620e-14,0.000044045334697356924216608606699,0.67979149884941975237814592297,15433.904714775904113471076979,-0.67974745351472239545392931436,False,0.99993392616603690196618629192
random,3.0001753328000000000000000000e12,3.0001753328000000000000000000e13,10.000000000000000000000000000,20000.000000000000000000000000,0.50000100000000000000000000000,1.0000000000000000000000000000,5.5586910000000000000000000000,31.037593512809320467262169877,13.479455594169253750630142882,0.0053165726597498296620064577327,22491,4.9273990011936453541258974596e13,0.023032850249880258685275725514,0.000024693578583577889155895877997,5.8080311665960019186848893745e-11,4.2070570935704453918427507652e-9,3.9687021767392470044250624437e-24,4.2347036192686709573847285315e-19,5.8245122857785691802962127619e-24,0.000024697843720983549041462048926,0.83532927560586929384611619144,17.169183901095116914413692642,2.2043393172474621303737259752e-12,1.9819119061131204404879951238e-12,20.553791663349033139899932972,17.169183901099303165637053225,17.169208598943024149186094687,0.000020694797159020349665923645697,0.000024414852269661444683240418222,829638.89266531859873268797487,703228.03551336441240336614985,1.0471363520804003986785406528e-12,1.0471363520804003986785406528e-13,9.4242271687236035881068658753e-13,0.000020694798206156701746324044375,17.169208598943128862821302727,829638.85068641499978395432702,-17.169187904144922706119556403,False,0.99999856150366054123164804730
random,3.0001753328000000000000000000e12,3.0001753328000000000000000000e14,100.00000000000000000000000000,20000.000000000000000000000000,0.50000100000000000000000000000,1.0000000000000000000000000000,5.5586910000000000000000000000,33.365212198894021259779351812,14.490327545510736635637606401,0.030350165750404938161196938712,22491,4.9273990011936453537098274264e14,0.023032850249880258685275725514,8.9763969597111166325516619247e-6,4.0597821704264674465321007571e-11,1.3138398495938818573465666648e-9,1.4704515303871846423421270904e-24,1.4267782338182625766712683391e-20,2.3074914988526738891947425766e-25,8.9777513973824290485670126753e-6,0.83521820923956746938777362430,35.743355290078104508756224560,2.4428146097540761092451439445e-12,2.3401954814529166489759979059e-13,42.795229910784232448791820042,35.743355290080781342914123928,35.743364267832178725343172495,6.4628666979985455978878493744e-6,8.8823366085857867144504402614e-6,5.5305742696041326279328267601e6,4.0240947672802851599587617469e6,1.0471363520804003986785406528e-12,1.0471363520804003986785406528e-14,1.0366649885595963946917552463e-12,6.4628677451348976782882480529e-6,35.743364267832189196706693299,5.5305733735212196716576747889e6,-35.743357804964444061809015010,False,0.99999974882746542518096848896
random,3.0001753328000000000000000000e12,3.3001928660800000000000000000e12,1.1000000000000000000000000000,20000.000000000000000000000000,0.50000100000000000000000000000,1.0000000000000000000000000000,5.5586910000000000000000000000,41.449212833293641508645117778,18.001164412732878805970197701,12.624210806333791695018993691,22491,5.4201389013130099272828012080e12,0.023032850249880258685275725514,1.1572454123999007914972952982e-7,1.6915761262724998599033167199e-14,2.3074058880042052395759707088e-11,2.8186216229842218656276117195e-27,1.9517895724448657558327897832e-20,3.6998696389075747446168416295e-26,1.1574763221465090186266565523e-7,0.77206473181730890916687209819,0.63100409193034228448413590947,2.0060481987310671947614797244e-13,1.5928238527836997545107712721e-12,0.81729428366305443074024004808,0.63100409193213571315679271594,0.63100420767976792780769457861,1.1350284951257718497136824175e-7,1.1431394879808560275829652426e-7,5.5593688650948513611310797606e6,5.5199231092464479136464862637e6,1.0471363520804003986785406528e-12,9.5194213825490945334412786620e-13,9.5194213825490945334412786620e-14,1.1350389664892926537176692030e-7,0.63100420768071986994594948806,5.5593175768443754462488013262e6,-0.63100409417682322101668411630,False,0.99999981656598988418734121564
random,3.0001753328000000000000000000e12,3.0001753328000000000000000000e13,10.000000000000000000000000000,20000.000000000000000000000000,0.50000100000000000000000000000,1.0000000000000000000000000000,5.5586910000000000000000000000,351.75488445060008914402788235,152.76520529941157811857552282,320.72260751045051850642771893,22491,4.9273990011936453541258974596e13,0.023032850249880258685275725514,5.6196488579097645256590012405e-75,1.4982208144867703022916722000e-79,9.5742233192426886461419876788e-79,9.6724694203874067381482122817e-93,9.6371399864399367205582252991e-89,1.4882176471187230360353928254e-92,5.6207561023232338675083548974e-75,0.13013635671442148478169197918,2.6747955637348401088460666976,3.4341510118973787316565392621e-13,3.0876302593779683837292585797e-13,20.553791663349033139899932972,2.6747955637354922869731942324,2.6747955637354922869731942324,4.7096249264051557977268928050e-75,5.5562176299745951637277952323e-75,5.6794237450606425238018711453e74,4.8140583070496508310505803513e74,1.0471363520804003986785406528e-12,1.0471363520804003986785406528e-13,9.4242271687236035881068658753e-13,1.0471363520804003986785406528e-12,2.6747955637355970006084022724,2.5543908951507997635225289513e12,-2.6747955637345498642563218720,False,1.0000000000000000000000000000
random,3.0001753328000000000000000000e12,3.3001928660800000000000000000e12,1.1000000000000000000000000000,20000.000000000000000000000000,0.50000100000000000000000000000,1.0000000000000000000000000000,5.5586910000000000000000000000,28.828130243508617721119678009,12.519897888344040082435016427,0.0031282165487679074935539220270,22491,5.4201389013130099272828012080e12,0.023032850249880258685275725514,0.000063688164111956419226259954553,6.4747388588566732608809397835e-12,1.2698641385266031152019047910e-8,1.1006077459784339238232842534e-24,1.0741532718119636707692678459e-17,1.4210193167223635855505774832e-23,0.000063700869228091285662114155032,0.83533871282682008562404102502,0.68271755491387345199602120698,2.1704523612316654269515745547e-13,1.7233625266268931213928056300e-12,0.81729428366305443074024004808,0.68271755491581385975877126664,0.68278125578504195104443338079,0.000062465472141648976763886751132,0.000062911854765879245309232026921,10930.538621988517748839152642,10852.982451812148812149236692,1.0471363520804003986785406528e-12,9.5194213825490945334412786620e-13,9.5194213825490945334412786620e-14,0.000062465473188785328844287149811,0.68278125578599389318268829025,10930.538438770304349961703204,-0.68271879031280510785384400310,False,0.99990670384008294151798898887
random,3.0001753328000000000000000000e12,3.0001783329753328000000000000e12,1.0000010000000000000000000000,20000.000000000000000000000000,0.50000100000000000000000000000,1.0000000000000000000000000000,5.5586910000000000000000000000,99.608145096577953481556078048,43.259267768062256290737411751,70.878452249422928527640573001,22491,4.9274039285926465893782117509e12,0.023032850249880258685275725514,2.6996030644621758370383817099e-20,1.0002895737087735000736250480e-31,5.4209115207653689882331013070e-24,1.7005147520369542687085272869e-44,5.0261688484320963288434202215e-33,2.5115644421847497666324819928e-43,2.7001451556247578865591627808e-20,0.53594571892299064228205199249,4.5876887467309543646932964001e-6,1.5291303442391284620240458499e-18,1.3354841588385581845817220114e-17,8.5599876718206186274367461895e-6,4.5876887467458383366259211104e-6,4.5876887467458653380774773580e-6,2.6665828832485229621887716334e-20,2.6665830828248704521748753639e-20,1.7204373340749060660467115160e14,1.7204372053113954026780207965e14,1.0471363520804003986785406528e-12,1.0471353049450954535830870697e-12,1.0471353049450954535830882462e-18,1.0471363787462292311637702747e-12,4.5876897938811702831729309411e-6,4.3811769765597886203532395056e6,-4.5876887467447915369436997773e-6,False,0.99999999999999411436715810326
random,3.0001753328000000000000000000e12,3.0301770861280000000000000000e12,1.0100000000000000000000000000,20000.000000000000000000000000,0.50000100000000000000000000000,1.0000000000000000000000000000,5.5586910000000000000000000000,28.778710430343411906158145895,12.498435136189701519204466327,0.039068252334718869727758573253,22491,4.9766729912055818488538446896e12,0.023032850249880258685275725514,0.000064869062252077068062842790778,6.9058654928903833657348849989e-13,1.3016332522239509354684170680e-8,1.2247909009720868406459584081e-25,1.1953445326234901654034488767e-17,1.7220133323583614373445621291e-24,0.000064882079275197810308406538846,0.83515075938319840281343429735,0.071146408358742681412117674045,2.3596485106935130814091096994e-14,2.0404261335021856929389531583e-13,0.085189898422071226902157945475,0.071146408358970320510574827745,0.071211290438245518320883234284,0.000064028216239089637167510113920,0.000064075908066387162911079525492,1112.1860739073747337831718069,1111.3582715747952521136577580,1.0471363520804003986785406528e-12,1.0367686654261390085926145077e-12,1.0367686654261390085926145079e-14,0.000064028217286225989247910512599,0.071211290439282286986309373292,1112.1860557345479877404151181,-0.071147262221996060997061462779,False,0.99908887932129998970361798516
random,3.0001753328000000000000000000e12,3.0031755081328000000000000000e12,1.0010000000000000000000000000,20000.000000000000000000000000,0.50000100000000000000000000000,1.0000000000000000000000000000,5.5586910000000000000000000000,28.740925434833338097510118405,12.482025321140937317953714049,0.010234087344729610761137042268,22491,4.9323264001948390410446204074e12,0.023032850249880258685275725514,0.000066062255250218569371289763513,7.0587140426961889687432954299e-14,1.3264581190054372643963540269e-8,1.2576173718390372342102624240e-26,1.2286856315078342108940034665e-17,1.7839366241933275633629608625e-25,0.000066075519902008051027401664919,0.83530149279666742962907488685,0.0071466829075459556495749980200,2.3808983423514616647955857357e-15,2.0773106443020204367740966815e-14,0.0085558124452062783400959540012,0.0071466829075691096543603696860,0.0072127584274711177053877713509,0.000065249368153980032238466552510,0.000065254249297388293625502783218,110.54142946564547311142546095,110.53316075402001239362002753,1.0471363520804003986785406528e-12,1.0460902618185818168616789738e-12,1.0460902618185818168616789755e-15,0.000065249369201116384318866951189,0.0072127584285172079672063531678,110.54142770768427981566340917,-0.0071475090593160915828874862166,False,0.99083907764741610161382203815
random,3.0001753328000000000000000000e12,6.0003506656000000000000000000e12,2.0000000000000000000000000000,20000.000000000000000000000000,0.50000100000000000000000000000,1.0000000000000000000000000000,5.5586910000000000000000000000,30.513356378547153141342632376,13.251782299550420324239866603,1.0905173508316828783432282901,22491,9.8547980023872907284248872761e12,0.023032850249880258685275725514,0.000028651901753664521832286850379,2.1698637177630123317345541727e-11,5.4678306250272482712803843871e-9,2.7754845993984550532125843820e-24,2.6001745843697885827905572495e-18,1.9824464269340588437108875876e-23,0.000028657391282929326907865766766,0.82980366032882112539353203547,4.9869193233859914803782843863,1.1972820495482420348260856671e-12,5.2435785411953543196017108829e-12,6.0097581654632577755302152453,4.9869193233924323409690279826,4.9869479807837152702959358484,0.000026896627065194921737729729370,0.000028310054697111444291391796674,185411.64915198538889537508459,176154.65721062516389202202326,1.0471363520804003986785406528e-12,5.2356817604020019933927032641e-13,5.2356817604020019933927032641e-13,0.000026896628112331273818130128048,4.9869479807842388384719760486,185411.64193358040715594003487,-4.9869210841561265071981579185,False,0.99999425352111284190222221513
random,3.0001753328000000000000000000e12,3.3001928660800000000000000000e12,1.1000000000000000000000000000,20000.000000000000000000000000,0.50000100000000000000000000000,1.0000000000000000000000000000,5.5586910000000000000000000000,28.911332026274146456019582396,12.556031963483622291395753018,0.086329999314296642393458308356,22491,5.4201389013130099272828012080e12,0.023032850249880258685275725514,0.000061093033838317157976073506697,6.2288355250217234220000023191e-12,1.2181204132167294298220378750e-8,1.0586102152153621869170511837e-24,1.0303842652300237706174073419e-17,1.3670065545173888169388134810e-23,0.000061105221271295154149476125074,0.83490506157053663502125071451,0.68236313422101069293219934946,2.1693256094378136026453421294e-13,1.7224678735798979084096103955e-12,0.81729428366305443074024004808,0.68236313422295009336672302872,0.68242423944422138852087250485,0.000059920163447760430811125997706,0.000060348357118392819878816980256,11388.891487907441597484817991,11308.083136470899092911271392,1.0471363520804003986785406528e-12,9.5194213825490945334412786620e-13,9.5194213825490945334412786620e-14,0.000059920164494896782891526396385,0.68242423944517333065912741430,11388.891288896466823470917780,-0.68236431928067843387623588791,False,0.99991045860076561707613747765
random,3.0001753328000000000000000000e12,3.0001753328000000000000000000e13,10.000000000000000000000000000,20000.000000000000000000000000,0.50000100000000000000000000000,1.0000000000000000000000000000,5.5586910000000000000000000000,31.294346235869292315986060328,13.590961885007833322904619124,0.26206929571972167838589690904,22491,4.9273990011936453541258974596e13,0.023032850249880258685275725514,0.000021718552993713217651298776834,5.1505509862057693431193307267e-11,3.7002005248057455861937241352e-9,3.5176895293142617645923548349e-24,3.7245162606330461286281763838e-19,5.1647254512025044896705030025e-24,0.000021722304699748257914886880037,0.83408686995897532391117619302,17.143647754267496098889741112,2.2010607495072949230357440319e-12,1.9789641600976160950777929898e-12,20.553791663349033139899932972,17.143647754271676123799346023,17.143669476576375872057260910,0.000018201535564036750889323445494,0.000021473406985448443095650127853,941880.39334711160801517514775,798367.46391449970904899239117,1.0471363520804003986785406528e-12,1.0471363520804003986785406528e-13,9.4242271687236035881068658753e-13,0.000018201536611173102969723844173,17.143669476576480585692468950,941880.33916063738108200435476,-17.143651275039869412589499226,False,0.99999873292560093813448861395
random,3.0001753328000000000000000000e12,3.0004753503332800000000000000e12,1.0001000000000000000000000000,20000.000000000000000000000000,0.50000100000000000000000000000,1.0000000000000000000000000000,5.5586910000000000000000000000,28.744889658425023220583963630,12.483746961571836856598898096,0.015097816269164958666458499516,22491,4.9278917410937647602640683276e12,0.023032850249880258685275725514,0.000065927030426137981211563363229,7.0487608273469352073547229499e-15,1.3238315346728225878425091982e-8,1.2563976129488116973062488714e-27,1.2273151159174267215071410094e-17,1.7838234475927865096701180244e-26,0.000065940268748545743415966992427,0.83527605206467910753602848437,0.00071495612887171134858163192951,2.3829285363709001623064181066e-16,2.0809529427542430768860289911e-15,0.00085595190608753187263474810401,0.00071495612887403059437802326260,0.00078089639762257633779399025503,0.000065120164701834888663441496055,0.000065120652060599947686699448399,11.991621968372771123964111518,11.991532223846439872032075156,1.0471363520804003986785406528e-12,1.0470316489155088477937612767e-12,1.0470316489155088477937612794e-16,0.000065120165748971240743841894734,0.00078089639866960798670949910282,11.991621791625192210509396026,-0.00071577623292063674596565720809,False,0.91555823672730519759231826361
random,3.0001753328000000000000000000e12,3.0001753328000000000000000000e13,10.000000000000000000000000000,20000.000000000000000000000000,0.50000100000000000000000000000,1.0000000000000000000000000000,5.5586910000000000000000000000,31.053219252628214403940670432,13.486241766748255304903796113,0.020942312478643766340507013301,22491,4.9273990011936453541258974596e13,0.023032850249880258685275725514,0.000024501402567163007589391466635,5.7657318944773683044207006643e-11,4.1743159714064016519272173572e-9,3.9396785284274504006225754838e-24,4.2017473399876296035482415541e-19,5.7820627083754894552847402737e-24,0.000024505634540453778949182178059,0.83525361105723672954204356130,17.167628707726222225928099800,2.2041396470762574037504833242e-12,1.9817323835294102177143459565e-12,20.553791663349033139899932972,17.167628707730408097958705467,17.167653213364948551737654649,0.000020533741374210795368444210162,0.000024224845420931075574462094170,836070.39265267746063280761973,708679.57731245305536326961390,1.0471363520804003986785406528e-12,1.0471363520804003986785406528e-13,9.4242271687236035881068658753e-13,0.000020533742421347147448844608841,17.167653213365053265372862689,836070.35001653357772535408638,-17.167632679622631918225413845,False,0.99999857256934096407296776044
random,3.0001753328000000000000000000e12,3.3001928660800000000000000000e12,1.1000000000000000000000000000,20000.000000000000000000000000,0.50000100000000000000000000000,1.0000000000000000000000000000,5.5586910000000000000000000000,64.548317472426328748287096015,28.032978094414009983247103741,35.723315445466478934660971927,22491,5.4201389013130099272828012080e12,0.023032850249880258685275725514,1.1156259997273869276749437356e-12,2.5395593183922656909362095780e-19,2.2244218667872345828970325150e-16,4.1618855040151877117088949343e-32,1.8815950097401130315892553704e-25,5.5390769228763276817943428450e-31,1.1158486958701856504563030911e-12,0.66841255268686753157749289424,0.54628975843805437226610292309,1.7367297612086886703943611866e-13,1.3789821158047817574567830472e-12,0.81729428366305443074024004808,0.54628975843960702735802857371,0.54628975844072287605389875936,1.0942080962479426590491022875e-12,1.1020273836832408161036621670e-12,4.9925581826158966834073292831e11,4.9571341559126325033594034285e11,1.0471363520804003986785406528e-12,9.5194213825490945334412786620e-13,9.5194213825490945334412786620e-14,2.1413444483283430577276429403e-12,0.54628975844167481819215366882,2.5511531265702727166348983650e11,-0.54628975843953347374382532576,False,0.99999999999795740506090548501
random,3.0001753328000000000000000000e12,3.3001928660800000000000000000e12,1.1000000000000000000000000000,20000.000000000000000000000000,0.50000100000000000000000000000,1.0000000000000000000000000000,5.5586910000000000000000000000,29.112211984985068486252239004,12.643273021076728793391234568,0.28720995802521867262611491648,22491,5.4201389013130099272828012080e12,0.023032850249880258685275725514,0.000055254946613487991814130770355,5.6727478750011182786011474883e-12,1.1017160905647427112484735575e-8,9.6367094419527639456640607843e-25,9.3192012230622739428497233968e-18,1.2448693202198895468858837871e-23,0.000055265969447150833456996960112,0.83385899429709735891914988333,0.68150818941810420519478921045,2.1666076231302471919605348214e-13,1.7203097632089856993900224609e-12,0.81729428366305443074024004808,0.68150818942004117572031122087,0.68156345538948832655376821783,0.000054194156426078665534996508074,0.000054581431650839018374483086055,12576.327418605495446836579627,12487.093774848088387083875836,1.0471363520804003986785406528e-12,9.5194213825490945334412786620e-13,9.5194213825490945334412786620e-14,0.000054194157473215017615396906752,0.68156345539044026869202312728,12576.327175623995456597272829,-0.68150926123296705367440773037,False,0.99991891295078963942637612434
random,3.0001753328000000000000000000e12,6.0003506656000000000000000000e12,2.0000000000000000000000000000,20000.000000000000000000000000,0.50000100000000000000000000000,1.0000000000000000000000000000,5.5586910000000000000000000000,29.441773501167460247256838370,12.786399769002410766390625546,0.018934473451989984257434284831,22491,9.8547980023872907284248872761e12,0.023032850249880258685275725514,0.000048960373090330564612505286029,3.5776469116226332197421078460e-11,9.3434296158659079680103838192e-9,4.5864333211757163632400399827e-24,4.4431786359332302305430214325e-18,3.2698943563582035254971658838e-23,0.000048969752296419989962726803949,0.83525831814502668110111900455,5.0197004977366984621983350468,1.2051523015150543054954414133e-12,5.2780468474249087393482050320e-12,6.0097581654632577755302152453,5.0197004977431816613472750099,5.0197494674954780813372377367,0.000045960959495995802632897684477,0.000048376224799841282023578493921,109217.68219248789261706808379,103764.80364610732131779995380,1.0471363520804003986785406528e-12,5.2356817604020019933927032641e-13,5.2356817604020019933927032641e-13,0.000045960960543132154713298083156,5.0197494674960016495132779369,109217.67970417432401321105922,-5.0197035065354585173585646388,False,0.99999024458240127018785970327
random,3.0001753328000000000000000000e12,3.0001753328000000000000000000e13,10.000000000000000000000000000,20000.000000000000000000000000,0.50000100000000000000000000000,1.0000000000000000000000000000,5.5586910000000000000000000000,59.751735681186300377616765250,25.949849090480850246165875482,28.719458741036729740016601831,22491,4.9273990011936453541258974596e13,0.023032850249880258685275725514,1.4367701086593496546098935364e-11,6.5058030161471594999202889065e-17,2.4478322803666674203355621014e-15,4.3161722904913150740099249097e-30,2.4639181229257161105626430623e-25,6.4916397509520852523529449710e-30,1.4370213976904271087734374742e-11,0.70723717272737517305562544956,14.536405504810919697004079106,1.8663187703210119125211526649e-12,1.6779991004834808381782318695e-12,20.553791663349033139899932972,14.536405504814464014874883599,14.536405504828834228851787870,1.2041051831435568884403226730e-11,1.4205527088614008119966259682e-11,1.2072371839541996300395099702e12,1.0232922308444317606594196456e12,1.0471363520804003986785406528e-12,1.0471363520804003986785406528e-13,9.4242271687236035881068658753e-13,1.3088188183515969283081767382e-11,14.536405504828938942486995910,1.1106507104731989848445384198e12,-14.536405504815850754303479941,False,0.99999999999901143278012362521
random,3.0001753328000000000000000000e12,3.0004753503332800000000000000e12,1.0001000000000000000000000000,20000.000000000000000000000000,0.50000100000000000000000000000,1.0000000000000000000000000000,5.5586910000000000000000000000,29.116847610009216951098453620,12.645286247444889100173935499,0.38705576785335868918094848929,22491,4.9278917410937647602640683276e12,0.023032850249880258685275725514,0.000054738623382493540242905181040,5.9282555988389453784758691178e-15,1.0991654762838234527320073780e-8,1.0557964442342009519787037090e-27,1.0190287575156740201300805510e-17,1.5000430620171802583754600698e-26,0.000054749615043194824363862659459,0.83333287129075520317092924793,0.00071329285958440393276768779344,2.3773849069252040399620521906e-16,2.0761118273651389998356985048e-15,0.00085595190608753187263474810401,0.00071329285958671778308574545284,0.00076804247462991260744960811230,0.000054068689992237892663371597968,0.000054069094641859152508591069056,14.204939582227216401898717666,14.204833273374441248740985629,1.0471363520804003986785406528e-12,1.0470316489155088477937612767e-12,1.0470316489155088477937612794e-16,0.000054068691039374244743771996646,0.00076804247567694425636511696010,14.204939326488142624972020946,-0.00071397378463757001162134496345,False,0.92871538117787513890727015180
random,3.0001753328000000000000000000e12,3.3001928660800000000000000000e12,1.1000000000000000000000000000,20000.000000000000000000000000,0.50000100000000000000000000000,1.0000000000000000000000000000,5.5586910000000000000000000000,132.07177185030258061429263223,57.358041729771638245753606364,103.24676982334273080066650814,22491,5.4201389013130099272828012080e12,0.023032850249880258685275725514,2.4265363934272384027761264427e-27,1.1302285784030721904796427038e-33,4.8382169431454110375164301913e-31,1.8237833609210494816558576737e-46,4.0925532122244792560912671944e-40,2.4588208530787647470490241618e-45,2.4270213453505406049144902025e-27,0.43855616005657283883712440499,0.35842944267843782098437492967,1.1394961570813952670230770250e-13,9.0477220851557957679105050682e-13,0.81729428366305443074024004808,0.35842944267945654280859864877,0.35842944267945654280859865120,2.3799514964487859034631976020e-27,2.3969587959712564473087126852e-27,1.5060367541703368238378881112e26,1.4953508724551087880612706153e26,1.0471363520804003986785406528e-12,9.5194213825490945334412786620e-13,9.5194213825490945334412786620e-14,1.0471363520804027786300371016e-12,0.35842944268040848494685356065,3.4229490931939971760875057607e11,-0.35842944267936134859477315787,False,0.99999999999999999999999999323
random,3.0001753328000000000000000000e12,3.3001928660800000000000000000e12,1.1000000000000000000000000000,20000.000000000000000000000000,0.50000100000000000000000000000,1.0000000000000000000000000000,5.5586910000000000000000000000,28.864696962576169296954177210,12.535778612656384153831763744,0.039694935616319483328053122652,22491,5.4201389013130099272828012080e12,0.023032850249880258685275725514,0.000062534310809288945611196396865,6.3654986399456555021158559985e-12,1.2468577141680332820989149888e-8,1.0819496306854435735027760086e-24,1.0546925868081918841720380082e-17,1.3970244128677968748509457022e-23,0.000062546785751939812830593163809,0.83514809778475248059993408693,0.68256176632961184854166739784,2.1699570880427312539345690829e-13,1.7229692743862552297485053740e-12,0.81729428366305443074024004808,0.68256176633155181352485792620,0.68262431311730375333768851936,0.000061333770634181694622389109626,0.000061772066040442921805072811739,11129.664882153404524038712344,11050.695838316000725263599873,1.0471363520804003986785406528e-12,9.5194213825490945334412786620e-13,9.5194213825490945334412786620e-14,0.000061333771681318046702789508305,0.68262431311825569547594342882,11129.664692154902508113550463,-0.68256297934657437742924063931,False,0.99990837304715047319541569236
random,3.0001753328000000000000000000e12,3.0001753328000000000000000000e13,10.000000000000000000000000000,20000.000000000000000000000000,0.50000100000000000000000000000,1.0000000000000000000000000000,5.5586910000000000000000000000,31.070448297134472346707809100,13.493724245705788665348938434,0.038171356984901709107645681381,22491,4.9273990011936453541258974596e13,0.023032850249880258685275725514,0.000024291241209034629779445587186,5.7194477647857670698780196874e-11,4.1385106777542135017104522286e-9,3.9079218261354948978826722563e-24,4.1657067531247549230829554570e-19,5.7356144053897034687959613123e-24,0.000024295436914190448430936845125,0.83517019076801574230888881002,17.165914104481078151385811565,2.2039195103843491706049264170e-12,1.9815344595858269420505166531e-12,20.553791663349033139899932972,17.165914104485263605355781741,17.165938399922177795804212678,0.000020357612723500629949295143011,0.000024017056238244201114326427153,843219.61681223975810844052124,714739.48470785263009406868036,1.0471363520804003986785406528e-12,1.0471363520804003986785406528e-13,9.4242271687236035881068658753e-13,0.000020357613770636982029695541690,17.165938399922282509439420718,843219.57343948405177307425120,-17.165918042308511872457391023,False,0.99999858467178734017871157533
random,3.0001753328000000000000000000e12,3.0001753328000000000000000000e14,100.00000000000000000000000000,20000.000000000000000000000000,0.50000100000000000000000000000,1.0000000000000000000000000000,5.5586910000000000000000000000,39.105992124907022301884435817,16.983516589199141282785248850,5.7711300917634059802662809431,22491,4.9273990011936453537098274264e14,0.023032850249880258685275725514,5.0875363838342619321179998001e-7,2.6968629313518793372874444251e-12,7.4464265198397856635351836003e-11,9.6869332756423224425369259677e-26,8.0865253718088743066772671977e-22,1.5306582642131361542822790837e-26,5.0883079951155675171248571558e-7,0.80973879018470720312706471415,34.652957693632224384317819426,2.3682933691648324580229726148e-12,2.2688047709983192116199032462e-13,42.795229910784232448791820042,34.652957693634819558164084091,34.652958202465619069720835803,3.6629473515392040142719894221e-7,5.0342259675531906888004316262e-7,9.4604030243307015477686707034e7,6.8834729362194611108116082220e7,1.0471363520804003986785406528e-12,1.0471363520804003986785406528e-14,1.0366649885595963946917552463e-12,3.6629578229027248182759762075e-7,34.652958202465629541084356607,9.4603759797061385201998982596e7,-34.652957836169847250811874780,False,0.99999998531638203761338495910
random,3.0001753328000000000000000000e12,3.0031755081328000000000000000e12,1.0010000000000000000000000000,20000.000000000000000000000000,0.50000100000000000000000000000,1.0000000000000000000000000000,5.5586910000000000000000000000,28.828556889537015791805407172,12.520083178359899302609787140,0.097865542048407305056425808616,22491,4.9323264001948390410446204074e12,0.023032850249880258685275725514,0.000063230187121846778310407673529,6.7767089507998820145619977741e-14,1.2695932761655030904334828326e-8,1.2071350948627243614539459190e-26,1.1760122644905888921202829508e-17,1.7126075114129121229553394521e-25,0.000063242883122387282972139066494,0.83484328178250684546930489093,0.0071427625400484826346911356412,2.3795922823797387584117450027e-15,2.0761711196809577664585042757e-14,0.0085558124452062783400959540012,0.0071427625400716239381703249576,0.0072060054231940112211424640241,0.000062452148240046306961037725831,0.000062456820130370122621475948083,115.38442833858020892501213858,115.37579736132025888600445462,1.0471363520804003986785406528e-12,1.0460902618185818168616789738e-12,1.0460902618185818168616789755e-15,0.000062452149287182659041438124510,0.0072060054242401014829610458410,115.38442642067761497686303095,-0.0071435532749529188239196077165,False,0.99122358652148289393871015655
random,3.0001753328000000000000000000e12,3.0004753503332800000000000000e12,1.0001000000000000000000000000,20000.000000000000000000000000,0.50000100000000000000000000000,1.0000000000000000000000000000,5.5586910000000000000000000000,31.062173405008818517972228732,13.490130505717272537576443915,2.3323815628529602560547236010,22491,4.9278917410937647602640683276e12,0.023032850249880258685275725514,0.000020695300748211785357366785008,2.3910722531151647518520502902e-15,4.1556690135945728130705216169e-9,4.2412541375501852093224104139e-28,3.8526921768749037622296443630e-18,6.0459969403788856859060064352e-27,0.000020699456419620304875478365308,0.82324351557072011866801346238,0.00070465685632467277392695591986,2.3486013525548377758890250387e-16,2.0509758565394417344463869697e-15,0.00085595190608753187263474810401,0.00070465685632695860991875084537,0.00072535631274657891479422921068,0.000020442015734160009162133026150,0.000020442168722033874853216420920,35.483600158591934173657044965,35.483334601614140910962117349,1.0471363520804003986785406528e-12,1.0470316489155088477937612767e-12,1.0470316489155088477937612794e-16,0.000020442016781296361242533424828,0.00072535631379361056370973805848,35.483598392174443856830732969,-0.00070491429701231420246720463365,False,0.97146305056443043659026841299
random,3.0001753328000000000000000000e12,3.0001783329753328000000000000e12,1.0000010000000000000000000000,20000.000000000000000000000000,0.50000100000000000000000000000,1.0000000000000000000000000000,5.5586910000000000000000000000,28.770193322876514425751769440,12.494736203415050960385395170,0.040500475721489471836264392470,22491,4.9274039285926465893782117509e12,0.023032850249880258685275725514,0.000065097707528253480723573452420,6.9666512346975313351618050174e-17,1.3071881468827252304766739344e-8,1.2417451879109006152277776086e-29,1.2120006603564718102955228401e-17,1.7632780625113176971071967888e-28,0.000065110779409804094494828947936,0.83514319885551612891805331763,7.1488154863848603295902390402e-6,2.3827838567703886214132728695e-18,2.0810325991120766273521303207e-17,8.5599876718206186274367461895e-6,7.1488154864080534394381301951e-6,0.000072259594896212147934267078131,0.000064301465248240902932006423607,0.000064301470060786446937196803446,1.1237628041172662980352535745,1.1237627200109516156368030049,1.0471363520804003986785406528e-12,1.0471353049450954535830870697e-12,1.0471353049450954535830882462e-18,0.000064301466295377255012406822285,0.000072259595943347452879362531714,1.1237628021017978207445991275,-7.9581296479701978669557094289e-6,False,0.098932404709381988979078655337
random,3.0001753328000000000000000000e12,3.0001753328000000000000000000e13,10.000000000000000000000000000,20000.000000000000000000000000,0.50000100000000000000000000000,1.0000000000000000000000000000,5.5586910000000000000000000000,37.329535104449659656629332065,16.212011107876216539663604729,6.2972581643000890190291686465,22491,4.9273990011936453541258974596e13,0.023032850249880258685275725514,1.0624445557599306822268479696e-6,3.0055024608242804250233910255e-12,1.8100920001152324390780316212e-10,2.0327432633468890692840085469e-25,1.8219869551596547146851152977e-20,3.0087447788906899609927987025e-25,1.0626285704624212501248811969e-6,0.80540940022621652937579713206,16.554217015948517879563410433,2.1253841559804558724770624799e-12,1.9109236635409383065226237126e-12,20.553791663349033139899932972,16.554217015952554187382931828,16.554218078581124649804181952,8.9039644455500022455374854861e-7,1.0504523184353455091634800606e-6,1.8591963366222272117088277774e7,1.5759133268646332553468844365e7,1.0471363520804003986785406528e-12,1.0471363520804003986785406528e-13,9.4242271687236035881068658753e-13,8.9039749169135230495414722715e-7,16.554218078581229363439389992,1.8591941501469985333578895736e7,-16.554217188183737672087085038,False,0.99999993580919585460118573984
random,3.0001753328000000000000000000e12,6.0003506656000000000000000000e12,2.0000000000000000000000000000,20000.000000000000000000000000,0.50000100000000000000000000000,1.0000000000000000000000000000,5.5586910000000000000000000000,29.424188999993385859611405579,12.778762917175489006728943387,0.0013499722779155966120014936064,22491,9.8547980023872907284248872761e12,0.023032850249880258685275725514,0.000049392742926035463589085509821,3.6070854682873188431350114930e-11,9.4259415918363295292906750985e-9,4.6243484306622424284881438794e-24,4.4824164173382370296246587758e-18,3.2968221811385943901219355893e-23,0.000049402204938486465245813140325,0.83534812657430588821978538410,5.0202402246778859096127728027,1.2052818815897330659894122259e-12,5.2786143522156206813099718488e-12,6.0097581654632577755302152453,5.0202402246843698058465781564,5.0202896268893082923118239696,0.000046366841462406877043309239956,0.000048803436012675391854049919358,108273.27177245054983908602860,102867.54452259102937801461838,1.0471363520804003986785406528e-12,5.2356817604020019933927032641e-13,5.2356817604020019933927032641e-13,0.000046366842509543229123709638634,5.0202896268898318604878641698,108273.26932724727251645010087,-5.0202432600473223172587404601,False,0.99999015949106324822641860241
random,3.0001753328000000000000000000e12,3.3001928660800000000000000000e12,1.1000000000000000000000000000,20000.000000000000000000000000,0.50000100000000000000000000000,1.0000000000000000000000000000,5.5586910000000000000000000000,39.909127429886398613488162048,17.332313820373369665810651885,11.084125402926548799862037960,22491,5.4201389013130099272828012080e12,0.023032850249880258685275725514,2.4994863190939229772715058134e-7,3.5178106082222331420887894819e-14,4.9836701773593222878778237781e-11,5.8720324406617816959975209124e-27,4.2155892620555939120228913725e-20,7.6965879641990463332042299353e-26,2.4999850378931412914781924849e-7,0.77952141134637796173834000672,0.63709839348454041674726458814,2.0254228158083090616292280534e-13,1.6082075071937493626470547864e-12,0.81729428366305443074024004808,0.63709839348635116653603916841,0.63709864348485495585016831623,2.4515009218876670035185721318e-7,2.4690195185987212013161088924e-7,2.5988105400926631728828735689e6,2.5803710286034388151057737788e6,1.0471363520804003986785406528e-12,9.5194213825490945334412786620e-13,9.5194213825490945334412786620e-14,2.4515113932511878075225589172e-7,0.63709864348580689798842322568,2.5987994395607861841456689942e6,-0.63709839833466757286964247342,False,0.99999960759843652805224007503
random,3.0001753328000000000000000000e12,3.3001928660800000000000000000e12,1.1000000000000000000000000000,20000.000000000000000000000000,0.50000100000000000000000000000,1.0000000000000000000000000000,5.5586910000000000000000000000,28.828717691911508030651522581,12.520153013943818222156639627,0.0037156649516582170253984937237,22491,5.4201389013130099272828012080e12,0.023032850249880258685275725514,0.000063669460103855520813070096503,6.4729692534870969425655690140e-12,1.2694912034692777148998720635e-8,1.1003054852214422213725740712e-24,1.0738378133311341731295796797e-17,1.4206306150881428634259193773e-23,0.000063682161488870205470755960767,0.83533565023117478287594137163,0.68271505187195938181068445672,2.1704444037195236147870857832e-13,1.7233562082766379720477763014e-12,0.81729428366305443074024004808,0.68271505187389978245933304706,0.68277873403538865266480380302,0.000062447127215032627542108333252,0.000062893378745136756316707031375,10933.709275116602537294631933,10856.130607996388829231816329,1.0471363520804003986785406528e-12,9.5194213825490945334412786620e-13,9.5194213825490945334412786620e-14,0.000062447128262168979622508731930,0.68277873403634059480305871247,10933.709091791398937013740490,-0.68271628690807842582343620374,False,0.99990673089492331854391522365
random,3.0001753328000000000000000000e12,3.0001753328000000000000000000e13,10.000000000000000000000000000,20000.000000000000000000000000,0.50000100000000000000000000000,1.0000000000000000000000000000,5.5586910000000000000000000000,313.68335292469638407552699911,136.23094924010591003762376769,282.65107598454681343792683569,22491,4.9273990011936453541258974596e13,0.023032850249880258685275725514,1.0395304358040333440878087666e-66,2.4714220840477161760260058043e-71,1.7710531015703726391103670616e-70,1.5966376376573780329291181927e-84,1.7826915138848423446447798794e-80,2.4551973311110710994989130078e-84,1.0397322553350486894804538805e-66,0.16227441390521970681268749838,3.3353544956991419923353949197,4.2822379294095305876034639423e-13,3.8501415234491236172323938504e-13,20.553791663349033139899932972,3.3353544956999552302806807851,3.3353544956999552302806807851,8.7119294746122064206869037350e-67,1.0277968393309687333368567304e-66,3.8284911573488393731612080922e66,3.2451495938351608218172798984e66,1.0471363520804003986785406528e-12,1.0471363520804003986785406528e-13,9.4242271687236035881068658753e-13,1.0471363520804003986785406528e-12,3.3353544957000599439158888252,3.1852150764067518323496113815e12,-3.3353544956990128075638084248,False,1.0000000000000000000000000000
random,3.0001753328000000000000000000e12,3.0001753328000000000000000000e14,100.00000000000000000000000000,20000.000000000000000000000000,0.50000100000000000000000000000,1.0000000000000000000000000000,5.5586910000000000000000000000,34.594199475191438163229835334,15.024069937936011914837886021,1.2593374420478218416116804606,22491,4.9273990011936453537098274264e14,0.023032850249880258685275725514,4.8554652889714103938854960492e-6,2.2768855275234275384346206712e-11,7.1067532035435008447109350869e-10,8.2303019358348390901227842432e-25,7.7176535534893044907525960379e-21,1.2936866483005084321132745156e-25,4.8561987331470476968513038367e-6,0.82969696808595018796254594490,35.507072505516187080856297897,2.4266662925780037029657549605e-12,2.3247255318555881810573591996e-13,42.795229910784232448791820042,35.507072505518846219702061460,35.507077361717579366749758311,3.4958597597928767233683018472e-6,4.8045866600507704640669535414e-6,1.0156894098011903244291224096e7,7.3902460032518953769054736817e6,1.0471363520804003986785406528e-12,1.0471363520804003986785406528e-14,1.0366649885595963946917552463e-12,3.4958608069292288037687005257e-6,35.507077361717589838113279115,1.0156891055655925367085999966e7,-35.507073865856782908884475346,False,0.99999986323293568558188397363
random,3.0001753328000000000000000000e12,6.0003506656000000000000000000e12,2.0000000000000000000000000000,20000.000000000000000000000000,0.50000100000000000000000000000,1.0000000000000000000000000000,5.5586910000000000000000000000,29.552545803038603187314893576,12.834507568452769402538185170,0.12970677532313292431548949051,22491,9.8547980023872907284248872761e12,0.023032850249880258685275725514,0.000046322375085713850111899333598,3.3976178739923964527212368826e-11,8.8400031277250561496204206455e-9,4.3546031204725537855867206777e-24,4.2037789819697612265701757736e-18,3.1052239738522296528817197212e-23,0.000046331249065024518906402293851,0.83469279834104248632457725261,5.0163018604769776561759694174,1.2043363413761149184570889458e-12,5.2744732942453319380217259859e-12,6.0097581654632577755302152453,5.0163018604834564658115908643,5.0163481917325214903304972666,0.000043484570698528655778325822466,0.000045769700861442729753928007772,115359.26677326619395402959387,109599.75917077467778651058902,1.0471363520804003986785406528e-12,5.2356817604020019933927032641e-13,5.2356817604020019933927032641e-13,0.000043484571745665007858726221145,5.0163481917330450585065374668,115359.26399535316939966232147,-5.0163047071612993934986787406,False,0.99999076394873438343569150701
random,3.0001753328000000000000000000e12,3.3001928660800000000000000000e12,1.1000000000000000000000000000,20000.000000000000000000000000,0.50000100000000000000000000000,1.0000000000000000000000000000,5.5586910000000000000000000000,28.827293888341081029734705007,12.519534663909867627667879423,0.0022918613812312161085809194006,22491,5.4201389013130099272828012080e12,0.023032850249880258685275725514,0.000063714802643969679712504544517,6.4772590907835814052642420000e-12,1.2703952782913978400066886189e-8,1.1010382197018602288923747251e-24,1.0746025525647894489248198879e-17,1.4215728969713141973056867016e-23,0.000063727513074022430515328431751,0.83534307308903524680840924955,0.68272111853125716511065950170,2.1704636904580919864483780541e-13,1.7233715221545664973988957135e-12,0.81729428366305443074024004808,0.68272111853319758300185987739,0.68278484604627160543237520582,0.000062491599264365901814989122469,0.000062938168594838869055060194846,10926.026123252228769256972521,10848.501970905174140396807889,1.0471363520804003986785406528e-12,9.5194213825490945334412786620e-13,9.5194213825490945334412786620e-14,0.000062491600311502253895389521147,0.68278484604722354757063011528,10926.025940186230486707444592,-0.68272235444691204531673472576,False,0.99990666530834267565966188957
random,3.0001753328000000000000000000e12,6.0003506656000000000000000000e12,2.0000000000000000000000000000,20000.000000000000000000000000,0.50000100000000000000000000000,1.0000000000000000000000000000,5.5586910000000000000000000000,51.636313823237517048043861384,22.425366159256658040115400370,22.213474795522046785044457298,22491,9.8547980023872907284248872761e12,0.023032850249880258685275725514,7.4192759341954331913191357464e-10,9.5084639713695368261168046901e-16,1.4158691634956815151267784203e-13,1.1856284395563792293905493308e-28,6.7330304579360257281771369676e-23,8.6495842473174739356814895410e-28,7.4207013118235735552520949311e-10,0.72926572072169677029634012686,4.3827106198940043792531408249,1.0522209029843957654664139252e-12,4.6082733384067693811562736170e-12,6.0097581654632577755302152453,4.3827106198996648734945319900,4.3827106206417350046768893456,6.9647557642594431267079473068e-10,7.3307562379579779901280232214e-10,6.2926982208510295071018609838e9,5.9785245592377831926508861227e9,1.0471363520804003986785406528e-12,5.2356817604020019933927032641e-13,5.2356817604020019933927032641e-13,6.9752271277802471306947327133e-10,4.3827106206422585728529295458,6.2832514846537837743723927446e9,-4.3827106199447358600749048327,False,0.99999999983068238005782359596
random,3.0001753328000000000000000000e12,3.0001753628017533280000000000e12,1.0000000100000000000000000000,20000.000000000000000000000000,0.50000100000000000000000000000,1.0000000000000000000000000000,5.5586910000000000000000000000,28.769716656183877431393455505,12.494529189700731640337846507,0.040024799028352527811283207254,22491,4.9273990504676354076693531890e12,0.023032850249880258685275725514,0.000065113219536164417029545345179,6.9731391070635583090208895902e-19,1.3074997305369521691199417361e-8,1.2421714861593174289585099070e-31,1.2122907104920219582453299033e-17,1.7638835804892607058801033650e-30,0.000065126294533482606772252173060,0.83514568638761277831443862868,7.1539076554304560156326117984e-8,2.3830778713187993318568608754e-20,2.0812914406885517255021562856e-19,8.5660595175885730182547688552e-8,7.1539076554536520079108161149e-8,0.000065197833610037143292331281221,0.000064316792258022912541601191106,0.000064316792306159862185562347579,1.0136984653786792229371917233,1.0136984646199916355678699398,1.0471363520804003986785406528e-12,1.0471363416090369825881708269e-12,1.0471363416090369825882799511e-20,0.000064316793305159264622001589785,0.000065197834657173484901368263810,1.0136984651556554868340020175,-8.8104135201422027936667402494e-7,False,0.0010972615590638758368440207781
random,3.0001753328000000000000000000e12,3.0301770861280000000000000000e12,1.0100000000000000000000000000,20000.000000000000000000000000,0.50000100000000000000000000000,1.0000000000000000000000000000,5.5586910000000000000000000000,28.745717861337442662802458470,12.484106645526596822505797650,0.0060756833287496263720711482469,22491,4.9766729912055818488538446896e12,0.023032850249880258685275725514,0.000065948035817806385374052069683,7.0126825985532514151162382504e-13,1.3232834475969995917029433785e-8,1.2438282239119162747090481070e-25,1.2152268171496321259156631879e-17,1.7486712356732715136006170500e-24,0.000065961269353562767495338791008,0.83532325257982411307997700375,0.071161103036641677012138841124,2.3601358757709551807309524346e-14,2.0408475659469174327125380465e-13,0.085189898422071226902157945475,0.071161103036869363127491242419,0.071227064306222925894986581210,0.000065093203929436066874982334322,0.000065141689019641500779061931144,1094.2319628856529622863027178,1093.4175238340314563959261894,1.0471363520804003986785406528e-12,1.0367686654261390085926145077e-12,1.0367686654261390085926145079e-14,0.000065093204976572418955382733000,0.071227064307259694560412720219,1094.2319452989740194927203560,-0.071161971102283122141457337486,False,0.99907392969237116374319786311
random,3.0001753328000000000000000000e12,6.0003506656000000000000000000e12,2.0000000000000000000000000000,20000.000000000000000000000000,0.50000100000000000000000000000,1.0000000000000000000000000000,5.5586910000000000000000000000,128.85604306564449860109402052,55.961468463297182853403323984,99.433204037929028338094616433,22491,9.8547980023872907284248872761e12,0.023032850249880258685275725514,1.2656405227500346592824045110e-26,4.0478605335796123732750342775e-32,2.4153049490626015686362159567e-30,4.9345675042316194239784250714e-45,1.1485751795802648385305789356e-39,3.6683665040982813829388823504e-44,1.2658861011055893607314226886e-26,0.45481819307928791968634170362,2.7333473496559648746411142418,6.5623434122478345900439453846e-13,2.8740231351001272086322753484e-12,6.0097581654632577755302152453,2.7333473496594951321174391524,2.7333473496594951321174391651,1.1881047698571071439749461492e-26,1.2505401119264821900291562928e-26,2.3005945426750821452185014670e26,2.1857334471652561180165099883e26,1.0471363520804003986785406528e-12,5.2356817604020019933927032641e-13,5.2356817604020019933927032641e-13,1.0471363520804122797262392239e-12,2.7333473496600187002934793653,2.6103069998759034235572961219e12,-2.7333473496589715639413989530,False,0.99999999999999999999999999537
random,3.0001753328000000000000000000e12,3.0001753328000000000000000000e13,10.000000000000000000000000000,20000.000000000000000000000000,0.50000100000000000000000000000,1.0000000000000000000000000000,5.5586910000000000000000000000,159.26161456874293910328180753,69.166440386207597994161097757,128.22933762859336846568164411,22491,4.9273990011936453541258974596e13,0.023032850249880258685275725514,3.5407204250209415728839389047e-33,4.2735369100646151108509533662e-38,6.0323427525974281837282859830e-37,2.7778358371026236361852344531e-51,6.0719840779279224166553072729e-47,4.2497597350836442864184455029e-51,3.5413663946653626887217950942e-33,0.39722120856241025597623897835,8.1644019650535048267281848398,1.0482217650561687802025464382e-12,9.4245163625982264432754833579e-13,20.553791663349033139899932972,8.1644019650554955001295008312,8.1644019650554955001295008312,2.9673500235943468176185318237e-33,3.5007548951430213261714735579e-33,2.7514118321525032416884128714e33,2.3321832603541767117514051171e33,1.0471363520804003986785406528e-12,1.0471363520804003986785406528e-13,9.4242271687236035881068658753e-13,1.0471363520804003986815080028e-12,8.1644019650556002137647088712,7.7968852373761612396068371289e12,-8.1644019650545530774126284708,False,1.0000000000000000000000000000
random,3.0001753328000000000000000000e12,3.0001753328000000000000000000e13,10.000000000000000000000000000,20000.000000000000000000000000,0.50000100000000000000000000000,1.0000000000000000000000000000,5.5586910000000000000000000000,31.140042314531613889229146625,13.523948543434846145849334705,0.10776537438204325162898320599,22491,4.9273990011936453541258974596e13,0.023032850249880258685275725514,0.000023460515876394716766150322154,5.5362238650394389912114383503e-11,3.9969795954259659055010137626e-9,3.7822193334389321321971170867e-24,4.0232456043349265015314619612e-19,5.5517436290351618360657561840e-24,0.000023464568218229195460340131738,0.83483331240911534070731876142,17.158989976876350061654052264,2.2030305265628311844507631967e-12,1.9807351780929901266317902796e-12,20.553791663349033139899932972,17.158989976880533827358708085,17.159013441448752056554168425,0.000019661411798403617257005395854,0.000023195707635228957440916987355,872725.39822608037850340822702,739749.51362932976116527134458,1.0471363520804003986785406528e-12,1.0471363520804003986785406528e-13,9.4242271687236035881068658753e-13,0.000019661412845539969337405794533,17.159013441448856770189376465,872725.35174608464614994478390,-17.158993780036011230220039059,False,0.99999863252230098794891254515
random,3.0001753328000000000000000000e12,3.0001753628017533280000000000e12,1.0000000100000000000000000000,20000.000000000000000000000000,0.50000100000000000000000000000,1.0000000000000000000000000000,5.5586910000000000000000000000,63.693643170490330306196459189,27.661797761258692119352398682,34.963951313334805402614286892,22491,4.9273990504676354076693531890e12,0.023032850249880258685275725514,1.6983800661242255682463076846e-12,4.0268192194887156370248829472e-26,3.4104157260621999681989094288e-16,6.9175884194719679710562910804e-39,3.1620773657239875889894517307e-25,1.0123355223900769418202287184e-37,1.6987211076971882641718949696e-12,0.67110183896833930578483419901,5.7486982949472970973133221083e-8,1.9149807846873445559951470077e-20,1.6724728823264010691192681986e-19,8.5660595175885730182547688552e-8,5.7486982949659368069212734636e-8,5.7488681670767065257476906531e-8,1.6776064625004354695842278961e-12,1.6776064637560151552718931787e-12,34268.276235107876180747960973,34268.276209460292892351393014,1.0471363520804003986785406528e-12,1.0471363416090369825881708269e-12,1.0471363416090369825882799511e-20,2.7247428145808358682627685489e-12,5.7489728807108674294459494702e-8,21099.139522257140732274621487,-5.7487004064294093458591231933e-8,False,0.99997045120781468561353624557
random,3.0001753328000000000000000000e12,3.0001783329753328000000000000e12,1.0000010000000000000000000000,20000.000000000000000000000000,0.50000100000000000000000000000,1.0000000000000000000000000000,5.5586910000000000000000000000,37.935444863820697660578221119,16.475154372902385473563409266,9.2057520166656727066627160718,22491,4.9274039285926465893782117509e12,0.023032850249880258685275725514,6.6581965293757380554447440622e-7,9.3954887318719910786530569822e-19,1.3369926397236329796454850662e-10,1.6483661953014260867012855657e-31,1.2396348345883245413803464267e-19,2.3715791092154052592975958160e-30,6.6595335220260968119908752271e-7,0.78856322852030122899207452528,6.7500915145629442495356958760e-6,2.2498844911098709623557847665e-18,1.9649633586918767574573994267e-17,8.5599876718206186274367461895e-6,6.7500915145848437676137245145e-6,7.4160448667874534488128120372e-6,6.5767568322401512893369678200e-7,6.5767573244675315646084902350e-7,11.276142718905158127554651963,11.276141874959438937415933644,1.0471363520804003986785406528e-12,1.0471353049450954535830870697e-12,1.0471353049450954535830882462e-18,6.5767673036036720933409546054e-7,7.4160459139227583939082656203e-6,11.276126357487533740720679300,-6.7583691835623911845741701598e-6,False,0.91020100819709669277990882700
random,3.0001753328000000000000000000e12,3.0301770861280000000000000000e12,1.0100000000000000000000000000,20000.000000000000000000000000,0.50000100000000000000000000000,1.0000000000000000000000000000,5.5586910000000000000000000000,28.830776513921160331933827443,12.521047148981831180075520662,0.091134335912467295503440120837,22491,4.9766729912055818488538446896e12,0.023032850249880258685275725514,0.000063202115236763847052408480879,6.7405778729830729308421802401e-13,1.2681850476484688564380723309e-8,1.1953360007684135859778826930e-25,1.1646276402906754884597826697e-17,1.6807639718817378568536505868e-24,0.000063214797761309765317483359014,0.83487861765843529162895247243,0.071123224632853778882826848987,2.3588795970473001432557276507e-14,2.0397612414680419205685064525e-13,0.085189898422071226902157945475,0.071123224633081343802944126181,0.071186439430842653568261609540,0.000062382876530912146178419306750,0.000062429342816381126395208384360,1141.1214645667732241914427954,1140.2721255647065974632240584,1.0471363520804003986785406528e-12,1.0367686654261390085926145077e-12,1.0367686654261390085926145079e-14,0.000062382877578048498258819705428,0.071186439431879422233687748548,1141.1214454289417330424548658,-0.071124056554301373735428928843,False,0.99911198258731955974334633548
random,3.0001753328000000000000000000e12,3.0031755081328000000000000000e12,1.0010000000000000000000000000,20000.000000000000000000000000,0.50000100000000000000000000000,1.0000000000000000000000000000,5.5586910000000000000000000000,84.253141132387408474187893532,36.590674276811745567409865395,55.522449784898799987438912168,22491,4.9323264001948390410446204074e12,0.023032850249880258685275725514,5.8294679353209136058177606279e-17,1.8259905193944519105148981800e-25,1.1704936567788011861921504959e-20,3.1138243110778287420658741601e-38,1.0842172227295781735297204447e-29,4.5806556431722325737952045603e-37,5.8306384472386818182201218424e-17,0.59004605000795531509544192786,0.0050483233378865144675129201158,1.6818354504209420689227876243e-15,1.4673850709952639874830895430e-14,0.0085558124452062783400959540012,0.0050483233379028701536732936977,0.0050483233379029284600577660845,5.7577371225502884355905149688e-17,5.7581678445848055459114452446e-17,8.7678948004261479528222451263e13,8.7672389450240823239185816792e13,1.0471363520804003986785406528e-12,1.0460902618185818168616789738e-12,1.0460902618185818168616789755e-15,1.0471939294516259015628965580e-12,0.0050483233389490187218763479014,4.8208103551484740310871977685e9,-0.0050483233379018247924247219998,False,0.99999999999998845034666566994
random,3.0001753328000000000000000000e12,3.0001753328000000000000000000e14,100.00000000000000000000000000,20000.000000000000000000000000,0.50000100000000000000000000000,1.0000000000000000000000000000,5.5586910000000000000000000000,33.380724417288531412956819033,14.497064416361550515476809785,0.045862384144915091338664159472,22491,4.9273990011936453537098274264e14,0.023032850249880258685275725514,8.9070443455892249355613799836e-6,4.0302887842033826309834689183e-11,1.3036889807635687724376254535e-9,1.4597306740455151700255073779e-24,1.4157547908119389548028372021e-20,2.2907177907892321652597871928e-25,8.9083883374578446973968380162e-6,0.83514829196489820615608421836,35.740363164233898162231739998,2.4426101183551256879844756003e-12,2.3399995804435199767189685220e-13,42.795229910784232448791820042,35.740363164236574772308139476,35.740372072624912230152836873,6.4129338906328225191492841848e-6,8.8137107149136526877917980927e-6,5.5731702029284578548318580633e6,4.0550879452111741081792133762e6,1.0471363520804003986785406528e-12,1.0471363520804003986785406528e-14,1.0366649885595963946917552463e-12,6.4129349377691745995496828633e-6,35.740372072624922701516357677,5.5731692929131275922716122770e6,-35.740365659689984932341758127,False,0.99999975074718530193583584325
random,3.0001753328000000000000000000e12,3.3001928660800000000000000000e12,1.1000000000000000000000000000,20000.000000000000000000000000,0.50000100000000000000000000000,1.0000000000000000000000000000,5.5586910000000000000000000000,28.827980047995519119040427810,12.519832659261494731971471629,0.0029780210356693054143037230394,22491,5.4201389013130099272828012080e12,0.023032850249880258685275725514,0.000063692947129794677567054685627,6.4751913788538502319400626612e-12,1.2699595060554277849852987255e-8,1.1006850395771655610150849802e-24,1.0742339413418792875975215562e-17,1.4211187147545495632567856108e-23,0.000063705653200057353053480061534,0.83533949585590130542775148739,0.68271819487906547305626409842,2.1704543957684253663001434830e-13,1.7233641420709700117429066062e-12,0.81729428366305443074024004808,0.68271819488100588263791191097,0.68278190053420593999096539103,0.000062470163334615436392584607879,0.000062916579482438104755939225722,10929.728114795381552092439970,10852.177695464050900107147754,1.0471363520804003986785406528e-12,9.5194213825490945334412786620e-13,9.5194213825490945334412786620e-14,0.000062470164381751788472985006558,0.68278190053515788212922030049,10929.727931604512783351399544,-0.68271943037077613034074731548,False,0.99990669692159353624583588940
random,3.0001753328000000000000000000e12,3.0031755081328000000000000000e12,1.0010000000000000000000000000,20000.000000000000000000000000,0.50000100000000000000000000000,1.0000000000000000000000000000,5.5586910000000000000000000000,30.443730681779278183899568510,13.221544243645463154267167739,1.7130393342906696971505871470,22491,4.9323264001948390410446204074e12,0.023032850249880258685275725514,0.000028196417625815745316349962496,3.1912705197891493573847291095e-14,5.6615334951810575629587580845e-9,5.6650440070920443075110336157e-27,5.2442250216275236413777654956e-18,8.0601779691731558913297583687e-26,0.000028202079191228875796912309175,0.82644266172791165795266068664,0.0070708884104381605435689544521,2.3556476078697665134991307730e-15,2.0552796240848933588781820825e-14,0.0085558124452062783400959540012,0.0070708884104610689874176731522,0.0070990904896522978632145854614,0.000027849464528901866719427981729,0.000027851547878274508374097294408,254.90940704748345000313391722,254.89033933334512427313506610,1.0471363520804003986785406528e-12,1.0460902618185818168616789738e-12,1.0460902618185818168616789755e-15,0.000027849465576038218799828380407,0.0070990904906983881250331672783,254.90939750048458142792345571,-0.0070712410251223499062333388978,False,0.99602736727580293617531007262
random,3.0001753328000000000000000000e12,3.0001753628017533280000000000e12,1.0000000100000000000000000000,20000.000000000000000000000000,0.50000100000000000000000000000,1.0000000000000000000000000000,5.5586910000000000000000000000,814.90294162732900824858904690,353.90785083547671843673185034,786.17324977017348334500687460,22491,4.9273990504676354076693531890e12,0.023032850249880258685275725514,1.2794058930048264432503396133e-175,3.8824737281636265859726561737e-188,2.5690986749965568419699756875e-179,6.4824390449708655729733199203e-201,2.3820230209582189929073834469e-188,9.7146054158057036001963826170e-200,1.2796628028729525486094498317e-175,0.0060801397544417113677889328617,5.2082839011635196313171931719e-10,1.7349603475783065716940299783e-22,1.5152497385032801280769669972e-21,8.5660595175885730182547688552e-8,5.2082839011804070890498042797e-10,5.2082839011804070890498042797e-10,1.2637569393781654307996791805e-175,1.2637569403240055763872388349e-175,4.1212702687457885779629682019e165,4.1212702656612849470695138052e165,1.0471363520804003986785406528e-12,1.0471363416090369825881708269e-12,1.0471363416090369825882799511e-20,1.0471363520804003986785406528e-12,5.2187552645964974588756859880e-10,498.38354424694780363741004919,-5.2082839010756934548889005815e-10,False,1.0000000000000000000000000000
random,3.0001753328000000000000000000e12,3.0004753503332800000000000000e12,1.0001000000000000000000000000,20000.000000000000000000000000,0.50000100000000000000000000000,1.0000000000000000000000000000,5.5586910000000000000000000000,28.825269297498293013265220449,12.518655395278732938083251159,0.095477455342434751347715318127,22491,4.9278917410937647602640683276e12,0.023032850249880258685275725514,0.000063329972181124974179458704517,6.7900238972017519197101528670e-15,1.2716819447412367811711874676e-8,1.2100598297552883901629834936e-27,1.1789675895626109463087942776e-17,1.7182913378308097164957645791e-26,0.000063342689007374200120386187394,0.83485574975131117900311910324,0.00071459637030545223804667136546,2.3817294712547012042846562494e-16,2.0799058286490470134973374709e-15,0.00085595190608753187263474810401,0.00071459637030777031682244588259,0.00077793905931514451694283206999,0.000062554891253867570312644171762,0.000062555359414147715110435708482,12.436102816613033675193367622,12.436009745620666899264730779,1.0471363520804003986785406528e-12,1.0470316489155088477937612767e-12,1.0470316489155088477937612794e-16,0.000062554892301003922393044570441,0.00077793906036217616585834091778,12.436102625176948533419909844,-0.00071538416806117224346529634734,False,0.91857628403034849740917816128
random,3.0001753328000000000000000000e12,3.0031755081328000000000000000e12,1.0010000000000000000000000000,20000.000000000000000000000000,0.50000100000000000000000000000,1.0000000000000000000000000000,5.5586910000000000000000000000,484.27922375069286861272622518,210.31979457531612671084845947,455.54853240320426012597724382,22491,4.9323264001948390410446204074e12,0.023032850249880258685275725514,7.9628542865023530002251864016e-104,1.4339531889294179529566752857e-111,1.5988543955670281683057990369e-107,2.3984552924119896927207141418e-124,1.4810037305808808270573227194e-116,3.5857306158140975429874471382e-123,7.9644532842947199254484259917e-104,0.048202936067970288904874603425,0.00041241528030448663184334417461,1.3739505025479564543518778337e-16,1.1987584488248858438019824718e-15,0.0085558124452062783400959540012,0.00041241528030582278534242385610,0.00041241528030582278534242385610,7.8648724438569784263929311984e-104,7.8654607954590284986233318797e-104,5.2437631156745369062807986495e99,5.2433708721035487502033100281e99,1.0471363520804003986785406528e-12,1.0460902618185818168616789738e-12,1.0460902618185818168616789755e-15,1.0471363520804003986785406528e-12,0.00041241528135191304716100567296,3.9385060076707880526293655782e8,-0.00041241528030477669508060527428,False,1.0000000000000000000000000000
random,3.0001753328000000000000000000e12,3.0031755081328000000000000000e12,1.0010000000000000000000000000,20000.000000000000000000000000,0.50000100000000000000000000000,1.0000000000000000000000000000,5.5586910000000000000000000000,33.060737009255414791389690992,14.358095650774243690369580386,4.3300456617668063046407096294,22491,4.9323264001948390410446204074e12,0.023032850249880258685275725514,7.6193553896863640798749579048e-6,9.3649000071178949972156583398e-15,1.5298835590696665443250019788e-9,1.6543157637705587564071220697e-27,1.4171166959408998745757534656e-18,2.3633028515320876146889304287e-26,7.6208852826117508702584061481e-6,0.81301051376832140375186533989,0.0069559654717600184586474308305,2.3173613374787798544124266644e-15,2.0218752255857652095501046492e-14,0.0085558124452062783400959540012,0.0069559654717825545722407672625,0.0069635863570651663231110256686,7.5256002544056758833373193462e-6,7.5261632258966536367741342535e-6,925.31972489350700321497662285,925.25050919760474489468354832,1.0471363520804003986785406528e-12,1.0460902618185818168616789738e-12,1.0460902618185818168616789755e-15,7.5256013015420279637377180248e-6,0.0069635863581112565849296074855,925.31959628055075041917281619,-0.0069560607568097145569658697675,False,0.99890560913703903486442066138
random,3.0001753328000000000000000000e12,3.0004753503332800000000000000e12,1.0001000000000000000000000000,20000.000000000000000000000000,0.50000100000000000000000000000,1.0000000000000000000000000000,5.5586910000000000000000000000,45.833698470103942294124985151,19.905322330783657545813097067,17.103906627948084032207480020,22491,4.9278917410937647602640683276e12,0.023032850249880258685275725514,1.2831452762989703256199343186e-8,2.1875251676595988478786642930e-18,2.5765883422190068451418462598e-12,3.8045575835290012104491245442e-31,2.3887373408758929725286350693e-21,5.5127785253686283718278772818e-30,1.2834029353521836168050853007e-8,0.75051272360096292005043118593,0.00064240279630710528890502195914,2.1411103329940739217894668264e-16,1.8697790471682169194315099166e-15,0.00085595190608753187263474810401,0.00064240279630918917898548958345,0.00064241563033854270082165763431,1.2674411571227395920168117149e-8,1.2674506426417020910928640677e-8,50686.031988807419794801939702,50685.652657809124201968777789,1.0471363520804003986785406528e-12,1.0470316489155088477937612767e-12,1.0470316489155088477937612794e-16,1.2675458707579476320566795689e-8,0.00064241563138557434973716648210,50681.844831495723855279809462,-0.00064240295592686677026084591531,False,0.99998002223366396220901993834
random,3.0001753328000000000000000000e12,3.0001783329753328000000000000e12,1.0000010000000000000000000000,20000.000000000000000000000000,0.50000100000000000000000000000,1.0000000000000000000000000000,5.5586910000000000000000000000,31.275076197595600106067306922,13.582593013719504331354591367,2.5453833504405751521518018741,22491,4.9274039285926465893782117509e12,0.023032850249880258685275725514,0.000018605326238122788960576952115,2.1644711646297914064987644288e-17,3.7360243318560342188819653683e-9,3.8378982836134171061381642276e-30,3.4639726256052078832499768622e-18,5.4734129694226010267819191947e-29,0.000018609062262479753679067795774,0.82214619168013800509546675551,7.0375612651934204140199256386e-6,2.3457015229547507361566600415e-18,2.0486463021753105241923986630e-17,8.5599876718206186274367461895e-6,7.0375612652162525785646334945e-6,0.000025646623527696006257632429269,0.000018377755284448405653538007813,0.000018377756659903598805758965231,1.3955253582791283835295417357,1.3955252538331594471495994345,1.0471363520804003986785406528e-12,1.0471353049450954535830870697e-12,1.0471353049450954535830882462e-18,0.000018377756331584757733938406491,0.000025646624574831311202727882852,1.3955253357426434891686659582,-7.2688682432465534687894763607e-6,False,0.27440498191180334059997467538
random,3.0001753328000000000000000000e12,3.0001753328000000000000000000e14,100.00000000000000000000000000,20000.000000000000000000000000,0.50000100000000000000000000000,1.0000000000000000000000000000,5.5586910000000000000000000000,45.548412672733094533858348433,19.781424283220129135359957783,12.213550639589478212240193560,22491,4.9273990011936453537098274264e14,0.023032850249880258685275725514,2.0302694565015263895106665567e-8,1.2535347104998874861662275577e-13,2.9716253964005431091541871840e-12,4.4716185767255767811983373227e-27,3.2270679230474187111955199960e-23,7.1063572214180255385777005978e-28,2.0305791543882746702825921150e-8,0.78206969539170185537797428260,33.468852420542366343687598601,2.2873678478444073480229733781e-12,2.1912788144348999367423157181e-13,42.795229910784232448791820042,33.468852420544872839416886498,33.468852440850664383299633201,1.4617625442903318913555861940e-8,2.0089950121097854807979615585e-8,2.2896230698741421862305018360e9,1.6659500018221893506595472462e9,1.0471363520804003986785406528e-12,1.0471363520804003986785406528e-14,1.0366649885595963946917552463e-12,1.4618672579255399313954540480e-8,33.468852440850674854663154005,2.2894590640428316949432930064e9,-33.468852426232002275407754691,False,0.99999999939329286596338877782
random,3.0001753328000000000000000000e12,3.0001753328000000000000000000e14,100.00000000000000000000000000,20000.000000000000000000000000,0.50000100000000000000000000000,1.0000000000000000000000000000,5.5586910000000000000000000000,33.341164570319801998359918853,14.479883793118094247058911381,0.0063025371761856767417639792882,22491,4.9273990011936453537098274264e14,0.023032850249880258685275725514,9.0849789665067072817406266464e-6,4.1059293930607775433881957115e-11,1.3297325700380891085002925934e-9,1.4872266968193337298768864911e-24,1.4440371011094035436593481445e-20,2.3337368769104236652670885862e-25,9.0863497583706904207161722995e-6,0.83532660921803817817367612829,35.747994292079082204813431017,2.4431316539087364409728716117e-12,2.3404992070386383838533973338e-13,42.795229910784232448791820042,35.747994292081759386388043617,35.748003378431517757078464333,6.5410440601262181153489316611e-6,8.9897808246028582611859034368e-6,5.4651830884841513584932404703e6,3.9765155653848499763771186209e6,1.0471363520804003986785406528e-12,1.0471363520804003986785406528e-14,1.0366649885595963946917552463e-12,6.5410451072625701957493303397e-6,35.748003378431528228441985138,5.4651822135793344047973862735e6,-35.747996837386420965871789388,False,0.99999974582217467695215859970
random,3.0001753328000000000000000000e12,3.0001753628017533280000000000e12,1.0000000100000000000000000000,20000.000000000000000000000000,0.50000100000000000000000000000,1.0000000000000000000000000000,5.5586910000000000000000000000,28.771885601955130591469909271,12.495471150880734280444820520,0.042193744799605687887736973845,22491,4.9273990504676354076693531890e12,0.023032850249880258685275725514,0.000065042644290468625470032680428,6.9661061677233316676272209957e-19,1.3060825511164417888907382116e-8,1.2409125816945002961288937985e-31,1.2109767267056699301957138264e-17,1.7621030802405370308694244875e-30,0.000065055705115992596265805418729,0.83513434399996485743159108027,7.1538104958627926789178840356e-8,2.3830455059561419538810907723e-20,2.0812631739864500843366186936e-19,8.5660595175885730182547688552e-8,7.1538104958859883561637046784e-8,0.000065127243220951456149367055776,0.000064247080247953220668168781267,0.000064247080296037995391701043434,1.0136996571610937238868341366,1.0136996564024052445456335270,1.0471363520804003986785406528e-12,1.0471363416090369825881708269e-12,1.0471363416090369825882799511e-20,0.000064247081295089572748569179946,0.000065127244268087797758404038364,1.0136996569378085690345209023,-8.8016297299822500983485841826e-7,False,0.0010984359450953399333365836877
random,3.0001753328000000000000000000e12,6.0003506656000000000000000000e12,2.0000000000000000000000000000,20000.000000000000000000000000,0.50000100000000000000000000000,1.0000000000000000000000000000,5.5586910000000000000000000000,29.424687761768497047082365499,12.778979526662204066093869329,0.0018487340530267840829614137127,22491,9.8547980023872907284248872761e12,0.023032850249880258685275725514,0.000049380426855725864976809274655,3.6062471706872805220109124579e-11,9.4235912352352987030486345731e-9,4.6232687304101361416262437749e-24,4.4812987277246938773947331213e-18,3.2960553767843180773347168822e-23,0.000049389886509437288484629090591,0.83534557914058081968593460961,5.0202249152172557222807467840,1.2052782060254794330710554167e-12,5.2785982548308361968093182634e-12,6.0097581654632577755302152453,5.0202249152237395987416030997,5.0202743051102490360300877288,0.000046355279900006097624322534350,0.000048791266885923670636706210241,108299.94589482758497259921138,102892.88689403970367268175108,1.0471363520804003986785406528e-12,5.2356817604020019933927032641e-13,5.2356817604020019933927032641e-13,0.000046355280947142449704722933029,5.0202743051107726042061279290,108299.94344841189317795790404,-5.0202279498298254617564232060,False,0.99999016191476645763700530519
random,3.0001753328000000000000000000e12,3.0001753328000000000000000000e14,100.00000000000000000000000000,20000.000000000000000000000000,0.50000100000000000000000000000,1.0000000000000000000000000000,5.5586910000000000000000000000,58.774084450249317859114608440,25.525260555658997018437703022,25.439222417105701537496453566,22491,4.9273990011936453537098274264e14,0.023032850249880258685275725514,2.7266886156452395176321639345e-11,2.1723696454087120942643763584e-16,3.9909466757628589058966049906e-15,7.6759456868596332755813097276e-30,4.3340106110101002086628098831e-26,1.2295567906228165748419345979e-30,2.7271094340092742255448574966e-11,0.72819494311770735781795143185,31.163270010590398843615409473,2.1297970112703132762315042652e-12,2.0403273020740935196774250876e-13,42.795229910784232448791820042,31.163270010592732673356887195,31.163270010620003767696979938,1.9631735460184575821072012310e-11,2.6981166518887163272296642150e-11,1.5873925193125544230454547419e12,1.1550008406347188254810692279e12,1.0471363520804003986785406528e-12,1.0471363520804003986785406528e-14,1.0366649885595963946917552463e-12,2.0678871812264976219750552962e-11,31.163270010620014239060500742,1.5070101644586127957451356146e12,-31.163270010599335367248235765,False,0.99999999999912489625348048722
random,3.0001753328000000000000000000e12,3.0031755081328000000000000000e12,1.0010000000000000000000000000,20000.000000000000000000000000,0.50000100000000000000000000000,1.0000000000000000000000000000,5.5586910000000000000000000000,880.64149417527075248652456030,382.45774145535477360484895287,851.91080282778214399977557894,22491,4.9323264001948390410446204074e12,0.023032850249880258685275725514,6.7935273561574494794107079306e-190,2.2251071025306135824754216915e-197,1.3640662862824044139269553779e-193,3.7148637753322337163411238838e-210,1.2635217217684142622768881326e-202,5.5623965360315799190047769845e-209,6.7948916449557056592011498391e-190,0.0040292505908253415248906643707,0.000034473512349726518802919993495,1.1484758659410092383294232501e-17,1.0020340216151329505698759667e-16,0.0085558124452062783400959540012,0.000034473512349838206963740916883,0.000034473512349838206963740916883,6.7099339228898859352608057063e-190,6.7104358764055168087776974675e-190,5.1376828365235062694389089925e184,5.1372985279615159918329573672e184,1.0471363520804003986785406528e-12,1.0460902618185818168616789738e-12,1.0460902618185818168616789755e-15,1.0471363520804003986785406528e-12,0.000034473513395928468782322733744,3.2921704348663038896689148548e7,-0.000034473512348792116701922335066,False,1.0000000000000000000000000000
random,3.0001753328000000000000000000e12,3.0001753328000000000000000000e13,10.000000000000000000000000000,20000.000000000000000000000000,0.50000100000000000000000000000,1.0000000000000000000000000000,5.5586910000000000000000000000,39.889758437914317800610133632,17.323901974039866585293188380,8.8574814977647471630099702134,22491,4.9273990011936453541258974596e13,0.023032850249880258685275725514,2.9536623174114820590181107632e-7,8.9285520712800880561575641903e-13,5.0321689755982066221924236038e-11,6.0190326310935336803268023348e-26,5.0652376946118625987052144941e-21,8.9332121595025851681038813427e-26,2.9541744628611638136405567608e-7,0.79354380681566295466387731715,16.310334081026052058510747073,2.0940721993171571997190978202e-12,1.8827712193010105062979991698e-12,20.553791663349033139899932972,16.310334081030028901929365240,16.310334376447475188045746604,2.4753578072205055560214232689e-7,2.9203231475742878199629803779e-7,6.5890815173753772011297782167e7,5.5851128632786243150461410774e7,1.0471363520804003986785406528e-12,1.0471363520804003986785406528e-13,9.4242271687236035881068658753e-13,2.4753682785840263600254100543e-7,16.310334376447579901680954644,6.5890536440813995459611893407e7,-16.310334128910752043278318642,False,0.99999998188771367479096845251
random,3.0001753328000000000000000000e12,3.3001928660800000000000000000e12,1.1000000000000000000000000000,20000.000000000000000000000000,0.50000100000000000000000000000,1.0000000000000000000000000000,5.5586910000000000000000000000,28.940174496019004775099307007,12.568558088938275751010030083,0.11517246905915496147318291999,22491,5.4201389013130099272828012080e12,0.023032850249880258685275725514,0.000060218319240225499657850657881,6.1457777518340813379009822929e-12,1.2006796734018761583538824934e-8,1.0444269332665895022765389793e-24,1.0156314840729131171481591010e-17,1.3487633401481171030319363982e-23,0.000060230332182747426582888324073,0.83475478593519850125961767055,0.68224031480327535158626151557,2.1689351497326103303245899554e-13,1.7221578443730263735844546589e-12,0.81729428366305443074024004808,0.68224031480521440294560780298,0.68230054513739715037219069130,0.000059062241711110300368067358012,0.000059484304613126682540201707457,11552.229061584169697664449822,11470.261770309586261185353381,1.0471363520804003986785406528e-12,9.5194213825490945334412786620e-13,9.5194213825490945334412786620e-14,0.000059062242758246652448467756691,0.68230054513834909251044560075,11552.228856786544498826485383,-0.68224148289559084585799713300,False,0.99991172463130508177671739648
random,3.0001753328000000000000000000e12,3.3001928660800000000000000000e12,1.1000000000000000000000000000,20000.000000000000000000000000,0.50000100000000000000000000000,1.0000000000000000000000000000,5.5586910000000000000000000000,33.186521836332935527110162541,14.412723307081165680004592552,4.3615198093730857134840384534,22491,5.4201389013130099272828012080e12,0.023032850249880258685275725514,7.2051996729906069561226845283e-6,8.4324884781361651366353872789e-13,1.4366287367885811035536635378e-9,1.4211828552996746063863216669e-25,1.2152161882380886167811979238e-18,1.8479684059601272257564378281e-24,7.2066371449774585690210766355e-6,0.81292293822530680667994822185,0.66439727046822923688693371941,2.1122096745638229969782250426e-13,1.6771172067819218956152502056e-12,0.81729428366305443074024004808,0.66439727047011757506117202361,0.66440447710726255251974104469,7.0668735034822360959328647037e-6,7.1173738748303374348616907971e-6,94016.749667285544761206659880,93349.666434812727381400474099,1.0471363520804003986785406528e-12,9.5194213825490945334412786620e-13,9.5194213825490945334412786620e-14,7.0668745506185881763332633822e-6,0.66440447710821449465799595414,94016.735736458892361966931461,-0.66439741023366387606981962088,False,0.99998915323813536854417546780
random,3.0001753328000000000000000000e12,3.0301770861280000000000000000e12,1.0100000000000000000000000000,20000.000000000000000000000000,0.50000100000000000000000000000,1.0000000000000000000000000000,5.5586910000000000000000000000,29.590577454633351970602825060,12.851024504878035806513146657,0.85093527662465893417243773825,22491,4.9766729912055818488538446896e12,0.023032850249880258685275725514,0.000043225789624370347737887446267,4.7315748886807208212206192848e-13,8.6734913648171238995297143191e-9,8.3767313769992826838982974816e-26,7.9652317301950593543569627077e-18,1.1794797268699312370464754171e-24,0.000043234463588900618962852500203,0.83091732505493018473156521793,0.070785762518342156493756326075,2.3476872966305640281130374854e-14,2.0300830787413382554588980103e-13,0.085189898422071226902157945475,0.070785762518568641674596765541,0.070828996982157542293559618041,0.000042665488124671676192714573101,0.000042697267786994429167087227830,1660.1004721940607775729439647,1658.8648560724072063795838702,1.0471363520804003986785406528e-12,1.0367686654261390085926145077e-12,1.0367686654261390085926145079e-14,0.000042665489171808028273114971779,0.070828996983194310958985757050,1660.1004314746217743334331751,-0.070786331494022502930712642078,False,0.99938959373376709306003783549
random,3.0001753328000000000000000000e12,3.3001928660800000000000000000e12,1.1000000000000000000000000000,20000.000000000000000000000000,0.50000100000000000000000000000,1.0000000000000000000000000000,5.5586910000000000000000000000,136.90974357665120519844035189,59.459146154128794988538763596,108.08474154969135538481422780,22491,5.4201389013130099272828012080e12,0.023032850249880258685275725514,2.1599047378838028661520602274e-28,1.0428923352410601051754776644e-34,4.3065860156540928708070438061e-32,1.6819669137994431120664823478e-47,3.6428569944670353466961758557e-41,2.2686225671356989696402834218e-46,2.1603364393780678046355120693e-28,0.42551228579659972402348018153,0.34776875880897243949857851019,1.1056043868899220946272628880e-13,8.7786177834336857227094337816e-13,0.81729428366305443074024004808,0.34776875880996086171561087097,0.34776875880996086171561087119,2.1184386630414328815204761149e-28,2.1335771736018740463466851938e-28,1.6416276991030309812649227577e27,1.6299797500310836469292043396e27,1.0471363520804003986785406528e-12,9.5194213825490945334412786620e-13,9.5194213825490945334412786620e-14,1.0471363520804006105224069570e-12,0.34776875881091280385386578064,3.3211411113746782286793043325e11,-0.34776875880986566750178538003,False,0.99999999999999999999999999938
random,3.0001753328000000000000000000e12,3.0001753628017533280000000000e12,1.0000000100000000000000000000,20000.000000000000000000000000,0.50000100000000000000000000000,1.0000000000000000000000000000,5.5586910000000000000000000000,36.000525506493417436254307284,15.634829573087361315535677882,7.2708336493378925326721349865,22491,4.9273990504676354076693531890e12,0.023032850249880258685275725514,1.7519389894183220925868831494e-6,2.3477560215378027609334479424e-20,3.5179642058850817340984609926e-10,4.1276136988692340289042460276e-33,3.2617944210868020307957741370e-19,5.9253639312484988500603215268e-32,1.7522907858392602577626171171e-6,0.79817557038143866148230497180,6.8372194413504414156616478173e-8,2.2775841032368652381016693240e-20,1.9891571133980188841445460966e-19,8.5660595175885730182547688552e-8,6.8372194413726105708988648713e-8,1.8206629802529863634716057658e-6,1.7305102839918079627228923908e-6,1.7305102852869827292859668453e-6,1.0520960187842519480089855769,1.0520960179968262810734920695,1.0471363520804003986785406528e-12,1.0471363416090369825881708269e-12,1.0471363416090369825882799511e-20,1.7305113311281600431232910694e-6,1.8206640273893279725085883540e-6,1.0520959872608261502399832498,-9.0152696261167929385297284597e-8,False,0.037553460006214655073746826809
random,3.0001753328000000000000000000e12,3.0004753503332800000000000000e12,1.0001000000000000000000000000,20000.000000000000000000000000,0.50000100000000000000000000000,1.0000000000000000000000000000,5.5586910000000000000000000000,28.731142809309221042111337533,12.477776780857287374012166949,0.0013509671533627801938324021219,22491,4.9278917410937647602640683276e12,0.023032850249880258685275725514,0.000066381735797459097480357220326,7.0939825691079554666125296414e-15,1.3329621341499886875878939517e-8,1.2644974621411388582010935235e-27,1.2357800319299337334676486735e-17,1.7952773153732959306388931015e-26,0.000066395065425906937736679571340,0.83534795504231828706106141255,0.00071501767436247477383125690054,2.3831336657491972094756656980e-16,2.0811320772003237325230636071e-15,0.00085595190608753187263474810401,0.00071501767436479421927503214399,0.00078141273979070115701171171533,0.000065569305038959802757094078915,0.000065569795759087368181134881733,11.917355831763098974743083396,11.917266643039750010410123695,1.0471363520804003986785406528e-12,1.0470316489155088477937612767e-12,1.0470316489155088477937612794e-16,0.000065569306086096154837494477594,0.00078141274083773280592722056313,11.917355657412239623112155380,-0.00071584343475163665108972608553,False,0.91503201567498037138868097452
random,3.0001753328000000000000000000e12,3.3001928660800000000000000000e12,1.1000000000000000000000000000,20000.000000000000000000000000,0.50000100000000000000000000000,1.0000000000000000000000000000,5.5586910000000000000000000000,28.858353632468118185292939770,12.533023739393566797857881983,0.033351605508268371666815682349,22491,5.4201389013130099272828012080e12,0.023032850249880258685275725514,0.000062732963561027384093991999720,6.3843165687107151033746288360e-12,1.2508186072000387885306685874e-8,1.0851635874501102625592134713e-24,1.0580430288598608560599258528e-17,1.4011577928087009977270380082e-23,0.000062745478131426533637977749904,0.83518116118590144269079305905,0.68258878885836927692158390213,2.1700429963527283653979252426e-13,1.7230374865086769602489227451e-12,0.81729428366305443074024004808,0.68258878886030931870772785193,0.68265153433844074524136582968,0.000061528609629819343450021185835,0.000061968297369143833181577411920,11094.863648724465822625963824,11016.141532369366760422054896,1.0471363520804003986785406528e-12,9.5194213825490945334412786620e-13,9.5194213825490945334412786620e-14,0.000061528610676955695530421584514,0.68265153433939268737962073913,11094.863459919892177874494957,-0.68259000572871573168409031755,False,0.99990808564109911020940710544
random,3.0001753328000000000000000000e12,3.0001753328000000000000000000e13,10.000000000000000000000000000,20000.000000000000000000000000,0.50000100000000000000000000000,1.0000000000000000000000000000,5.5586910000000000000000000000,31.047851098982339408903590439,13.483910407241842971551541221,0.015574158832768771303427019809,22491,4.9273990011936453541258974596e13,0.023032850249880258685275725514,0.000024567254550279195810455215298,5.7802289359444461074211045939e-11,4.1855352060652001289537280183e-9,3.9496255610401316674217039009e-24,4.2130403014469944255192953048e-19,5.7966112347149180500929551786e-24,0.000024571497887775041768821624733,0.83527960450463330781368482077,17.168162971628623587770931742,2.2042082408389332327698369156e-12,1.9817940558835113453024062923e-12,20.553791663349033139899932972,17.168162971632809590067654187,17.168187543130697365109423008,0.000020588929545034081965251184074,0.000024289954106333004202675048043,833855.27671940352635481107122,706801.97533409573157075538057,1.0471363520804003986785406528e-12,1.0471363520804003986785406528e-13,9.4242271687236035881068658753e-13,0.000020588930592170434045651582753,17.168187543130802078744631048,833855.23431020388364197145801,-17.168166954200209908310585397,False,0.99999856877740728044744035284
random,3.0001753328000000000000000000e12,3.0301770861280000000000000000e12,1.0100000000000000000000000000,20000.000000000000000000000000,0.50000100000000000000000000000,1.0000000000000000000000000000,5.5586910000000000000000000000,29.924762362420457777699047115,12.996159166265322910230213837,1.1851201844117647412686597933,22491,4.9766729912055818488538446896e12,0.023032850249880258685275725514,0.000036574264790383398581286926229,4.0487012335447772581163662525e-13,7.3388264873957474272687199742e-9,7.1627111801636853352895621027e-26,6.7395528675934829132621952331e-18,1.0091310779530965098677352997e-24,0.000036581604021747657237140272433,0.82918097776032063675392121514,0.070637843268689404199207259786,2.3427813928021365717374724727e-14,2.0258408645579089726092063213e-13,0.085189898422071226902157945475,0.070637843268915416099591072049,0.070674424872937163756828212321,0.000036100181711959434577477766214,0.000036127071163715939511609188203,1957.7304468116794702406613093,1956.2733041010726231982980268,1.0471363520804003986785406528e-12,1.0367686654261390085926145077e-12,1.0367686654261390085926145079e-14,0.000036100182759095786657878164893,0.070674424873973932422254351330,1957.7303900536856551143476341,-0.070638324691214836635596473165,False,0.99948239261815690302065384198
random,3.0001753328000000000000000000e12,6.0003506656000000000000000000e12,2.0000000000000000000000000000,20000.000000000000000000000000,0.50000100000000000000000000000,1.0000000000000000000000000000,5.5586910000000000000000000000,29.489581986644018964162439505,12.807162730433031973899103631,0.066742958928548701163035419837,22491,9.8547980023872907284248872761e12,0.023032850249880258685275725514,0.000047803889942945180747381913241,3.4988123870824086271317867517e-11,9.1227303399515981813423589234e-9,4.4849073366248197711748020220e-24,4.3382272050321781342924250129e-18,3.1977844138961149849551387619e-23,0.000047813047661413341433317310572,0.83501419710400685881607724923,5.0182333893170700891688657087,1.2048000715186064197058151408e-12,5.2765042320890851223752784736e-12,6.0097581654632577755302152453,5.0182333893235513934724734002,5.0182812023712128068139067175,0.000044875324895199044293450656896,0.000047233539701998503796252722202,111827.18373829735019321558792,106244.02138887091976168563054,1.0471363520804003986785406528e-12,5.2356817604020019933927032641e-13,5.2356817604020019933927032641e-13,0.000044875325942335396373851055574,5.0182812023717363749899469177,111827.18112889489536894359965,-5.0182363270457940395935730666,False,0.99999047222629955033958352387
random,3.0001753328000000000000000000e12,3.0001753628017533280000000000e12,1.0000000100000000000000000000,20000.000000000000000000000000,0.50000100000000000000000000000,1.0000000000000000000000000000,5.5586910000000000000000000000,106.28971068717559445433255128,46.161034834533453588111919131,77.560018830020069550750378981,22491,4.9273990504676354076693531890e12,0.023032850249880258685275725514,9.5590855247412516188901819015e-22,3.7822303940684448524962550429e-35,1.9195029575886807400309169244e-25,6.4181414376170563286640333289e-48,1.7797293184076525571294353846e-34,9.4890376839240831531986641583e-47,9.5610050277009982519880283286e-22,0.51398521261635777038946001616,4.4028279224178619478326963658e-8,1.4666504375652584125060854716e-20,1.2809178579201937071583325754e-19,8.5660595175885730182547688552e-8,4.4028279224321377768494635613e-8,4.4028279224322333868997405713e-8,9.4421643139606490293151171635e-22,9.4421643210274969263265558664e-22,4.6629435540773862055138948859e13,4.6629435505874752350353650532e13,1.0471363520804003986785406528e-12,1.0471363416090369825881708269e-12,1.0471363416090369825882799511e-20,1.0471363530246168300746055557e-12,4.4029326360663942905979993883e-8,42047.366833829013308591550391,-4.4028279224310918289149919278e-8,False,0.99999999999997828439994443558
random,3.0001753328000000000000000000e12,3.0001783329753328000000000000e12,1.0000010000000000000000000000,20000.000000000000000000000000,0.50000100000000000000000000000,1.0000000000000000000000000000,5.5586910000000000000000000000,51.394143242928207487407759387,22.320192812549016605742888070,22.664450395773182533492254340,22491,4.9274039285926465893782117509e12,0.023032850249880258685275725514,7.9586130595507251494821878295e-10,1.5214984982337843287205296673e-21,1.5981215087421502553306241140e-13,2.6343441062937583195630872754e-34,1.4817486897692462649430604172e-22,3.8319391933530376374339725275e-33,7.9602111810761640334096664969e-10,0.72483021378011050378516272890,6.2045376941007198306125903444e-6,2.0680450187004110912260833071e-18,1.8061516944218632025690757899e-17,8.5599876718206186274367461895e-6,6.2045376941208493925755093876e-6,6.2053337152389570089788503542e-6,7.8612673242109024516098098052e-10,7.8612679125755203543064415497e-10,7893.5538753757307319317470946,7893.5532845947191408608712653,1.0471363520804003986785406528e-12,1.0471353049450954535830870697e-12,1.0471353049450954535830882462e-18,7.8717386877317064555965952118e-10,6.2053347623742619540743039373e-6,7883.0548224948384185738525058,-6.2045475885054887834287442778e-6,False,0.99987171985349429946601661604
random,3.0001753328000000000000000000e12,3.0001753328000000000000000000e14,100.00000000000000000000000000,20000.000000000000000000000000,0.50000100000000000000000000000,1.0000000000000000000000000000,5.5586910000000000000000000000,45.703992402138056730978259717,19.848991701196705306513269537,12.369130368994440409360104843,22491,4.9273990011936453537098274264e14,0.023032850249880258685275725514,1.8783216837801814258039289154e-8,1.1636800289337151364322352636e-13,2.7492254292930702052167507697e-12,4.1504939049544003857364042462e-27,2.9855503344547720841278586977e-23,6.5968063302000756896722807934e-28,1.8786082431234030560071668214e-8,0.78141333106898793056862816906,33.440763158446589857729137836,2.2854481383132816745495562063e-12,2.1894397491400945039198601730e-13,42.795229910784232448791820042,33.440763158449094249842365127,33.440763177235176681076395687,1.3523625027632651049794143996e-8,1.8586394440245578458224296326e-8,2.4727662227328908129721787071e9,1.7992065801006066619937868806e9,1.0471363520804003986785406528e-12,1.0471363520804003986785406528e-14,1.0366649885595963946917552463e-12,1.3524672163984731450192822536e-8,33.440763177235187152439916491,2.4725747708906121610506218411e9,-33.440763163710514988455185041,False,0.99999999943822805922017146016
random,3.0001753328000000000000000000e12,3.0301770861280000000000000000e12,1.0100000000000000000000000000,20000.000000000000000000000000,0.50000100000000000000000000000,1.0000000000000000000000000000,5.5586910000000000000000000000,798.21401671592038205611533150,346.65994283755423621778617562,769.47437453791168901968494418,22491,4.9766729912055818488538446896e12,0.023032850249880258685275725514,5.3862160429945028337062980549e-172,1.5910336949079513409929918446e-178,1.0807737404897155887390565019e-175,2.6450321465560122531914279812e-191,9.9251995866739316847245964961e-185,3.9244425887681541221905506206e-190,5.3872984077696799813939913010e-172,0.0067616046998508074069711784257,0.00057602041754864666247220680965,1.9104347664947114918230061821e-16,1.6519837620906017023495693089e-15,0.085189898422071226902157945475,0.00057602041755048968971094688250,0.00057602041755048968971094688250,5.3163988122899561646151876963e-172,5.3203587660243178977521822253e-172,1.0834785686485733130325917992e168,1.0826721333699187959744897666e168,1.0471363520804003986785406528e-12,1.0367686654261390085926145077e-12,1.0367686654261390085926145079e-14,1.0471363520804003986785406528e-12,0.00057602041858725835513708589110,5.5009112943395437485591871666e8,-0.00057602041754012200305668549242,False,1.0000000000000000000000000000
random,3.0001753328000000000000000000e12,3.0001783329753328000000000000e12,1.0000010000000000000000000000,20000.000000000000000000000000,0.50000100000000000000000000000,1.0000000000000000000000000000,5.5586910000000000000000000000,160.03994725740185780758447756,69.504465977977088102419203726,131.31025441024683285366897252,22491,4.9274039285926465893782117509e12,0.023032850249880258685275725514,2.0356392097358377099320159776e-33,1.2119181979891459130683247212e-44,4.0876453984827389377359895555e-37,2.0449749613883014796020654281e-57,3.7899891718561024045242890808e-46,3.0391770912399600259060493644e-56,2.0360479742881841647228990827e-33,0.36709599701631608866337953248,3.1423372088241695420744591887e-6,1.0473777632078135589790170390e-18,9.1473981688578481309427845178e-18,8.5599876718206186274367461895e-6,3.1423372088343643180065248504e-6,3.1423372088343643180065248524e-6,2.0107402990493195315701672555e-33,2.0107404495401245075297872051e-33,1.5627762622154960474112821837e27,1.5627761452518880631386003492e27,1.0471363520804003986785406528e-12,1.0471353049450954535830870697e-12,1.0471353049450954535830882462e-18,1.0471363520804003986805513931e-12,3.1423382559696692631019784355e-6,3.0008873722382209131620265262e6,-3.1423372088333171827015797550e-6,False,0.99999999999999999999999999935
random,3.0001753328000000000000000000e12,3.0001753328000000000000000000e14,100.00000000000000000000000000,20000.000000000000000000000000,0.50000100000000000000000000000,1.0000000000000000000000000000,5.5586910000000000000000000000,37.093093348941665449328825209,16.109325758167576856257387547,3.7582313157980491277106703350,22491,4.9273990011936453537098274264e14,0.023032850249880258685275725514,1.3918836829830165409641910258e-6,6.9984779130102850720798461345e-12,2.0372452966489991511768590870e-10,2.5204389791915749142832321209e-25,2.2123680044458266361105375327e-21,3.9739095168036440931865496652e-26,1.3920944059905966638241682305e-6,0.81858295233556116380601314167,35.031445646246247268234608015,2.3941604399184864647154542383e-12,2.2935852033137367528771393463e-13,42.795229910784232448791820042,35.031445646248870787194857875,35.031447038343276777791521699,1.0021346808316733114761497558e-6,1.3772986475245118955731306728e-6,3.4956825373282778778696630145e7,2.5434895402901221013332989248e7,1.0471363520804003986785406528e-12,1.0471363520804003986785406528e-14,1.0366649885595963946917552463e-12,1.0021357279680253918765484344e-6,35.031447038343287249155042503,3.4956788846730965841568625852e7,-35.031446036207559281129650627,False,0.99999996026157856205895885726
random,3.0001753328000000000000000000e12,3.0001753328000000000000000000e13,10.000000000000000000000000000,20000.000000000000000000000000,0.50000100000000000000000000000,1.0000000000000000000000000000,5.5586910000000000000000000000,31.113114490237942556353043267,13.512253937934444356245402059,0.080837550088371918752879847827,22491,4.9273990011936453541258974596e13,0.023032850249880258685275725514,0.000023778522201767726116870173842,5.6064148275211837571616901524e-11,4.0511584890372192334768172828e-9,3.8303722223459592581795869819e-24,4.0777805326139322801179509785e-19,5.6221818257948393809086426222e-24,0.000023782629424405446335447037718,0.83496364371838913869830894487,17.161668779454374562176584006,2.2033744561217373958174308520e-12,1.9810444036656263799319807545e-12,20.553791663349033139899932972,17.161668779458558981036371370,17.161692562087983386482706817,0.000019927921424645336044261400733,0.000023510124495811623322591964936,861188.28935484001848532237553,729970.29705841727694308028540,1.0471363520804003986785406528e-12,1.0471363520804003986785406528e-13,9.4242271687236035881068658753e-13,0.000019927922471781688124661799412,17.161692562088088100117914857,861188.24410268388767481069312,-17.161672634165616318429790195,False,0.99999861420257131608210517177
random,3.0001753328000000000000000000e12,3.3001928660800000000000000000e12,1.1000000000000000000000000000,20000.000000000000000000000000,0.50000100000000000000000000000,1.0000000000000000000000000000,5.5586910000000000000000000000,28.969704443423752091146275746,12.581382782147050762532571067,0.14470241646390227752015165841,22491,5.4201389013130099272828012080e12,0.023032850249880258685275725514,0.000059335729084452493419927565403,6.0618813245004908840760575533e-12,1.1830819045941183176132184574e-8,1.0301015118448887203239183844e-24,1.0007458751577924700135460780e-17,1.3303361586254528679781688944e-23,0.000059347565965389766576679622686,0.83460095641248525755170792319,0.68211459081370355883928759126,2.1685354559967959830721321828e-13,1.7218404832465010843243471524e-12,0.81729428366305443074024004808,0.68211459081564225286813377194,0.68217393838160764263471045156,0.000058196595612550798566978664466,0.000058612472547121782293343382930,11721.887357866146307385009632,11638.716278914365674741261075,1.0471363520804003986785406528e-12,9.5194213825490945334412786620e-13,9.5194213825490945334412786620e-14,0.000058196596659687150647379063145,0.68217393838255958477296536102,11721.887146969579674015089983,-0.68211574178589989762231798195,False,0.99991300229658994862089888839
random,3.0001753328000000000000000000e12,3.0001783329753328000000000000e12,1.0000010000000000000000000000,20000.000000000000000000000000,0.50000100000000000000000000000,1.0000000000000000000000000000,5.5586910000000000000000000000,886.03930938654629519635583947,384.80198281594517722891616039,857.30961653939127024244033443,22491,4.9274039285926465893782117509e12,0.023032850249880258685275725514,4.5702755844829154228551592581e-191,1.5069440937162219037708863812e-201,9.1772971719943905267277686151e-195,2.5170818616528836643442371438e-214,8.5090201125750231758980351915e-204,3.7727241210825905624990327655e-213,4.5711933143516601732911141708e-191,0.0038945920126495447720333523263,3.3337659614942995706236277571e-8,1.1111832065645203142939587803e-20,9.7046505912663024101637856183e-20,8.5599876718206186274367461895e-6,3.3337659615051154044214585798e-8,3.3337659615051154044214585798e-8,4.5143742818126933294944814196e-191,4.5143746196841827276875900768e-191,7.3847797134057774930300561412e182,7.3847791607031927836280002910e182,1.0471363520804003986785406528e-12,1.0471353049450954535830870697e-12,1.0471353049450954535830882462e-18,1.0471363520804003986785406528e-12,3.3338706750356099139668168885e-8,31837.980492340230410570651587,-3.3337659614004018739269490344e-8,False,1.0000000000000000000000000000
random,3.0001753328000000000000000000e12,3.0004753503332800000000000000e12,1.0001000000000000000000000000,20000.000000000000000000000000,0.50000100000000000000000000000,1.0000000000000000000000000000,5.5586910000000000000000000000,64.699835703239236589617150884,28.098781625963799121202594875,35.970043861083378327699645753,22491,4.9278917410937647602640683276e12,0.023032850249880258685275725514,1.0269426286656290365371281385e-12,2.4714155906021028279150963759e-22,2.0621269111316803872123069822e-16,4.2458966491336750067293634543e-35,1.9117836844682173736517965900e-25,6.2153700600367641397422421303e-34,1.0271488416040749420051704697e-12,0.66688776940989097118726325053,0.00057082385737100691213408306570,1.9025397559949573226069336113e-16,1.6614412239043400324172706854e-15,0.00085595190608753187263474810401,0.00057082385737285860733358690146,0.00057082385840000744893766184347,1.0143741146200229568706479030e-12,1.0143817061873673055070496416e-12,5.6273504042818940195929749625e8,5.6273082895539727901061006021e8,1.0471363520804003986785406528e-12,1.0470316489155088477937612767e-12,1.0470316489155088477937612794e-16,2.0615104667004233555491885559e-12,0.00057082385944703909785317069126,2.7689593075929342426769450962e8,-0.00057082385738552863115274733571,False,0.99999999820058530054590735327
random,3.0001753328000000000000000000e12,3.0001753328000000000000000000e14,100.00000000000000000000000000,20000.000000000000000000000000,0.50000100000000000000000000000,1.0000000000000000000000000000,5.5586910000000000000000000000,34.663031626146580463319649682,15.053963361273361860487928878,1.3281695930029641417014948089,22491,4.9273990011936453537098274264e14,0.023032850249880258685275725514,4.6912020898024154413588971915e-6,2.2042343094309991254014948431e-11,6.8663276320601429133159749244e-10,7.9668234616730352446164690431e-25,7.4565608698172371975926484755e-21,1.2523842505398761256354182085e-25,4.6919107649087232231242733924e-6,0.82938882034457630991993793420,35.493885252077604078895458600,2.4257650337258096441064950977e-12,2.3238621335915110275000303135e-13,42.795229910784232448791820042,35.493885252080262230142543561,35.493889943991027138865766685,3.3775928020835816115942612670e-6,4.6420447143267995057045126834e-6,1.0508635002447728004633911428e7,7.6461757971537412183199655017e6,1.0471363520804003986785406528e-12,1.0471363520804003986785406528e-14,1.0366649885595963946917552463e-12,3.3775938492199336919946599455e-6,35.493889943991037610229287489,1.0508631744514950244050444562e7,-35.493886566397188390295595495,False,0.99999986781074792555824523333
random,3.0001753328000000000000000000e12,6.0003506656000000000000000000e12,2.0000000000000000000000000000,20000.000000000000000000000000,0.50000100000000000000000000000,1.0000000000000000000000000000,5.5586910000000000000000000000,35.493670486611895978744830019,15.414705234827853549594102360,6.0708314588964257157454259338,22491,9.8547980023872907284248872761e12,0.023032850249880258685275725514,2.3751551597218295498621743572e-6,2.0923435937350831833844399904e-12,4.5326646144378531948886462306e-10,2.6532281301748106646744529499e-25,2.1554653276910639939447921777e-19,1.9087834022424908674947275227e-24,2.3756105185270826189717219279e-6,0.80491626594280081301765634910,4.8373521017576946409527167862,1.1613732774097794864316252066e-12,5.0863136201210247462317731448e-12,6.0097581654632577755302152453,4.8373521017639423278502475905,4.8373544773744608549328665622,2.2296482482123872712692104004e-6,2.3468170826479781890736995841e-6,2.1695594725548269704920197303e6,2.0612405257917847181346643786e6,1.0471363520804003986785406528e-12,5.2356817604020019933927032641e-13,5.2356817604020019933927032641e-13,2.2296492953487393516696090789e-6,4.8373544773749844231089067624,2.1695584536393980357244404509e6,-4.8373522477256890743695550928,False,0.99999950890294899031729623737
random,3.0001753328000000000000000000e12,3.0031755081328000000000000000e12,1.0010000000000000000000000000,20000.000000000000000000000000,0.50000100000000000000000000000,1.0000000000000000000000000000,5.5586910000000000000000000000,28.732181583118768101575232950,12.478227914590719281389105055,0.0014902356301596148262515871862,22491,4.9323264001948390410446204074e12,0.023032850249880258685275725514,0.000066351706801456648859946014756,7.0874848620566255298414210637e-14,1.3322699908336730793875165475e-8,1.2627683325895676785175897009e-26,1.2340691135079087582065052246e-17,1.7912139440369846273267572640e-25,0.000066365029572252174902632973386,0.83534722681071897876237240871,0.0071470741991925458647410842965,2.3810287001195052061313367770e-15,2.0774243801866264366294657266e-14,0.0085558124452062783400959540012,0.0071470741992157011372430700661,0.0072134392287879533121457030395,0.000065535258043114744704801418083,0.000065540160573236583844094860813,110.06959374513076423782726442,110.06136032772509412010256453,1.0471363520804003986785406528e-12,1.0460902618185818168616789738e-12,1.0460902618185818168616789755e-15,0.000065535259090251096785201816761,0.0072134392298340435739642848564,110.06959200237756248205308269,-0.0071479039707437924771790830396,False,0.99079980748886086647417683073
random,3.0001753328000000000000000000e12,3.0031755081328000000000000000e12,1.0010000000000000000000000000,20000.000000000000000000000000,0.50000100000000000000000000000,1.0000000000000000000000000000,5.5586910000000000000000000000,28.748805618758069530306737874,12.485447641535830889156748993,0.018114271269461043557756511210,22491,4.9323264001948390410446204074e12,0.023032850249880258685275725514,0.000065802476002429228121358065263,7.0328845539301461748537828775e-14,1.3212420347062540796863140366e-8,1.2529931099041892953814928494e-26,1.2238540218706258163747492502e-17,1.7774033119420528317809225284e-25,0.000065815688493117374741865366672,0.83526027827272770863783899262,0.0071463302838091100750641061688,2.3807808666943784408721675906e-15,2.0772081479339208484402043601e-14,0.0085558124452062783400959540012,0.0071463302838322629374101397557,0.0072121459723253803121520051224,0.000064992785454622146639721749939,0.000064997647403715013445231747141,110.96840859914964692792952824,110.96010794866341607370783814,1.0471363520804003986785406528e-12,1.0460902618185818168616789738e-12,1.0460902618185818168616789755e-15,0.000064992786501758498720122148617,0.0072121459733714705739705869393,110.96840682736895382367802826,-0.0071471531868697120752504647906,False,0.99087432662266308601417888235
random,3.0001753328000000000000000000e12,3.0001753328000000000000000000e14,100.00000000000000000000000000,20000.000000000000000000000000,0.50000100000000000000000000000,1.0000000000000000000000000000,5.5586910000000000000000000000,169.13651611834654099145509319,73.455055638538312904470353391,135.80165408520292466983693832,22491,4.9273990011936453537098274264e14,0.023032850249880258685275725514,2.9562285265052130036903645132e-35,6.7781575262390683124055085642e-40,4.3269151977808136304201905021e-39,2.3435951356381473288984867606e-53,4.6988591689309770364810729508e-50,3.8225998965939383937216196099e-54,2.9567289996002581773215546436e-35,0.40140670145750702927692715885,17.178292076602255084635959326,1.1740191292840146588356570362e-12,1.1247002742325703330333051195e-13,42.795229910784232448791820042,17.178292076603541573792666598,17.178292076603541573792666598,2.1284387245100981414349105947e-35,2.9252512987313261162898536348e-35,8.0708417295675081918519733524e35,5.8724158447698911168205905489e35,1.0471363520804003986785406528e-12,1.0471363520804003986785406528e-14,1.0366649885595963946917552463e-12,1.0471363520804003986785619372e-12,17.178292076603552045156187402,1.6405019310498144134969950267e13,-17.178292076602504908804107002,False,1.0000000000000000000000000000
random,3.0001753328000000000000000000e12,3.0004753503332800000000000000e12,1.0001000000000000000000000000,20000.000000000000000000000000,0.50000100000000000000000000000,1.0000000000000000000000000000,5.5586910000000000000000000000,29.937853141122046997260001027,13.001844419219239724002220299,1.2080612989661887353424958965,22491,4.9278917410937647602640683276e12,0.023032850249880258685275725514,0.000036309041574673874965660332935,4.0431915105155541038695167095e-15,7.2909478736725822412006391236e-9,7.1880553844262351241651754140e-28,6.7593876564784356125380554109e-18,1.0227490498614927239131466721e-26,0.000036316332526597498446084512410,0.82905976471266715787481899341,0.00070963528586398616434131619569,2.3651943172648030795854765869e-16,2.0654660849349630242794799482e-15,0.00085595190608753187263474810401,0.00070963528586628814985797763902,0.00074595161839288564830406215143,0.000035864663586775224025965399442,0.000035864931997615935790762201043,20.799069161433558753147559594,20.798913502539795518823235702,1.0471363520804003986785406528e-12,1.0470316489155088477937612767e-12,1.0470316489155088477937612794e-16,0.000035864664633911576106365798121,0.00074595161943991729721957099922,20.799068583359569463628863658,-0.00071008695480600572111320520110,False,0.95131543168330518955912169091
random,3.0001753328000000000000000000e12,3.0301770861280000000000000000e12,1.0100000000000000000000000000,20000.000000000000000000000000,0.50000100000000000000000000000,1.0000000000000000000000000000,5.5586910000000000000000000000,73.894979933018240920455251748,32.092182025261347382824297974,45.155337755009547884024864426,22491,4.9766729912055818488538446896e12,0.023032850249880258685275725514,1.0355335528966000478239023722e-14,2.8307275639789128543577045015e-22,2.0778547730596580190104906171e-18,4.8212644245267233454057918139e-35,1.9081813854392420920120405275e-27,7.0102418298601610228221688315e-34,1.0357413666813724716283995718e-14,0.62967433973655211578548724834,0.053641893040970010851949900458,1.7790920995852571968583283999e-14,1.5384096391687271404244514650e-13,0.085189898422071226902157945475,0.053641893041141642736862625744,0.053641893041152000150529439469,1.0221107558183220284938149472e-14,1.0228720815666984290373309326e-14,5.2481487682032308418666036452e12,5.2442425605155372253415518783e12,1.0471363520804003986785406528e-12,1.0367686654261390085926145077e-12,1.0367686654261390085926145079e-14,1.0573574596385836189634788023e-12,0.053641893042188768815955578477,5.0732032533750843746759835950e10,-0.053641893041131411356316994858,False,0.99999999999980691558258639540
random,3.0001753328000000000000000000e12,3.0001753328000000000000000000e13,10.000000000000000000000000000,20000.000000000000000000000000,0.50000100000000000000000000000,1.0000000000000000000000000000,5.5586910000000000000000000000,31.038887912835302113657051206,13.480017744957913005455912981,0.0066109726857314760568877875536,22491,4.9273990011936453541258974596e13,0.023032850249880258685275725514,0.000024677602069755455017718558677,5.8045154915999010804157861030e-11,4.2043351670752756074662920634e-9,3.9662898578180219052305382759e-24,4.2319638057305816941619543773e-19,5.8209841086015417291617319672e-24,0.000024681864450077869498504676152,0.83532300746987210828891840219,17.169055067133713255342261029,2.2043227763467323808656433536e-12,1.9818970342611157949018167342e-12,20.553791663349033139899932972,17.169055067137899475152868877,17.169079749002349553022367381,0.000020681407819287977276157915300,0.000024399056089150842619715906041,830169.77852881242104831877950,703678.03107910650925746409542,1.0471363520804003986785406528e-12,1.0471363520804003986785406528e-13,9.4242271687236035881068658753e-13,0.000020681408866424329356558313979,17.169079749002454266657575421,830169.73649585159149360756371,-17.169059067593587842328218863,False,0.99999856242356544985654976656
random,3.0001753328000000000000000000e12,3.3001928660800000000000000000e12,1.1000000000000000000000000000,20000.000000000000000000000000,0.50000100000000000000000000000,1.0000000000000000000000000000,5.5586910000000000000000000000,28.977223000037024829882183039,12.584648049796072314315567604,0.15222097307717501625605895131,22491,5.4201389013130099272828012080e12,0.023032850249880258685275725514,0.000059113088311810014033217166729,6.0407031755794062764601459522e-12,1.1786427197487906339094475083e-8,1.0264854878979731477561534508e-24,9.9699085540322293649775391673e-18,1.3256845853122609661646909645e-23,0.000059124880779720647441799901234,0.83456179473526095308997478290,0.68208258419876956813909793296,2.1684337025960543301500153805e-13,1.7217596899515514990442727001e-12,0.81729428366305443074024004808,0.68208258420070817119930908989,0.68214170908148789184675088980,0.000057978229120518676723350891667,0.000058392545592894862358665456986,11765.480240238586492154906956,11681.999853839050797167632976,1.0471363520804003986785406528e-12,9.5194213825490945334412786620e-13,9.5194213825490945334412786620e-14,0.000057978230167655028803751290345,0.68214170908243983398500579925,11765.480027760384217332575557,-0.68208373085227217895620204796,False,0.99991332463622649167935156056
random,3.0001753328000000000000000000e12,6.0003506656000000000000000000e12,2.0000000000000000000000000000,20000.000000000000000000000000,0.50000100000000000000000000000,1.0000000000000000000000000000,5.5586910000000000000000000000,30.993987910423896445899747129,13.460517921673196823257153908,1.5711488827084261829003430437,22491,9.8547980023872907284248872761e12,0.023032850249880258685275725514,0.000022531268461452181346135136529,1.7332141632423005953417213227e-11,4.2997899676408786038822806353e-9,2.2148489954709966839839096532e-24,2.0447240155564059793834028088e-18,1.5832516726348210669636017355e-23,0.000022535585583563499389807894355,0.82736869645210349312599692074,4.9722857793452985204782707117,1.1937687623933779834068504116e-12,5.2281918600526332077469545152e-12,6.0097581654632577755302152453,4.9722857793517204811007167228,4.9723083149373040446001065307,0.000021150956412028019831314810559,0.000022262446940626970715925987239,235086.68913476067141857779875,223349.58633245687567511718229,1.0471363520804003986785406528e-12,5.2356817604020019933927032641e-13,5.2356817604020019933927032641e-13,0.000021150957459164371911715209237,4.9723083149378276127761467309,235086.67749617196968602366313,-4.9722871639803684484042350157,False,0.99999546778193221357973421477
random,3.0001753328000000000000000000e12,3.0001753328000000000000000000e14,100.00000000000000000000000000,20000.000000000000000000000000,0.50000100000000000000000000000,1.0000000000000000000000000000,5.5586910000000000000000000000,33.348486546407575541274192291,14.483063686929641856607696306,0.013624513263959219656037417509,22491,4.9273990011936453537098274264e14,0.023032850249880258685275725514,9.0517797751329675396509822490e-6,4.0918235302297994900725984680e-11,1.3248733352251807815423710306e-9,1.4820989348662719081652685313e-24,1.4387601638432575835652799272e-20,2.3257144067249864261818375278e-25,9.0531455667035094077437341541e-6,0.83529360230971584298481617673,35.746581753848783798715097853,2.4430351165524136855728008823e-12,2.3404067250778068716068446182e-13,42.795229910784232448791820042,35.746581753851460874504158048,35.746590806997027578013565791,6.5171411568463337198300083340e-6,8.9569295153038202913766945711e-6,5.4850109805347413640627851851e6,3.9909425150572370290915745558e6,1.0471363520804003986785406528e-12,1.0471363520804003986785406528e-14,1.0366649885595963946917552463e-12,6.5171422039826858002304070126e-6,35.746590806997038049377086595,5.4850100992352086798156169334e6,-35.746584289854834066691286365,False,0.99999974674100767865535154498
random,3.0001753328000000000000000000e12,3.0001753328000000000000000000e14,100.00000000000000000000000000,20000.000000000000000000000000,0.50000100000000000000000000000,1.0000000000000000000000000000,5.5586910000000000000000000000,50.274606472528012411922268524,21.833984170876424089149542502,16.939744439384396090304113650,22491,4.9273990011936453537098274264e14,0.023032850249880258685275725514,1.9110574250296331685565727612e-9,1.3023654895853433547449962655e-14,2.7971394437384697634264146463e-13,4.6274377440729196300817253051e-28,3.0375830635021375882553422052e-24,7.3782438437950606424657757593e-29,1.9113501626289059070860525676e-9,0.76237455734590618338205788341,32.625994459747970007369883886,2.2297642534457691062751873441e-12,2.1360950641867749857443268222e-13,42.795229910784232448791820042,32.625994459750413381129748333,32.625994461661763543758654240,1.3759317291360466096807873704e-9,1.8910321595221303544279935649e-9,2.3711928267071625974568634920e10,1.7253008785374888990294308735e10,1.0471363520804003986785406528e-12,1.0471363520804003986785406528e-14,1.0366649885595963946917552463e-12,1.3769788654881270100794659110e-9,32.625994461661774015122175044,2.3693896311252492064631369401e10,-32.625994460284795149634048034,False,0.99999999994141634012489948431
random,3.0001753328000000000000000000e12,3.0004753503332800000000000000e12,1.0001000000000000000000000000,20000.000000000000000000000000,0.50000100000000000000000000000,1.0000000000000000000000000000,5.5586910000000000000000000000,52.304836214049750614600424793,22.715701744615180256680714278,23.575044371893892352682919662,22491,4.9278917410937647602640683276e12,0.023032850249880258685275725514,5.0476138413637800124813954316e-10,9.8202309106252809962127568008e-20,1.0135736942580561213072078647e-13,1.6991057468965613765215842838e-32,9.3967720474842876109658096486e-23,2.4726300008013939617424411366e-31,5.0486274160410008368726217084e-10,0.72070941562222794849613029340,0.00061689259803507609569443067001,2.0560855643738923264099524962e-16,1.7955290057730912696498951324e-15,0.00085595190608753187263474810401,0.00061689259803707723325664115051,0.00061689310289981883735672483777,4.9858372594096262499325910324e-10,4.9858745733737517533416324306e-10,1.2372908917866790616578606092e6,1.2372816319813491213223150508e6,1.0471363520804003986785406528e-12,1.0470316489155088477937612767e-12,1.0470316489155088477937612794e-16,4.9963086229304302539193764389e-10,0.00061689310394685048627223368557,1.2346977548897508271510818575e6,-0.00061689260431598819322920829363,False,0.99999918160417221249444051992
random,3.0001753328000000000000000000e12,3.0004753503332800000000000000e12,1.0001000000000000000000000000,20000.000000000000000000000000,0.50000100000000000000000000000,1.0000000000000000000000000000,5.5586910000000000000000000000,89.528216334989085458024770918,38.881610328926332040582061351,60.798424492833227196107265787,22491,4.9278917410937647602640683276e12,0.023032850249880258685275725514,4.1699594370734337223397523574e-18,1.3886524872277682922427877624e-27,8.3733845820480175095445384036e-22,2.3658690184175250652602686828e-40,7.7629072882580216127471292021e-31,3.4874652260761181380819802888e-39,4.1707967769210673020510249577e-18,0.57086509529206678072450201927,0.00048863306643250000191553119555,1.6286001767044827675039135341e-16,1.4222165199484494107533493615e-15,0.00085595190608753187263474810401,0.00048863306643408507845315009324,0.00048863306643408924924992701431,4.1189242650087927552208298569e-18,4.1189550910033576886232900421e-18,1.1863123354443278501306110247e14,1.1863034571592296233844509649e14,1.0471363520804003986785406528e-12,1.0470316489155088477937612767e-12,1.0470316489155088477937612794e-16,1.0471404710046654074712958736e-12,0.00048863306748112089816543586210,4.6663564346081305527924803834e8,-0.00048863306643398042716077045463,False,0.99999999999999146435830190862
random,3.0001753328000000000000000000e12,3.0001753628017533280000000000e12,1.0000000100000000000000000000,20000.000000000000000000000000,0.50000100000000000000000000000,1.0000000000000000000000000000,5.5586910000000000000000000000,93.461557779676012610105681209,40.589838813795229124269247111,64.731865922520487706523508911,22491,4.9273990504676354076693531890e12,0.023032850249880258685275725514,5.8346439306271878834927296808e-19,2.0299483856288833105535638211e-32,1.1716200521826471790705562855e-22,3.4533916197011346763196944340e-45,1.0863054670794517976031860370e-31,5.0949698379418731141054710371e-44,5.8358155506806598309774431212e-19,0.55697554024209534604099794501,4.7710856275393682216462787259e-8,1.5893228049324187059906963162e-20,1.3880553339058103644993867419e-19,8.5660595175885730182547688552e-8,4.7710856275548380977902692483e-8,4.7710856276131962532970758466e-8,5.7632779373972977405288864388e-19,5.7632779417107376699283456976e-19,8.2784236322425627151807187211e10,8.2784236260466992831284242198e10,1.0471363520804003986785406528e-12,1.0471363416090369825881708269e-12,1.0471363416090369825882799511e-20,1.0471369284081941384083147057e-12,4.7711903412473571569953346637e-8,45564.149365835900381175557579,-4.7710856275545163375814938322e-8,False,0.99999999998776836970415031111
random,3.0001753328000000000000000000e12,3.0001753628017533280000000000e12,1.0000000100000000000000000000,20000.000000000000000000000000,0.50000100000000000000000000000,1.0000000000000000000000000000,5.5586910000000000000000000000,28.777798286116125289027996275,12.498038996985091035839304225,0.048106428960600385445823977930,22491,4.9273990504676354076693531890e12,0.023032850249880258685275725514,0.000064850639939239965100897581701,6.9469697310705903535341811649e-19,1.3022270262432789291676417108e-8,1.2374871728125989432486888664e-31,1.2074019519820936713955985748e-17,1.7572583962956747219432701223e-30,0.000064863662209515166606682187995,0.83510342471198003720425822481,7.1535456394016741063759445711e-8,2.3829572781508685155276122332e-20,2.0811861191079014771147847478e-19,8.5660595175885730182547688552e-8,7.1535456394248689248451744543e-8,0.000064935197665909415295930639739,0.000064057424383006296617931253323,0.000064057424430949126221066234366,1.0137029125250933740152259053,1.0137029117664024582451036233,1.0471363520804003986785406528e-12,1.0471363416090369825881708269e-12,1.0471363416090369825882799511e-20,0.000064057425430142648698331652002,0.000064935198713045756904967622328,1.0137029123010939202529992548,-8.7777328290310820663597032582e-7,False,0.0011016437766509544288348562961
random,3.0001753328000000000000000000e12,3.0301770861280000000000000000e12,1.0100000000000000000000000000,20000.000000000000000000000000,0.50000100000000000000000000000,1.0000000000000000000000000000,5.5586910000000000000000000000,471.16079524181536823040699967,204.62253346266832426317755373,442.42115306380667519397661235,22491,4.9766729912055818488538446896e12,0.023032850249880258685275725514,5.6232637850872295847789139853e-101,9.8030865012653246514922928875e-108,1.1283386678619500641931479125e-104,1.6325527161603399511519906260e-120,1.0362008309729291222172496928e-113,2.4187146028438627307856881868e-119,5.6243931040647778647885150860e-101,0.052377670575540225032082260812,0.0044620484359007040368634596263,1.4798872057357477992987645319e-15,1.2796823406259218838478748079e-14,0.085189898422071226902157945475,0.0044620484359149807474754545930,0.0044620484359149807474754545930,5.5503738932109860801802320975e-101,5.5545081247841922119190407128e-101,8.0391853265467302231100365530e97,8.0332017447329658869647382568e97,1.0471363520804003986785406528e-12,1.0367686654261390085926145077e-12,1.0367686654261390085926145079e-14,1.0471363520804003986785406528e-12,0.0044620484369517494129015936016,4.2611914179913294845192374182e9,-0.0044620484359046130608211932029,False,1.0000000000000000000000000000
random,3.0001753328000000000000000000e12,3.0004753503332800000000000000e12,1.0001000000000000000000000000,20000.000000000000000000000000,0.50000100000000000000000000000,1.0000000000000000000000000000,5.5586910000000000000000000000,28.736633039510198991560034221,12.480161157537950678723691671,0.0068411973543407296425290901683,22491,4.9278917410937647602640683276e12,0.023032850249880258685275725514,0.000066199760178410180635223160014,7.0758873663562075576363874497e-15,1.3293080174473038161433375576e-8,1.2612563223637504927633910450e-27,1.2323923254528857538313316244e-17,1.7906941118735089967892426595e-26,0.000066213053265672864963014498002,0.83531923761762826108527128216,0.00071499309362807350068556037713,2.3830517388573441599265786090e-16,2.0810605324585951555123444723e-15,0.00085595190608753187263474810401,0.00071499309363039286639190470671,0.00078120614689606573135491920471,0.000065389556577553514913661879776,0.000065390045952445106606211365037,11.946955871608294376385393974,11.946866461360153995223220952,1.0471363520804003986785406528e-12,1.0470316489155088477937612767e-12,1.0470316489155088477937612794e-16,0.000065389557624689866994062278454,0.00078120614794309738027042805250,11.946955696304154734711399497,-0.00071581659031840751327636577405,False,0.91524253421615476589245410524
random,3.0001753328000000000000000000e12,3.0001753328000000000000000000e14,100.00000000000000000000000000,20000.000000000000000000000000,0.50000100000000000000000000000,1.0000000000000000000000000000,5.5586910000000000000000000000,47.712984512403320137204261869,20.721485888872078445182280798,14.378122479259703815586106995,22491,4.9273990011936453537098274264e14,0.023032850249880258685275725514,6.8789614918291337400630966059e-9,4.4490713202632287257709679092e-14,1.0068464855500057383243787860e-12,1.5840476194028451669293640869e-27,1.0933955541257252865879637285e-23,2.5213889766850257226112533806e-28,6.8800128290278973138804064687e-9,0.77298705503506334444852298159,33.080158738283083081838456089,2.2608032850596243337310356815e-12,2.1658301907253913617438445632e-13,42.795229910784232448791820042,33.080158738285560468142588252,33.080158745165573297170485566,4.9527456664291357971486221391e-9,6.8068793929421104826304275481e-9,6.6791555579747608530882587976e9,4.8598126741404577002445807752e9,1.0471363520804003986785406528e-12,1.0471363520804003986785406528e-14,1.0366649885595963946917552463e-12,4.9537928027812161975473006798e-9,33.080158745165583768534006370,6.6777437131793915139869852149e9,-33.080158740211790965752790173,False,0.99999999979201995727927510063
random,3.0001753328000000000000000000e12,3.0004753503332800000000000000e12,1.0001000000000000000000000000,20000.000000000000000000000000,0.50000100000000000000000000000,1.0000000000000000000000000000,5.5586910000000000000000000000,29.284117643453672101260201914,12.717930699957588355361178614,0.55432580129781383934269678322,22491,4.9278917410937647602640683276e12,0.023032850249880258685275725514,0.000050346773630939859397529393049,5.4839377913801716132778205707e-15,1.0109760165270152730334614638e-8,9.7630681899101545550225017489e-28,9.3726891558014236387692386620e-18,1.3875282318767201681612874022e-26,0.000050356883396598440030810552290,0.83246049425623655474779858843,0.00071254614679888312932308781535,2.3748961343512860012507212854e-16,2.0739384434249608265063455877e-15,0.00085595190608753187263474810401,0.00071254614680119455737994790478,0.00076290303019779299741075845706,0.000049730591077145560748992151476,0.000049730963260471017387874892628,15.340719136322442203559758250,15.340604327368649203841281109,1.0471363520804003986785406528e-12,1.0470316489155088477937612767e-12,1.0470316489155088477937612794e-16,0.000049730592124281912829392550154,0.00076290303124482464632626730486,15.340718834359558104881844416,-0.00071317243912054273349687475470,False,0.93399307460668660287350177534
random,3.0001753328000000000000000000e12,3.0004753503332800000000000000e12,1.0001000000000000000000000000,20000.000000000000000000000000,0.50000100000000000000000000000,1.0000000000000000000000000000,5.5586910000000000000000000000,43.114005327985511019314554261,18.724174606691506393516418055,14.384213485829652757397049130,22491,4.9278917410937647602640683276e12,0.023032850249880258685275725514,4.9986150396974810162549757444e-8,8.0160385583540050690846042900e-18,1.0037346102908661661491423815e-11,1.3978316094847967769481196460e-30,9.3055545763526797345666608271e-21,2.0210215071530186109842148302e-29,4.9996187751103062937163214664e-8,0.76340341527749818189309553295,0.00065343660841838653556037575641,2.1778857163821710077015484162e-16,1.9018940859175219317183242558e-15,0.00085595190608753187263474810401,0.00065343660842050621821793149544,0.00065348660460825732128086865866,4.9374381427790540769402112715e-8,4.9374750945245976860276885709e-8,13235.337551802525134030374646,13235.238499388885552783079872,1.0471363520804003986785406528e-12,1.0470316489155088477937612767e-12,1.0470316489155088477937612794e-16,4.9375428564142621169800791256e-8,0.00065348660565528897019637750645,13235.056882723716117361201328,-0.00065343723022672482757520770566,False,0.99992349317124706167011159298
random,3.0001753328000000000000000000e12,3.0004753503332800000000000000e12,1.0001000000000000000000000000,20000.000000000000000000000000,0.50000100000000000000000000000,1.0000000000000000000000000000,5.5586910000000000000000000000,40.740207056778698340821059733,17.693247116354908810703222239,12.010415214622840078903554602,22491,4.9278917410937647602640683276e12,0.023032850249880258685275725514,1.6379982623821731970011264108e-7,2.4821492289653624693991309326e-17,3.2891421613631390065742838909e-11,4.3395362540581140801651958248e-30,3.0493410885849398824252407013e-20,6.2607894033457314537559754737e-29,1.6383271768468293679078480544e-7,0.77483547785876559364040500777,0.00066322190417530258387142072321,2.2104998301079774750915064391e-16,1.9303751901122785607755886531e-15,0.00085595190608753187263474810401,0.00066322190417745400904454379952,0.00066338573689513869198133458432,1.6179511793292679515030245500e-7,1.6179632880622893451686652766e-7,4100.1591727270133582771018517,4100.1284873998900037006381299,1.0471363520804003986785406528e-12,1.0470316489155088477937612767e-12,1.0470316489155088477937612794e-16,1.6179616506927887555070113354e-7,0.00066338573794217034089684343212,4100.1326431817327794418914091,-0.00066322394177710106202129273098,False,0.99975303551376990193587621470
random,3.0001753328000000000000000000e12,6.0003506656000000000000000000e12,2.0000000000000000000000000000,20000.000000000000000000000000,0.50000100000000000000000000000,1.0000000000000000000000000000,5.5586910000000000000000000000,36.459242182147941982644173124,15.834047694081125064370824501,7.0364031544324717196447690388,22491,9.8547980023872907284248872761e12,0.023032850249880258685275725514,1.4656178849081538656365182479e-6,1.3262295735584586505557594913e-12,2.7969348857143563523640630916e-10,1.6793697958779392105515962148e-25,1.3300556477890986138168465050e-19,1.2095882203734479583560419950e-24,1.4658989046264318666727093198e-6,0.80017824723733550054799851691,4.8088777551544436012785539246,1.1545370280442012307050051560e-12,5.0563737989325820987156618631e-12,6.0097581654632577755302152453,4.8088777551606545121055307080,4.8088792210595591385373973807,1.3758311057105528418273994527e-6,1.4481315356844650591319910200e-6,3.4952540330711569807327532102e6,3.3207475305664298538087100034e6,1.0471363520804003986785406528e-12,5.2356817604020019933927032641e-13,5.2356817604020019933927032641e-13,1.3758321528469049222277981312e-6,4.8088792210600827067134375809,3.4952513728578259847329660437e6,-4.8088778452279298598085153531,False,0.99999969516828407608776742172
random,3.0001753328000000000000000000e12,3.0001753328000000000000000000e13,10.000000000000000000000000000,20000.000000000000000000000000,0.50000100000000000000000000000,1.0000000000000000000000000000,5.5586910000000000000000000000,329.07828020098969975802098272,142.91688120550195537458980662,298.04600326084012912042081930,22491,4.9273990011936453541258974596e13,0.023032850249880258685275725514,4.7192308980384068065933929752e-70,1.1770421929193297092500068402e-74,8.0401768251576829628978168070e-74,7.6019101678036523534567346175e-88,8.0930125605116694270938115803e-84,1.1692581199657165182174672172e-87,4.7201526199402954572807042417e-70,0.14841943103307120808018761507,3.0505820642458019702370043404,3.9166206288221008698562368257e-13,3.5214165964628398758282761696e-13,20.553791663349033139899932972,3.0505820642465457739595328344,3.0505820642465457739595328344,3.9550171252390289128515462140e-70,4.6659630483308877973554206141e-70,7.7131955884064044307993238280e69,6.5379473275893227239170237795e69,1.0471363520804003986785406528e-12,1.0471363520804003986785406528e-13,9.4242271687236035881068658753e-13,1.0471363520804003986785406528e-12,3.0505820642466504875947408745,2.9132615424781118649623964018e12,-3.0505820642456033512426604741,False,1.0000000000000000000000000000
random,3.0001753328000000000000000000e12,3.0001753628017533280000000000e12,1.0000000100000000000000000000,20000.000000000000000000000000,0.50000100000000000000000000000,1.0000000000000000000000000000,5.5586910000000000000000000000,28.793355144599468163064661553,12.504795254780156637321695568,0.063663287443943259482489255775,22491,4.9273990504676354076693531890e12,0.023032850249880258685275725514,0.000064348160608651285189842770653,6.8968692205575928977985168875e-19,1.2921370384646806283201483284e-8,1.2285194658007974463078542883e-31,1.1980466931110655099280458527e-17,1.7445747408769101334127442935e-30,0.000064361081979048602149979140418,0.83502207846666493025352548602,7.1528488226227747989861314080e-8,2.3827251576474820811615684199e-20,2.0809833937069731601110246922e-19,8.5660595175885730182547688552e-8,7.1528488226459673580808486217e-8,0.000064432610467275061823559948904,0.000063561091089250595603280809791,0.000063561091136821951911039197137,1.0137115232462058368999210198,1.0137115224875084765632442407,1.0471363520804003986785406528e-12,1.0471363416090369825881708269e-12,1.0471363416090369825882799511e-20,0.000063561092136386947683681208469,0.000064432611514411403432596931493,1.0137115230203153680254640744,-8.7151937802445574891572302325e-7,False,0.0011101286709901124634218176622
random,3.0001753328000000000000000000e12,3.0001753328000000000000000000e14,100.00000000000000000000000000,20000.000000000000000000000000,0.50000100000000000000000000000,1.0000000000000000000000000000,5.5586910000000000000000000000,33.487949887265923356459773242,14.543631846292214633041837131,0.15308785412230703484161836828,22491,4.9273990011936453537098274264e14,0.023032850249880258685275725514,8.4420884795710262284540071157e-6,3.8321745119059779529728453475e-11,1.2356352229118434992909780465e-9,1.3877244271767281198536417371e-24,1.3418510951199610199706871195e-20,2.1780469479984135531673824001e-25,8.4433624365390705518493081437e-6,0.83466516117992571685222094884,35.719687471214024371020220473,2.4411970757192050996334887297e-12,2.3386458976963815917076777660e-13,42.795229910784232448791820042,35.719687471216699432685709316,35.719695914579135971756261166,6.0781728728196355961599059552e-6,8.3536269498299096570197889489e-6,5.8767160233810425144600705526e6,4.2759505696272963051947868954e6,1.0471363520804003986785406528e-12,1.0471363520804003986785406528e-14,1.0366649885595963946917552463e-12,6.0781739199559876765603046337e-6,35.719695914579146443119781970,5.8767150109514790463489553063e6,-35.719689836405226487132105409,False,0.99999976362165969355638921485
random,3.0001753328000000000000000000e12,3.0001753328000000000000000000e14,100.00000000000000000000000000,20000.000000000000000000000000,0.50000100000000000000000000000,1.0000000000000000000000000000,5.5586910000000000000000000000,33.338426007544818059676682103,14.478694450416573065793497663,0.0035639744012017380585272293089,22491,4.9273990011936453537098274264e14,0.023032850249880258685275725514,9.0974273798566594072854212120e-6,4.1112176978163176550249369488e-11,1.3315545952445044366835388825e-9,1.4891491193756184819193736897e-24,1.4460157485882307248326363804e-20,2.3367445154990360546504967823e-25,9.0988000466288965367789644535e-6,0.83533895478475967039177428683,35.748522623445307351452292197,2.4431677617550684941288139440e-12,2.3405337980462792681614106486e-13,42.795229910784232448791820042,35.748522623447984572593851894,35.748531722248031201490388673,6.5500067248171204739982217213e-6,9.0020987956232314791589671665e-6,5.4577854991814757910191421700e6,3.9711330139621174974298613851e6,1.0471363520804003986785406528e-12,1.0471363520804003986785406528e-14,1.0366649885595963946917552463e-12,6.5500077719534725543986203999e-6,35.748531722248041672853909477,5.4577846266564671871926313379e6,-35.748525172240269719381355078,False,0.99999974547765717140557378327
random,3.0001753328000000000000000000e12,6.0003506656000000000000000000e12,2.0000000000000000000000000000,20000.000000000000000000000000,0.50000100000000000000000000000,1.0000000000000000000000000000,5.5586910000000000000000000000,29.431352517200539878851227479,12.781873993169574991011538032,0.0085134894850696158518233929875,22491,9.8547980023872907284248872761e12,0.023032850249880258685275725514,0.000049216146495793740076239385385,3.5950639113088256510164918452e-11,9.3922405349973123542718030771e-9,4.6088651810626902691147887315e-24,4.4663902019214459476212142513e-18,3.2858258845096532729205879166e-23,0.000049225574686972316904519212825,0.83531153954132748855418372672,5.0200203454576941827115037370,1.2052290919963322497767316615e-12,5.2783831565844330323782101156e-12,6.0097581654632577755302152453,5.0200203454641777949600845023,5.0200695710388647672769890215,0.000046201063694281979317791873398,0.000048628946561942216774579324922,108657.01283973182232082525727,103232.12666440219919898444655,1.0471363520804003986785406528e-12,5.2356817604020019933927032641e-13,5.2356817604020019933927032641e-13,0.000046201064741418331398192272077,5.0200695710393883354530292217,108657.01037705731207790223988,-5.0200233699746469171216310294,False,0.99999019424452382928569179330
random,3.0001753328000000000000000000e12,3.3001928660800000000000000000e12,1.1000000000000000000000000000,20000.000000000000000000000000,0.50000100000000000000000000000,1.0000000000000000000000000000,5.5586910000000000000000000000,28.832481574160750697478992215,12.521787647235197912310223549,0.0074795472009008838528681273503,22491,5.4201389013130099272828012080e12,0.023032850249880258685275725514,0.000063549750606947539519770512535,6.4616424970923915183554258047e-12,1.2671043424365545497303969527e-8,1.0983708082782010158334677618e-24,1.0718188142036882580297172093e-17,1.4181426454497628937936399714e-23,0.000063562428112025120361081169006,0.83531602792424810594145515136,0.68269901467267597237503605852,2.1703934192724390368948692454e-13,1.7233157260771132182468738062e-12,0.81729428366305443074024004808,0.68269901467461632744304041564,0.68276257710272835256340149681,0.000062329715913443663996284193608,0.000062775128414190923020554680849,10954.046029198503668248321640,10876.323065368406147235775771,1.0471363520804003986785406528e-12,9.5194213825490945334412786620e-13,9.5194213825490945334412786620e-14,0.000062329716960580016076684592287,0.68276257710368029470165640626,10954.045845186311463826488121,-0.68270024738671971468557972167,False,0.99990690405384877805453793200
random,3.0001753328000000000000000000e12,3.0001753328000000000000000000e14,100.00000000000000000000000000,20000.000000000000000000000000,0.50000100000000000000000000000,1.0000000000000000000000000000,5.5586910000000000000000000000,33.336606400681616357743349965,14.477904205196651281429251011,0.0017443675380000361251950910682,22491,4.9273990011936453537098274264e14,0.023032850249880258685275725514,9.1057080168103645909225329833e-6,4.1147352021134335151390963409e-11,1.3327665994438093308789528936e-9,1.4904278200962791813823089880e-24,1.4473319373241707121699558395e-20,2.3387450412020299722291451403e-25,9.1070819307618440096322388931e-6,0.83534715775693231066975102479,35.748873671525387231106856360,2.4431917534976395473964392875e-12,2.3405567819302517865360762842e-13,42.795229910784232448791820042,35.748873671528064478538547025,35.748882778609995240382556657,6.5559686550934347757397416995e-6,9.0102926628381536357351865389e-6,5.4528757929365827655155042609e6,3.9675606682624056414116168960e6,1.0471363520804003986785406528e-12,1.0471363520804003986785406528e-14,1.0366649885595963946917552463e-12,6.5559697022297868561401403781e-6,35.748882778610005711746077461,5.4528749219892301946603411920e6,-35.748876222640303481959221321,False,0.99999974524848826294006429181
random,3.0001753328000000000000000000e12,3.0001753628017533280000000000e12,1.0000000100000000000000000000,20000.000000000000000000000000,0.50000100000000000000000000000,1.0000000000000000000000000000,5.5586910000000000000000000000,28.731925507606302050675108581,12.478116702408704728108664299,0.0022336504507771470929362839349,22491,4.9273990504676354076693531890e12,0.023032850249880258685275725514,0.000066355268875704528410776882632,7.0968187157848715034761431948e-19,1.3324405826147752241838311912e-8,1.2643114353526723940927337881e-31,1.2354154290518366251029885179e-17,1.7951953194745151445840126143e-30,0.000066368593281543739999180819719,0.83534333793536695801180009130,7.1556007503522563292444102398e-8,2.3836418675620443510439694798e-20,2.0817840139979571590274542147e-19,8.5660595175885730182547688552e-8,7.1556007503754578112519518558e-8,0.000066440149289047494577293339238,0.000065543649567713263946950226988,0.000065543649616768436755710515358,1.0136779036145684126522264641,1.0136779028558962144304057180,1.0471363520804003986785406528e-12,1.0471363416090369825881708269e-12,1.0471363416090369825882799511e-20,0.000065543650614849616027350625666,0.000066440150336183836186330321826,1.0136779033960477713380400515,-8.9649972133422015897969615942e-7,False,0.0010769994990897833663741139159
random,3.0001753328000000000000000000e12,3.3001928660800000000000000000e12,1.1000000000000000000000000000,20000.000000000000000000000000,0.50000100000000000000000000000,1.0000000000000000000000000000,5.5586910000000000000000000000,32.106405249681402436922749456,13.943634633686229307778027572,3.2814032227215526232966253684,22491,5.4201389013130099272828012080e12,0.023032850249880258685275725514,0.000012364892851982832658121435983,1.4000056997579064222995641625e-12,2.4654084834122556753100191368e-9,2.3640337356018575045020453232e-25,2.0854408817961643486749227835e-18,3.0690986445800181317773753030e-24,0.000012367359660474030115890466484,0.81842141963321842931196736711,0.66889114789173021707424277470,2.1264963247234982307960164688e-13,1.6884609607181938290243592233e-12,0.81729428366305443074024004808,0.66889114789363132766743331836,0.66890351525329180169754920882,0.000012127510358475015299558593335,0.000012214174394038853993948288727,55155.880760460028664664961858,54764.529609119643702668389736,1.0471363520804003986785406528e-12,9.5194213825490945334412786620e-13,9.5194213825490945334412786620e-14,0.000012127511405611367379958992014,0.66890351525424374383580411828,55155.875998165943628519914957,-0.66889138774283813246842415928,False,0.99998151099616244217669826037
random,3.0001753328000000000000000000e12,3.0301770861280000000000000000e12,1.0100000000000000000000000000,20000.000000000000000000000000,0.50000100000000000000000000000,1.0000000000000000000000000000,5.5586910000000000000000000000,28.833534498537235972041204766,12.522244926481766889097800900,0.093892320528542935610817444173,22491,4.9766729912055818488538446896e12,0.023032850249880258685275725514,0.000063115020071583878705114169260,6.7319330059998748677249696027e-13,1.2664374354714089899772559617e-8,1.1937955613933284150387970505e-25,1.1630227345636394630486749034e-17,1.6786065759772223133696249739e-24,0.000063127685119143523624145051119,0.83486420455380418921769210128,0.071121996781934312512644316793,2.3588388740275397725597544034e-14,2.0397260276159035082180062735e-13,0.085189898422071226902157945475,0.071121996782161873504146182541,0.071185124467281017027770327592,0.000062296910311023655560292134914,0.000062343312564002693631690845580,1142.6750397713473917178823155,1141.8245444401301347088945542,1.0471363520804003986785406528e-12,1.0367686654261390085926145077e-12,1.0367686654261390085926145079e-14,0.000062296911358160007640692533593,0.071185124468317785693196466601,1142.6750205809930381793649764,-0.071122827556959625685555774067,False,0.99911318993130146106351904501
random,3.0001753328000000000000000000e12,3.0001753628017533280000000000e12,1.0000000100000000000000000000,20000.000000000000000000000000,0.50000100000000000000000000000,1.0000000000000000000000000000,5.5586910000000000000000000000,28.739304935464575197554859858,12.481321547207155887689047525,0.0096130783090502939726875603657,22491,4.9273990504676354076693531890e12,0.023032850249880258685275725514,0.000066110888040797292314122349509,7.0724977738947843120464469967e-19,1.3275333168081422380248387730e-8,1.2599575596652413928734057063e-31,1.2308654986676420424832452689e-17,1.7890379893135698202351594640e-30,0.000066124163373978389641266665711,0.83530473910275677971797025110,7.1552701104548091753623670915e-8,2.3835317262713074889107591620e-20,2.0816878206975048491053570981e-19,8.5660595175885730182547688552e-8,7.1552701104780095852956134474e-8,0.000066195716075083169737119621845,0.000065302257857972339407702263628,0.000065302257906846846170033299233,1.0136818885964714567643072177,1.0136818878377962760418622830,1.0471363520804003986785406528e-12,1.0471363416090369825881708269e-12,1.0471363416090369825882799511e-20,0.000065302258905108691488102662307,0.000066195717122219511346156604433,1.0136818883770791474314648423,-8.9345821711081985805394212626e-7,False,0.0010809264609150947308240321479
random,3.0001753328000000000000000000e12,3.0031755081328000000000000000e12,1.0010000000000000000000000000,20000.000000000000000000000000,0.50000100000000000000000000000,1.0000000000000000000000000000,5.5586910000000000000000000000,192.61183444536495186626533718,83.650256848884686116362246007,163.88114309787634337951635582,22491,4.9323264001948390410446204074e12,0.023032850249880258685275725514,1.7212249461371448025834511209e-40,1.2326155120772523759580366107e-48,3.4560321862925779212814071066e-44,2.0745345942722926752727135168e-61,3.2012899830642076773546162066e-53,3.0854106908879724829614234428e-60,1.7215705616822493101793380835e-40,0.29937828197688023364465977640,0.0025614244307539677924362082541,8.5333171488572061126571301010e-16,7.4452362073631650057732836666e-15,0.0085558124452062783400959540012,0.0025614244307622663603584571397,0.0025614244307622663603584571397,1.7000455064837562370592733104e-40,1.7001726826718556372607969014e-40,1.5066799217981642374557808031e37,1.5065672192408927796189236749e37,1.0471363520804003986785406528e-12,1.0460902618185818168616789738e-12,1.0460902618185818168616789755e-15,1.0471363520804003986785406530e-12,0.0025614244318083566221770389566,2.4461231115885157893826322835e9,-0.0025614244307612202700966385579,False,1.0000000000000000000000000000
random,3.0001753328000000000000000000e12,3.0001783329753328000000000000e12,1.0000010000000000000000000000,20000.000000000000000000000000,0.50000100000000000000000000000,1.0000000000000000000000000000,5.5586910000000000000000000000,29.074075259302681332995315383,12.626710451555010026653205522,0.34438241214765637907981033598,22491,4.9274039285926465893782117509e12,0.023032850249880258685275725514,0.000055921468916685794231434181639,6.0478378881935677990370096366e-17,1.1229255852433185452394315084e-8,1.0772423440703549088533511480e-29,1.0411558229713514704904298481e-17,1.5305444936996866613064185960e-28,0.000055932698172609117353998388974,0.83355556925307042954858954101,7.1352253965605517638388043235e-6,2.3782541208012487037178751251e-18,2.0770765003705284259315309731e-17,8.5599876718206186274367461895e-6,7.1352253965837007829633108565e-6,0.000063067923569192818136961699831,0.000055237465752787143496052595835,0.000055237469886951406230135046222,1.1417599035308850940139655880,1.1417598180776049300152916408,1.0471363520804003986785406528e-12,1.0471353049450954535830870697e-12,1.0471353049450954535830882462e-18,0.000055237466799923495576452994513,0.000063067924616328123082057153414,1.1417599008435244312308013624,-7.8304578164046275056041589003e-6,False,0.11313556865013213819435441455
random,3.0001753328000000000000000000e12,6.0003506656000000000000000000e12,2.0000000000000000000000000000,20000.000000000000000000000000,0.50000100000000000000000000000,1.0000000000000000000000000000,5.5586910000000000000000000000,29.438564875916078449954467004,12.785006280761240217575786802,0.015725848200608186955062918277,22491,9.8547980023872907284248872761e12,0.023032850249880258685275725514,0.000049038983876315327114283054567,3.5830006511877945071787667018e-11,9.3584314285469797481235664124e-9,4.5933284962586638758323861975e-24,4.4503126045448868601352229646e-18,3.2747914753923624689651020875e-23,0.000049048378137754836321922038058,0.83527470467353278100399207616,5.0197989768101914653379316990,1.2051759448145150352397592422e-12,5.2781503948703432688005033726e-12,6.0097581654632577755302152453,5.0197989768166747916776165573,5.0198480251948125465139384793,0.000046034754422842624785405564651,0.000048453897677200178949237705855,109044.74430527089697100991134,103600.49997705108059367133798,1.0471363520804003986785406528e-12,5.2356817604020019933927032641e-13,5.2356817604020019933927032641e-13,0.000046034755469978976865805963330,5.0198480251953361146899786795,109044.74182487991777597069559,-5.0198019904398661357131128736,False,0.99999022911094288529889448190
random,3.0001753328000000000000000000e12,3.0004753503332800000000000000e12,1.0001000000000000000000000000,20000.000000000000000000000000,0.50000100000000000000000000000,1.0000000000000000000000000000,5.5586910000000000000000000000,28.757763919659500398915699573,12.489338182184551242058523393,0.027972077503642136998194441854,22491,4.9278917410937647602640683276e12,0.023032850249880258685275725514,0.000065504012491630052504331354127,7.0066695462469709604738646092e-15,1.3153372269842461164489523129e-8,1.2488587343175988446879236480e-27,1.2194401016483187962165177302e-17,1.7731625341292853977962618594e-26,0.000065517165870918758912778278283,0.83520871877552258488519668533,0.00071489849481451486703651644772,2.3827364436899449483050165065e-16,2.0807851929356421022379830520e-15,0.00085595190608753187263474810401,0.00071489849481683392587382108432,0.00078041566068775268478659936260,0.000064702323986290315781982887057,0.000064702808217938973125689315447,12.061632606165952539368962105,12.061542337684518010402412671,1.0471363520804003986785406528e-12,1.0470316489155088477937612767e-12,1.0470316489155088477937612794e-16,0.000064702325033426667862383285736,0.00078041566173478433370210821040,12.061632427143911021463552225,-0.00071571333670135766583972492466,False,0.91604837118058240809773630066
random,3.0001753328000000000000000000e12,3.0001753328000000000000000000e13,10.000000000000000000000000000,20000.000000000000000000000000,0.50000100000000000000000000000,1.0000000000000000000000000000,5.5586910000000000000000000000,31.051169117514829670303091283,13.485351404381356217567243919,0.018892177365259032702927864538,22491,4.9273990011936453541258974596e13,0.023032850249880258685275725514,0.000024526531037017324084805205852,5.7712641392038729622991804508e-11,4.1785971211390482932681956850e-9,3.9434744212866099802004254767e-24,4.2060566231431105706362305784e-19,5.7876145968218943033334886917e-24,0.000024530767346780275787221500369,0.83526353803962654299470775390,17.167832744854108136584372457,2.2041658432580775817922893032e-12,1.9817559364027078482766914466e-12,20.553791663349033139899932972,17.167832744858294058364033242,17.167857275625640838639820464,0.000020554800638051050384143785449,0.000024249690255679481903483240674,835223.73084195721044065778428,707961.92011585731182634636754,1.0471363520804003986785406528e-12,1.0471363520804003986785406528e-13,9.4242271687236035881068658753e-13,0.000020554801685187402464544184128,17.167857275625745552275028504,835223.68829262789234462548935,-17.167836720824060364872563960,False,0.99999857112236239240801914722
random,3.0001753328000000000000000000e12,3.0004753503332800000000000000e12,1.0001000000000000000000000000,20000.000000000000000000000000,0.50000100000000000000000000000,1.0000000000000000000000000000,5.5586910000000000000000000000,30.371023015240720108540245308,13.189967705275705675755430169,1.6412311730848618466227401773,22491,4.9278917410937647602640683276e12,0.023032850249880258685275725514,0.000029238368965394837761641517571,3.3029464375835817027375749511e-15,5.8711388346475415349841593287e-9,5.8667903789025810168522272243e-28,5.4430924560152663079999421408e-18,8.3537120634201645890400183747e-27,0.000029244240107537874833225039090,0.82681407259256714505485469266,0.00070771308141330704325877873484,2.3587876642503153486535905753e-16,2.0598713122675428025354119572e-15,0.00085595190608753187263474810401,0.00070771308141560279333747130917,0.00073695732152314066817069634826,0.000028880527309245388172844185145,0.000028880743450868925722534385934,25.517446881491736702860439478,25.517255910563066483024193259,1.0471363520804003986785406528e-12,1.0470316489155088477937612767e-12,1.0470316489155088477937612794e-16,0.000028880528356381740253244583823,0.00073695732257017231708620519606,25.517445992546275727520682141,-0.00070807679421379057683296061223,False,0.96031759336199281191482093625
random,3.0001753328000000000000000000e12,6.0003506656000000000000000000e12,2.0000000000000000000000000000,20000.000000000000000000000000,0.50000100000000000000000000000,1.0000000000000000000000000000,5.5586910000000000000000000000,50.638564173725348568198160322,21.992048992152619732516113178,21.215725146009878305198756236,22491,9.8547980023872907284248872761e12,0.023032850249880258685275725514,1.2218562284732841560527947008e-9,1.5356593331174873949807661508e-15,2.3317485041187673494298767002e-13,1.9162496390678769139112054595e-28,1.1088407109394830900893678990e-22,1.3971192997965918721647923056e-27,1.2220909389831400359349708812e-9,0.73372819424611921849270413424,4.4095290065955311524549123387,1.0586595820392195320796764361e-12,4.6364719732549714792464357828e-12,6.0097581654632577755302152453,4.4095290066012262840102065297,4.4095290078233172229933465657,1.1470027918941997568396981352e-9,1.2072782099240890634679056975e-9,3.8443925672938160480229148853e9,3.6524547296356640795836670628e9,1.0471363520804003986785406528e-12,5.2356817604020019933927032641e-13,5.2356817604020019933927032641e-13,1.1480499282462801572383766759e-9,4.4095290078238407911693867659,3.8408860967916952470004712234e9,-4.4095290066757908629231066086,False,0.99999999972285227360678987376
random,3.0001753328000000000000000000e12,3.0001753328000000000000000000e13,10.000000000000000000000000000,20000.000000000000000000000000,0.50000100000000000000000000000,1.0000000000000000000000000000,5.5586910000000000000000000000,168.12255009482235951255197000,73.014695789684378054215944555,137.09027315467278887495180658,22491,4.9273990011936453541258974596e13,0.023032850249880258685275725514,4.2166148558581050729597556524e-35,5.3725013869409713267219258107e-40,7.1838674091529968648125892291e-39,3.4898895274565014270630633766e-53,7.2310759377092941524120042704e-49,5.3420339330653953063179403934e-53,4.2173869676129621019508046841e-35,0.37733192504308494213217233856,7.7556017752641105476880780276,9.9573619926328863673206455254e-13,8.9526209201402854204576289996e-13,20.553791663349033139899932972,7.7556017752660015459793553448,7.7556017752660015459793553448,3.5337927568638289805417882933e-35,4.1690202347706514464852994047e-35,2.1946962679693034342222655636e35,1.8602936274049188438485208897e35,1.0471363520804003986785406528e-12,1.0471363520804003986785406528e-13,9.4242271687236035881068658753e-13,1.0471363520804003986785759907e-12,7.7556017752661062596145633848,7.4064869965192668168268552924e12,-7.7556017752650591232624829844,False,1.0000000000000000000000000000
random,3.0001753328000000000000000000e12,3.0031755081328000000000000000e12,1.0010000000000000000000000000,20000.000000000000000000000000,0.50000100000000000000000000000,1.0000000000000000000000000000,5.5586910000000000000000000000,675.25229130650263925738243938,293.25834400694124188962615225,646.52159995901403077063345802,22491,4.9323264001948390410446204074e12,0.023032850249880258685275725514,2.7026764211974005381388011336e-145,6.7869079744610252937339123420e-153,5.4266798315668912193233970872e-149,1.1338697100882079591936443917e-165,5.0266822904585513912567109069e-158,1.6968049408883552629058373581e-164,2.7032191570501396402810514569e-145,0.014579753143344116635201073914,0.00012474163339145480819052666596,4.1557342337147577897924263015e-17,3.6258376953885180757127346489e-16,0.0085558124452062783400959540012,0.00012474163339185894930240266535,0.00012474163339185894930240266535,2.6694203541773112157568247624e-145,2.6696200468936440799905452611e-145,4.6729857737337542386496645916e140,4.6726362254062206833820839466e140,1.0471363520804003986785406528e-12,1.0460902618185818168616789738e-12,1.0460902618185818168616789755e-15,1.0471363520804003986785406528e-12,0.00012474163443794921112098448221,1.1912644823199815451538568713e8,-0.00012474163339081285904058408353,False,1.0000000000000000000000000000
random,3.0001753328000000000000000000e12,3.0001753328000000000000000000e13,10.000000000000000000000000000,20000.000000000000000000000000,0.50000100000000000000000000000,1.0000000000000000000000000000,5.5586910000000000000000000000,439.10097577309028932416893009,190.69913077658657985861767117,408.06869883294071868656876667,22491,4.9273990011936453541258974596e13,0.023032850249880258685275725514,6.0638219542129648136161717538e-94,2.0181633794572598028538611643e-98,1.0330963201739206979482202259e-97,1.3014550379710332614881149080e-111,1.0398852758094599746382541015e-107,2.0043190721217651323863215882e-111,6.0650568668711884818797274071e-94,0.078431468957828916242022538389,1.6120640728092493999415725237,2.0697176045675913737658852751e-13,1.8608741089400715076790190007e-13,20.553791663349033139899932972,1.6120640728096424591129232900,1.6120640728096424591129232900,5.0818703707168116807524854107e-94,5.9953771666005529576336832515e-94,3.1721865282098024539305147463e93,2.6888451351988937892563265508e93,1.0471363520804003986785406528e-12,1.0471363520804003986785406528e-13,9.4242271687236035881068658753e-13,1.0471363520804003986785406528e-12,1.6120640728097471727481313301,1.5394977641708029812951014926e12,-1.6120640728087000363960509297,False,1.0000000000000000000000000000
random,3.0001753328000000000000000000e12,3.0001753328000000000000000000e14,100.00000000000000000000000000,20000.000000000000000000000000,0.50000100000000000000000000000,1.0000000000000000000000000000,5.5586910000000000000000000000,37.696527753624968865658812143,16.371393990312109311715710906,4.3616657204813525440406572692,22491,4.9273990011936453537098274264e14,0.023032850249880258685275725514,1.0293636492000109246147699736e-6,5.2599050896568652607133109935e-12,1.5066390090728296121533829363e-10,1.8927562416273959552091387998e-25,1.6361505133453666575853524493e-21,2.9862877177442532344633024027e-26,1.0295195730060095008108978719e-6,0.81592152503211864423626079632,34.917549252904594660872323348,2.3863763980624462088525482591e-12,2.2861281578604267912551246561e-13,42.795229910784232448791820042,34.917549252907209650086171837,34.917550282426782656095672648,7.4112587471389041329271400024e-7,1.0185773273925003143008242600e-6,4.7114196756261689039092663121e7,3.4280706376818453007584135429e7,1.0471363520804003986785406528e-12,1.0471363520804003986785406528e-14,1.0366649885595963946917552463e-12,7.4112692185024249369311267879e-7,34.917550282426793127459193452,4.7114130188732352886165683138e7,-34.917549541299871277216699758,False,0.99999997051569870512526946374
random,3.0001753328000000000000000000e12,3.0001783329753328000000000000e12,1.0000010000000000000000000000,20000.000000000000000000000000,0.50000100000000000000000000000,1.0000000000000000000000000000,5.5586910000000000000000000000,215.90976196348396790770777879,93.768418209785697895535696880,187.18006911632894295379227375,22491,4.9274039285926465893782117509e12,0.023032850249880258685275725514,1.5021893947592964277781204557e-45,1.2065718876133512688710397838e-56,3.0164567167746011276839063184e-49,2.0294511676725184076566500550e-69,2.7968028484544741163041239703e-58,3.0241765305807324502102386613e-68,1.5024910404433192870519000776e-45,0.25872868434575594406510009225,2.2147143483388538980721824791e-6,7.3819020880174275244265333540e-19,6.4470719175675923335586858158e-18,8.5599876718206186274367461895e-6,2.2147143483460391601985518142e-6,2.2147143483460391601985518142e-6,1.4838153727835651566232099530e-45,1.4838154838374740037672731558e-45,1.4925808082115655865030754844e39,1.4925806965016293931969889337e39,1.0471363520804003986785406528e-12,1.0471353049450954535830870697e-12,1.0471353049450954535830882462e-18,1.0471363520804003986785406528e-12,2.2147153954813441052940053972e-6,2.1150210200240432222818854148e6,-2.2147143483449920248936067187e-6,False,1.0000000000000000000000000000
random,3.0001753328000000000000000000e12,3.0031755081328000000000000000e12,1.0010000000000000000000000000,20000.000000000000000000000000,0.50000100000000000000000000000,1.0000000000000000000000000000,5.5586910000000000000000000000,55.914863223587619327409915642,24.283516554379174493391469482,27.184171876099010840660934279,22491,4.9323264001948390410446204074e12,0.023032850249880258685275725514,8.3024788712125667674790732431e-11,1.7258871352725450107087138259e-19,1.6670473123992494621990653478e-14,2.9777067315332269860182760830e-32,1.5441701855799893100369691502e-23,4.3380044173895611587439416417e-31,8.3041459357853815398986601558e-11,0.70460822551916721408549319057,0.0060284958248720715776099255526,2.0083772992300381387365724043e-15,1.7522896577535772751300054984e-14,0.0085558124452062783400959540012,0.0060284958248916028514866913635,0.0060284959079330622093405067624,8.2003179940878116045844044668e-11,8.2009314395395442652129204589e-11,7.3515391869918101667741482099e7,7.3509892777149502987050027301e7,1.0471363520804003986785406528e-12,1.0460902618185818168616789738e-12,1.0460902618185818168616789755e-15,8.3050316292958516444522585321e-11,0.0060284959089791524711590885793,7.2588476216198143880550292837e7,-0.0060284958259288361782005721348,False,0.99999998622517778463160374019
random,3.0001753328000000000000000000e12,3.0001783329753328000000000000e12,1.0000010000000000000000000000,20000.000000000000000000000000,0.50000100000000000000000000000,1.0000000000000000000000000000,5.5586910000000000000000000000,63.110611058681169520463325032,27.408590132327573844295953155,34.380918211526144566547819985,22491,4.9274039285926465893782117509e12,0.023032850249880258685275725514,2.2732056684491064828199172534e-12,5.3365940409341387074584813627e-24,4.5646884015594724877381725503e-16,9.1756014094059414858981063091e-37,4.2322946166585381362495114492e-25,1.3424625835167825922780070976e-35,2.2736621372950222535713054053e-12,0.67355638979857823402166178422,5.7656343929331271614250049458e-6,1.9217534123920439884324276114e-18,1.6783861814739893607405634617e-17,8.5599876718206186274367461895e-6,5.7656343929518327766521368834e-6,5.7656366666139700716743904547e-6,2.2454009648257438189491088526e-12,2.2454011328793700630681925536e-12,2.5677537138946660369574204433e6,2.5677535217150520681844261134e6,1.0471363520804003986785406528e-12,1.0471353049450954535830870697e-12,1.0471353049450954535830882462e-18,3.2925373169061442176276495054e-12,5.7656377137492750167698440378e-6,1.7511229665172016736241921598e6,-5.7656344212119581106256264102e-6,False,0.99999960565289338110627794181
random,3.0001753328000000000000000000e12,3.3001928660800000000000000000e12,1.1000000000000000000000000000,20000.000000000000000000000000,0.50000100000000000000000000000,1.0000000000000000000000000000,5.5586910000000000000000000000,48.271378982277571724923373421,20.963993525863757499198379318,19.446376955317721911297249334,22491,5.4201389013130099272828012080e12,0.023032850249880258685275725514,3.8195386695494371292483536138e-9,6.5020737386459389723415769327e-16,7.6156931979546252689105370988e-13,1.0763724974417510453527055992e-28,6.4419661265422065304288607266e-22,1.4205842586513998636513479578e-27,3.8203008890772506545100176307e-9,0.73988211614469003045861691558,0.60470142410786060634086901792,1.9224284249738223141388603484e-13,1.5264288527586919339300172317e-12,0.81729428366305443074024004808,0.60470142410957927803612509209,0.60470142792988016711337574660,3.7462107706116165999081718938e-9,3.7729814542768784274182637781e-9,1.6141681954300584128011878013e8,1.6027150815820162893771262251e8,1.0471363520804003986785406528e-12,9.5194213825490945334412786620e-13,9.5194213825490945334412786620e-14,3.7472579069636970003068504345e-9,0.60470142793083210925163065605,1.6137171311509901538872945137e8,-0.60470142418357420228793365575,False,0.99999999368233526063337781589
random,3.0001753328000000000000000000e12,3.0004753503332800000000000000e12,1.0001000000000000000000000000,20000.000000000000000000000000,0.50000100000000000000000000000,1.0000000000000000000000000000,5.5586910000000000000000000000,28.734699588512828568550798541,12.479321470438762365351096470,0.0049077463569703066332934101965,22491,4.9278917410937647602640683276e12,0.023032850249880258685275725514,0.000066263788118316077056828664385,7.0822545691790489701558013038e-15,1.3305937147614354805272425934e-8,1.2623967847844648856483282718e-27,1.2335842865950700655474899141e-17,1.7923068134959469013726749616e-26,0.000066277094062558281823698121947,0.83532935069359693910606321571,0.00071500174993472527057004675105,2.3830805900823453809216884981e-16,2.0810857275245201248904618408e-15,0.00085595190608753187263474810401,0.00071500174993704466435657950571,0.00078127884399960294618027762766,0.000065452800894266103910468811819,0.000065453290742477630083783356844,11.936522705295652627186082874,11.936433373128656842868133185,1.0471363520804003986785406528e-12,1.0470316489155088477937612767e-12,1.0470316489155088477937612794e-16,0.000065452801941402455990869210498,0.00078127884504663459509578647545,11.936522530327815444519118525,-0.00071582604310523213910491726496,False,0.91516845160779502111538014434
random,3.0001753328000000000000000000e12,3.0031755081328000000000000000e12,1.0010000000000000000000000000,20000.000000000000000000000000,0.50000100000000000000000000000,1.0000000000000000000000000000,5.5586910000000000000000000000,35.755459710817654025504425369,15.528398850322147472946356668,7.0247683633290455387554440057,22491,4.9323264001948390410446204074e12,0.023032850249880258685275725514,1.9804625347010049151611999217e-6,2.6325823499486290334929354281e-15,3.9765530234930088594882929071e-10,4.6304811088676855750867626301e-28,3.6834435199192800334963770037e-19,6.6386250096153388750990709843e-27,1.9808601926363049103548713856e-6,0.79940757217734414076696360147,0.0068395812548048981646192172182,2.2785882461287020778561593336e-15,1.9880460805352196143468869694e-14,0.0085558124452062783400959540012,0.0068395812548270572136706981164,0.0068415621150196935185810529878,1.9560932116595093467694056667e-6,1.9562395421414153889532061570e-6,3497.5644689321592151835965977,3497.3028443799451000750238529,1.0471363520804003986785406528e-12,1.0460902618185818168616789738e-12,1.0460902618185818168616789755e-15,1.9560942587958614271698043452e-6,0.0068415621160657837803996348046,3497.5625971507803588754705538,-0.0068396060218069879189724650003,False,0.99971046668007477368631051448
random,3.0001753328000000000000000000e12,3.0031755081328000000000000000e12,1.0010000000000000000000000000,20000.000000000000000000000000,0.50000100000000000000000000000,1.0000000000000000000000000000,5.5586910000000000000000000000,278.12319548364335848720384182,120.78736908784572099607020539,249.39250413615475000045486045,22491,4.9323264001948390410446204074e12,0.023032850249880258685275725514,4.6481647444550109128580623115e-59,4.8066701648752286845159140562e-67,9.3330084484767626191195392474e-63,8.0642309699592671947477319632e-80,8.6450776056033303796610133227e-72,1.2025516786731118263182184651e-78,4.6490980933674247457611408424e-59,0.17526074529598123976530553124,0.0014994980657546258833785683274,4.9955377974651724992155789160e-16,4.3585581358498873115240289110e-15,0.0085558124452062783400959540012,0.0014994980657594839952941647320,0.0014994980657594839952941647320,4.5909697073245479056732261426e-59,4.5913131463824028747679631656e-59,3.2661902851747143397907758260e55,3.2659459678566504873280160163e55,1.0471363520804003986785406528e-12,1.0460902618185818168616789738e-12,1.0460902618185818168616789755e-15,1.0471363520804003986785406528e-12,0.0014994980668055742571127465489,1.4319988641655341725034680291e9,-0.0014994980657584379050323461502,False,1.0000000000000000000000000000
random,3.0001753328000000000000000000e12,6.0003506656000000000000000000e12,2.0000000000000000000000000000,20000.000000000000000000000000,0.50000100000000000000000000000,1.0000000000000000000000000000,5.5586910000000000000000000000,29.424363118879775440871144088,12.778838536047043141088308817,0.0015240911643051778717400026999,22491,9.8547980023872907284248872761e12,0.023032850249880258685275725514,0.000049388443008515387929031319196,3.6067927946412171587461373418e-11,9.4251210103299604495197240261e-9,4.6239714763007011752535421307e-24,4.4820261976471773556238389460e-18,3.2965544678088373596625441036e-23,0.000049397904197458146365439589714,0.83534723725843263560772074160,5.0202348801045549605426055316,1.2052805984404987016273220166e-12,5.2786087325758766436084187529e-12,6.0097581654632577755302152453,5.0202348801110388498736219070,5.0202842780152363080199873466,0.000046362804966716541898282672019,0.000048799187397653848280926709334,108282.58302359521006616287651,102876.39089368524872951599228,1.0471363520804003986785406528e-12,5.2356817604020019933927032641e-13,5.2356817604020019933927032641e-13,0.000046362806013852893978683070698,5.0202842780157598761960275468,108282.58057796874433594937957,-5.0202379152097460233020488637,False,0.99999016033725146187304555066
random,3.0001753328000000000000000000e12,3.0004753503332800000000000000e12,1.0001000000000000000000000000,20000.000000000000000000000000,0.50000100000000000000000000000,1.0000000000000000000000000000,5.5586910000000000000000000000,36.477201677568434910868819514,15.841847403840011864460569874,7.7474098354125766489513143833,22491,4.9278917410937647602640683276e12,0.023032850249880258685275725514,1.3804265163347332990714937364e-6,1.8729453312489747419667880754e-16,2.7719315458473027706500268672e-10,3.2923735737326761141058140693e-29,2.5698386821911954321669791801e-19,4.7285662244143000938739675996e-28,1.3807037096768695463421811132e-6,0.79579733474504125432027098244,0.00068116424553218608830757969205,2.2703011458839519058582574238e-16,1.9825982098735477281560928179e-15,0.00085595190608753187263474810401,0.00068116424553439571663204163497,0.00068254494924407258617838381608,1.3635317944922638788511032080e-6,1.3635419991527484635775765133e-6,500.57134861180904188656337256,500.56760236808199261044400072,1.0471363520804003986785406528e-12,1.0470316489155088477937612767e-12,1.0470316489155088477937612794e-16,1.3635328416286159592515018866e-6,0.00068254495029110423509389266388,500.57096496177266461673584283,-0.00068118141744947561913464116199,False,0.99797712412756695823026360982
random,3.0001753328000000000000000000e12,3.0301770861280000000000000000e12,1.0100000000000000000000000000,20000.000000000000000000000000,0.50000100000000000000000000000,1.0000000000000000000000000000,5.5586910000000000000000000000,28.792450185278586399254944241,12.504402235940750773085053427,0.052808007269893362824556919217,22491,4.9766729912055818488538446896e12,0.023032850249880258685275725514,0.000064424946998330291867735562973,6.8618601587578633766688501608e-13,1.2927218364885065419760911463e-8,1.2169485909448719374822124713e-25,1.1871608049420574841245722768e-17,1.7110312187113853870316737606e-24,0.000064437874902893064418823808203,0.83507893509978316141526713833,0.071140289655334318519661744464,2.3594455771973888931713850378e-14,2.0402506536343247543586767412e-13,0.085189898422071226902157945475,0.071140289655561938040797150829,0.071204727530464831105215974637,0.000063589857697825750623863900507,0.000063637223010953862582188513899,1119.7497542583657379349785376,1118.9163222632825362316048774,1.0471363520804003986785406528e-12,1.0367686654261390085926145077e-12,1.0367686654261390085926145079e-14,0.000063589858744962102704264299186,0.071204727531501599770642113645,1119.7497358357127021721779815,-0.071141137672756637667937849346,False,0.99909503375495224778990239736
random,3.0001753328000000000000000000e12,3.3001928660800000000000000000e12,1.1000000000000000000000000000,20000.000000000000000000000000,0.50000100000000000000000000000,1.0000000000000000000000000000,5.5586910000000000000000000000,29.070366087385927974850981857,12.625099578659133535460025358,0.24536406042607816122485777002,22491,5.4201389013130099272828012080e12,0.023032850249880258685275725514,0.000056423222299244588761809207095,5.7843623396779728559638496413e-12,1.1250100796118593132139546284e-8,9.8272263196594408459807607587e-25,9.5162405266333162244249667661e-18,1.2693830720761435931962170557e-23,0.000056434478184412563287117389274,0.83407679553215547994808212502,0.68168619712249145482803371936,2.1671735339370280051474399807e-13,1.7207591024781810896502224506e-12,0.81729428366305443074024004808,0.68168619712442893128390560325,0.68174263160261334384719272064,0.000055340003434230912362243628317,0.000055735466961695606203980134527,12319.164967397112365775537386,12231.755985307225324320394752,1.0471363520804003986785406528e-12,9.5194213825490945334412786620e-13,9.5194213825490945334412786620e-14,0.000055340004481367264442644026995,0.68174263160356528598544763009,12319.164734312680165528379273,-0.68168729159908391872100498607,False,0.99991722025942290179735708929
random,3.0001753328000000000000000000e12,3.0001753328000000000000000000e13,10.000000000000000000000000000,20000.000000000000000000000000,0.50000100000000000000000000000,1.0000000000000000000000000000,5.5586910000000000000000000000,32.369195558576632673549174995,14.057763014737078833567829675,1.3369186184270620359490115764,22491,4.9273990011936453541258974596e13,0.023032850249880258685275725514,0.000012689085450074632874884612638,3.1125718287383434310248073921e-11,2.1618457111420894593857998857e-9,2.1215635781851608563154774560e-24,2.1760522031576197252507514945e-19,3.1200680367428224428134672728e-24,0.000012691278421504279958240256063,0.82890578942116714806525427489,17.037156904302380454062583008,2.1873884649737107614210161544e-12,1.9666714684557899079597686347e-12,20.553791663349033139899932972,17.037156904306534513996012508,17.037169595584956018275970749,0.000010634264638233036018583205068,0.000012545858659251281882146554095,1.6021013370620623726968226964e6,1.3579915140381239452547400428e6,1.0471363520804003986785406528e-12,1.0471363520804003986785406528e-13,9.4242271687236035881068658753e-13,0.000010634265685369388098983603747,17.037169595585060731911178789,1.6021011793061350077513975424e6,-17.037158961319375362523079805,False,0.99999925508293203859861933717
random,3.0001753328000000000000000000e12,3.0301770861280000000000000000e12,1.0100000000000000000000000000,20000.000000000000000000000000,0.50000100000000000000000000000,1.0000000000000000000000000000,5.5586910000000000000000000000,139.09995290338550025188500646,60.410341978942535660986677695,110.36031072537680721545461914,22491,4.9766729912055818488538446896e12,0.023032850249880258685275725514,7.1793346645338970273111945652e-29,3.6944033019864919211110275477e-36,1.4405728098685729634541822269e-32,6.2145395652772223669634649762e-49,1.3229385690480070648219042095e-41,9.1302597947681686993429039372e-48,7.1807756067854187384680602407e-29,0.41865456760982768418673493132,0.035665140088503257506580376107,1.1828734104069602767117194714e-14,1.0228497203212093463875167766e-13,0.085189898422071226902157945475,0.035665140088617371212716566644,0.035665140088617371212716566716,7.0862746646048477977434259684e-29,7.0915529217130138285818723012e-29,5.0329886684693116914336536508e26,5.0292426048767621807819148160e26,1.0471363520804003986785406528e-12,1.0367686654261390085926145077e-12,1.0367686654261390085926145079e-14,1.0471363520804004695412872989e-12,0.035665140089654139878142705725,3.4059690525303933644237895016e10,-0.035665140088607003526062305255,False,0.99999999999999999999999999799
random,3.0001753328000000000000000000e12,3.0001753328000000000000000000e13,10.000000000000000000000000000,20000.000000000000000000000000,0.50000100000000000000000000000,1.0000000000000000000000000000,5.5586910000000000000000000000,840.57055548573627946859743604,365.05515389780643090690144322,809.53827854558670883099727262,22491,4.9273990011936453541258974596e13,0.023032850249880258685275725514,4.0247126658479819687696190918e-181,2.5647303959212914405709975281e-185,6.8569227069012527286713922635e-185,1.6503385950523936629260423230e-198,6.9019827300031040846172073545e-195,2.5462331931154023463465105282e-198,4.0256548311583332849795612435e-181,0.0076511019536773183762488275161,0.15725915555088802328828727122,2.0190391201753399049940260259e-14,1.8153093037329539462877055955e-14,20.553791663349033139899932972,0.15725915555092636677252635416,0.15725915555092636677252635416,3.3729664560832533258913576848e-181,3.9792841216567132598477077983e-181,4.6623397415442548911413257185e179,3.9519458963752996628265239501e179,1.0471363520804003986785406528e-12,1.0471363520804003986785406528e-13,9.4242271687236035881068658753e-13,1.0471363520804003986785406528e-12,0.15725915555103108040773439420,1.5018020837362404144753510757e11,-0.15725915554998394405565399380,False,1.0000000000000000000000000000
random,3.0001753328000000000000000000e12,3.0001783329753328000000000000e12,1.0000010000000000000000000000,20000.000000000000000000000000,0.50000100000000000000000000000,1.0000000000000000000000000000,5.5586910000000000000000000000,86.272286335460911622106714327,37.467577896667988816856287469,57.542593488305886668191209280,22491,4.9274039285926465893782117509e12,0.023032850249880258685275725514,2.1239527356579583791812276673e-17,6.8162300050654197346521662172e-29,4.2649825101540102016068153794e-21,1.1623001517396498339602286845e-41,3.9544128601857770356954591195e-30,1.7123084617751832297183471995e-40,2.1243792339161854514924906316e-17,0.58262213947402207625117810389,4.9872383312112017356397096053e-6,1.6623048962599548725334991521e-18,1.4517937365369406041282714304e-17,8.5599876718206186274367461895e-6,4.9872383312273819779013389662e-6,4.9872383312486257702405008208e-6,2.0979736185262952675471230234e-17,2.0979737755459456021152022968e-17,2.3771692299695700245687634508e11,2.3771690520539613421942208142e11,1.0471363520804003986785406528e-12,1.0471353049450954535830870697e-12,1.0471353049450954535830882462e-18,1.0471573318165856616312161240e-12,4.9872393783839307153359544038e-6,4.7626457141184093126092981869e6,-4.9872383312265988987502927726e-6,False,0.99999999999574036953356444665
random,3.0001753328000000000000000000e12,3.0001753328000000000000000000e14,100.00000000000000000000000000,20000.000000000000000000000000,0.50000100000000000000000000000,1.0000000000000000000000000000,5.5586910000000000000000000000,33.356516551755027705240176598,14.486551073941693935835764868,0.021654518611411383622021724196,22491,4.9273990011936453537098274264e14,0.023032850249880258685275725514,9.0155097160494385229883177708e-6,4.0764091257896942258219393462e-11,1.3195646296069971391325146034e-9,1.4764955742680813497106116041e-24,1.4329951190182627910708951105e-20,2.3169477478140655261864462310e-25,9.0168700447703177487290890365e-6,0.83525740515913101770393614786,35.745032688467391038892739563,2.4429292484962555409722654561e-12,2.3403053043864198836308003616e-13,42.795229910784232448791820042,35.745032688470067998671674461,35.745041705340112768989423190,6.4910272764066118120130157358e-6,8.9210395167844625582371300281e-6,5.5068389306058073962331595087e6,4.0068247246397365689116124024e6,1.0471363520804003986785406528e-12,1.0471363520804003986785406528e-14,1.0366649885595963946917552463e-12,6.4910283235429638924134144143e-6,35.745041705340123240352943994,5.5068380422394451816734659807e6,-35.745035214311799697389051581,False,0.99999974774487272669073645160
random,3.0001753328000000000000000000e12,3.3001928660800000000000000000e12,1.1000000000000000000000000000,20000.000000000000000000000000,0.50000100000000000000000000000,1.0000000000000000000000000000,5.5586910000000000000000000000,29.369631329013851458682850583,12.755068821723584036431377272,0.54462930205400164505672649569,22491,5.4201389013130099272828012080e12,0.023032850249880258685275725514,0.000048581762138717605589977836778,5.0317485179181005302459259658e-12,9.6866094959087161896651859678e-9,8.5429811077042302124627614263e-25,8.1937137738748776428165719657e-18,1.1040964358597941504506176825e-23,0.000048591453779970225949937169557,0.83252041808700675529171201779,0.68041417873335290842890500807,2.1631296137296676621734403218e-13,1.7175481863251634321666729055e-12,0.81729428366305443074024004808,0.68041417873528676957660313827,0.68046277018906673980255307544,0.000047649084437944556403631094443,0.000047989588121409036481000085975,14280.710284691042729064047667,14179.383420994601178174977052,1.0471363520804003986785406528e-12,9.5194213825490945334412786620e-13,9.5194213825490945334412786620e-14,0.000047649085485080908484031493121,0.68046277019001868194080798489,14280.709970878116871924909477,-0.68041512110453360103232395340,False,0.99992859057701794753715102003
random,3.0001753328000000000000000000e12,3.0001753628017533280000000000e12,1.0000000100000000000000000000,20000.000000000000000000000000,0.50000100000000000000000000000,1.0000000000000000000000000000,5.5586910000000000000000000000,412.76814551719817116730974743,179.26292790355763815583233531,384.03845366004264626372757513,22491,4.9273990504676354076693531890e12,0.023032850249880258685275725514,2.6882509795644808626236457461e-88,4.1312640028312939745741275281e-101,5.3981164753250437665878232142e-92,6.9142887163504766057935879883e-114,5.0050384748477312205681131324e-101,1.0341152370701412042749784828e-112,2.6887907912129269972480735342e-88,0.075422054564473233493438507836,6.4606980833599578677075095955e-9,2.1521589846130723325370765126e-21,1.8796154870076974412116003802e-20,8.5660595175885730182547688552e-8,6.4606980833809061815621996422e-9,6.4606980833809061815621996422e-9,2.6553698468871656869750994825e-88,2.6553698488745378819830964428e-88,2.4330690095598723772802045197e79,2.4330690077388779496360113946e79,1.0471363520804003986785406528e-12,1.0471363416090369825881708269e-12,1.0471363416090369825882799511e-20,1.0471363520804003986785406528e-12,6.4617452197225152185447878131e-9,6170.8727873735154084741389534,-6.4606980833704348181461092724e-9,False,1.0000000000000000000000000000
random,3.0001753328000000000000000000e12,3.0001753328000000000000000000e14,100.00000000000000000000000000,20000.000000000000000000000000,0.50000100000000000000000000000,1.0000000000000000000000000000,5.5586910000000000000000000000,33.425541599001139492464608773,14.516528271073791533815138065,0.090679565857523170846453899974,22491,4.9273990011936453537098274264e14,0.023032850249880258685275725514,8.7096697357019039391946264161e-6,3.9462713445282728203259200225e-11,1.2748000369109392358561533640e-9,1.4291920587337108652064598543e-24,1.3843825377175678521155307778e-20,2.2429352102601029811616827984e-25,8.7109839984522740066375485841e-6,0.83494632309942265543158735207,35.731719860201052364255570142,2.4420194074608453457029229144e-12,2.3394336844642999097920942715e-13,42.795229910784232448791820042,35.731719860203728327031477418,35.731728571187726779305484055,6.2708272303551476347307126043e-6,8.6184043207249636178116863421e-6,5.6980885070826714713249747668e6,4.1459796084598224562041633648e6,1.0471363520804003986785406528e-12,1.0471363520804003986785406528e-14,1.0366649885595963946917552463e-12,6.2708282774914997151311112829e-6,35.731728571187737250669004859,5.6980875555854627081357437259e6,-35.731722300359459759169289728,False,0.99999975621151433808958059790
random,3.0001753328000000000000000000e12,3.0301770861280000000000000000e12,1.0100000000000000000000000000,20000.000000000000000000000000,0.50000100000000000000000000000,1.0000000000000000000000000000,5.5586910000000000000000000000,665.56777146990749392106016725,289.05241048202538819634032321,636.82812929189880088462977992,22491,4.9766729912055818488538446896e12,0.023032850249880258685275725514,3.4280720949727538665521660798e-143,8.4428618318699655166026078840e-150,6.8786143577937800653906340825e-147,1.4042923578572642049508573627e-162,6.3169207229192349207786580313e-156,2.0826853288026901027610832209e-161,3.4287608006953481258506632915e-143,0.015511346354193290431081227027,0.0013214100202990633048653058694,4.3826009750090396178012675179e-16,3.7897057640556785013882285793e-15,0.085189898422071226902157945475,0.0013214100203032912707268624518,0.0013214100203032912707268624518,3.3836367254264796817668496036e-143,3.3861570489311049234046538708e-143,3.9052951824689110680590784967e139,3.9023884634069635142194027501e139,1.0471363520804003986785406528e-12,1.0367686654261390085926145077e-12,1.0367686654261390085926145079e-14,1.0471363520804003986785406528e-12,0.0013214100213400599361530014604,1.2619273685941145443250478712e9,-0.0013214100202929235840726010618,False,1.0000000000000000000000000000
random,3.0001753328000000000000000000e12,3.0001783329753328000000000000e12,1.0000010000000000000000000000,20000.000000000000000000000000,0.50000100000000000000000000000,1.0000000000000000000000000000,5.5586910000000000000000000000,29.313042641824711306249002091,12.730492667139191229965889286,0.58334979466968635233349704310,22491,4.9274039285926465893782117509e12,0.023032850249880258685275725514,0.000049623508071280148390801586146,5.4108323139343613513712513071e-17,9.9645999867757543161423559681e-9,9.6327306503488448440974596785e-30,9.2389927134519872910206635233e-18,1.3692116634520441084230745277e-28,0.000049633472671330271460970670657,0.83230920558932607586496753169,7.1245565389643295306568750825e-6,2.3746980657178748696966191486e-18,2.0739707774021138923532308380e-17,8.5599876718206186274367461895e-6,7.1245565389874439364966140963e-6,0.000056758029210317715397467284753,0.000049016538383572641092739852345,0.000049016542052141039491332473174,1.1579363023591145846412149996,1.1579362156951364999689920142,1.0471363520804003986785406528e-12,1.0471353049450954535830870697e-12,1.0471353049450954535830882462e-18,0.000049016539430708993173140251024,0.000056758030257453020342562738336,1.1579362989851128176971551002,-7.7414908267440271694224873127e-6,False,0.12552508672539165289448817524
random,3.0001753328000000000000000000e12,3.3001928660800000000000000000e12,1.1000000000000000000000000000,20000.000000000000000000000000,0.50000100000000000000000000000,1.0000000000000000000000000000,5.5586910000000000000000000000,30.715536701688340736064158681,13.339588098240054426805463738,1.8905346747284909224380345931,22491,5.4201389013130099272828012080e12,0.023032850249880258685275725514,0.000024786409762110832709218571962,2.6848448539397789800874433649e-12,4.9421071118332437196343378101e-9,4.5456368359727229066378099791e-25,4.1804318767362690343695582353e-18,5.8884105715239789062077737882e-24,0.000024791354554071700330936896911,0.82555664183146808280609017434,0.67472272420700881777149663747,2.1450357023798935266115723189e-13,1.7031814260417841966891005338e-12,0.81729428366305443074024004808,0.67472272420892650276777641102,0.67474751556348057446810734792,0.000024310557700562815288558124570,0.000024484282642852063214355237553,27755.328523288441516759083573,27558.394313850409455936506369,1.0471363520804003986785406528e-12,9.5194213825490945334412786620e-13,9.5194213825490945334412786620e-14,0.000024310558747699167368958523249,0.67474751556443251660636225737,27755.327327813593729409160886,-0.67472320500568481743899329885,False,0.99996325832406604938786806296
random,3.0001753328000000000000000000e12,3.0001753328000000000000000000e14,100.00000000000000000000000000,20000.000000000000000000000000,0.50000100000000000000000000000,1.0000000000000000000000000000,5.5586910000000000000000000000,117.62818886900588268091022012,51.085273342082763384074535314,84.293326835862266359292065250,22491,4.9273990011936453537098274264e14,0.023032850249880258685275725514,4.5251101129350502225445109943e-24,7.2154870285552077250417758794e-29,6.6232253507265504154259293980e-28,2.5075718732831622085549441687e-42,7.1925613848681785529722412874e-39,4.0726672427538017594772440134e-43,4.5258445903404156251395274707e-24,0.53003893146588283746344225886,22.683137933747164330287410615,1.5502378075570806037355149158e-12,1.4851145469396801007872210284e-13,42.795229910784232448791820042,22.683137933748863079549661663,22.683137933748863079549666189,3.2580091527732033862465315893e-24,4.4776931539910743185686444987e-24,6.9622695548418191440933188495e24,5.0658089229564208043962123908e24,1.0471363520804003986785406528e-12,1.0471363520804003986785406528e-14,1.0366649885595963946917552463e-12,1.0471363520836584078313138562e-12,22.683137933748873550913186993,2.1662067111520410195852241394e13,-22.683137933747826414561103335,False,0.99999999999999999999999980048
random,3.0001753328000000000000000000e12,3.0001783329753328000000000000e12,1.0000010000000000000000000000,20000.000000000000000000000000,0.50000100000000000000000000000,1.0000000000000000000000000000,5.5586910000000000000000000000,104.85090761883241244573551946,45.536170601406542326688702361,76.121214771677387491820014414,22491,4.9274039285926465893782117509e12,0.023032850249880258685275725514,1.9626754754268379494963781751e-21,7.6551341420988378909492760851e-33,3.9411312856783370614884276905e-25,1.3001091606275194430021982983e-45,3.6541439976981631592009918689e-34,1.9217658240942249840451976572e-44,1.9630695885634263317444161899e-21,0.51863686677802932529326771883,4.4395251857572003113546084806e-6,1.4797456955623993998738164842e-18,1.2923534890130266494106780715e-17,8.5599876718206186274367461895e-6,4.4395251857716035919403011465e-6,4.4395251857716055550098897099e-6,1.9386690202870717814234326770e-21,1.9386691653838113170546923424e-21,2.2899861396218190738270963243e15,2.2899859682312959387819381541e15,1.0471363520804003986785406528e-12,1.0471353049450954535830870697e-12,1.0471353049450954535830882462e-18,1.0471363540190694189656124342e-12,4.4395262329069105001053432930e-6,4.2396830325557221634539296735e6,-4.4395251857705564810359243274e-6,False,0.99999999999999955781992298299
random,3.0001753328000000000000000000e12,3.0301770861280000000000000000e12,1.0100000000000000000000000000,20000.000000000000000000000000,0.50000100000000000000000000000,1.0000000000000000000000000000,5.5586910000000000000000000000,28.741314737302714679329173563,12.482194393055178877115348140,0.0016725592940216428987862410901,22491,4.9766729912055818488538446896e12,0.023032850249880258685275725514,0.000066093384446885937916696051192,7.0270619112178137746569723956e-13,1.3261999474230634860610581086e-8,1.2463910802430315184195196249e-25,1.2179051615415922495883978035e-17,1.7522598514247473703591054996e-24,0.000066106647149078538726830354121,0.83534627588053308577403679711,0.071163064389290408920890400604,2.3602009261784639992784406051e-14,2.0409038160836960455452322354e-13,0.085189898422071226902157945475,0.071163064389518101311760554849,0.071229171036667179850487385203,0.000065236668519946049723610397876,0.000065285260470671357601842779161,1091.8578868706167628386769421,1091.0452148485499999958049172,1.0471363520804003986785406528e-12,1.0367686654261390085926145077e-12,1.0367686654261390085926145079e-14,0.000065236669567082401804010796555,0.071229171037703948515913524211,1091.8578693607205102735439617,-0.071163934368136866114109513415,False,0.99907191609579383818330609923
random,3.0001753328000000000000000000e12,3.0001753628017533280000000000e12,1.0000000100000000000000000000,20000.000000000000000000000000,0.50000100000000000000000000000,1.0000000000000000000000000000,5.5586910000000000000000000000,28.732331235838586361678330602,12.478292907941138165167591662,0.0026393786830614580961583046184,22491,4.9273990504676354076693531890e12,0.023032850249880258685275725514,0.000066341809138027737186628516398,7.0954793684018962578061547806e-19,1.3321703056493469031454210574e-8,1.2640716664761599789673440864e-31,1.2351648330120851148824522845e-17,1.7948562365130698766726287576e-30,0.000066355130841097291851926933571,0.83534121568709001687489861936,7.1555825710472050106139233537e-8,2.3836358117528739788638577424e-20,2.0817787250798129257312844138e-19,8.5660595175885730182547688552e-8,7.1555825710704064336764743569e-8,0.000066426686666807995916263698314,0.000065530354461770532066634855663,0.000065530354510815754350457442696,1.0136781223358157049013759675,1.0136781215771433429808804359,1.0471363520804003986785406528e-12,1.0471363416090369825881708269e-12,1.0471363416090369825882799511e-20,0.000065530355508906884147035254341,0.000066426687713944337525300680902,1.0136781221172472340580863304,-8.9633220503745337826542656106e-7,False,0.0010772150366256185743418153216
random,3.0001753328000000000000000000e12,3.0001753328000000000000000000e13,10.000000000000000000000000000,20000.000000000000000000000000,0.50000100000000000000000000000,1.0000000000000000000000000000,5.5586910000000000000000000000,33.465980357942798175972047843,14.534090600937169683970141214,2.4337034177932275383718844245,22491,4.9273990011936453541258974596e13,0.023032850249880258685275725514,7.3327440958360301006830369964e-6,1.8596339786902440537301780888e-11,1.2492832077501978426255149185e-9,1.2651298387245113568948187493e-24,1.2574928278098380393678529705e-19,1.8635028406820741983591832698e-24,7.3340119753836929533776134763e-6,0.82365214732610269458505288816,16.929174639206651470095511999,2.1735246987116013990437436431e-12,1.9542066164235021045674408722e-12,20.553791663349033139899932972,16.929174639210779201410647102,16.929181973222754585103600480,6.1453082293730262030168734379e-6,7.2499764756708359335159575914e-6,2.7548141348395718896604074273e6,2.3350671591877555199304874098e6,1.0471363520804003986785406528e-12,1.0471363520804003986785406528e-13,9.4242271687236035881068658753e-13,6.1453092765093782834172721164e-6,16.929181973222859298738808520,2.7548136654301753392675858582e6,-16.929175827913582789360525103,False,0.99999956678284946171321737321
random,3.0001753328000000000000000000e12,6.0003506656000000000000000000e12,2.0000000000000000000000000000,20000.000000000000000000000000,0.50000100000000000000000000000,1.0000000000000000000000000000,5.5586910000000000000000000000,91.769082924526465258182505297,39.854806323443775273513438750,62.346243896810994995183101212,22491,9.8547980023872907284248872761e12,0.023032850249880258685275725514,1.4310059560616484051983178472e-18,3.2594187391044846308432847720e-24,2.7308826682506476417393684919e-22,3.9979558443970787915709115885e-37,1.2986451471959962432051733110e-31,2.9568583319212660642317929875e-36,1.4312823037473424423184961433e-18,0.57058180592602651587574603985,3.4290586672242808938445668207,8.2326384745440114696036223967e-13,3.6055402700496971575991979679e-12,6.0097581654632577755302152453,3.4290586672287096979620709190,3.4290586672287096993933532228,1.3433395751240201802734221032e-18,1.4139325632308555487964128110e-18,2.5526372711174917666344383856e18,2.4251925137032440992770593047e18,1.0471363520804003986785406528e-12,5.2356817604020019933927032641e-13,5.2356817604020019933927032641e-13,1.0471376954199755226987209262e-12,3.4290586672292332675693934230,3.2746969975652921981162924172e12,-3.4290586672281861298739734474,False,0.99999999999999999958260197837
random,3.0001753328000000000000000000e12,3.0001753328000000000000000000e13,10.000000000000000000000000000,20000.000000000000000000000000,0.50000100000000000000000000000,1.0000000000000000000000000000,5.5586910000000000000000000000,35.819247929110300485766572479,15.556101721537083898277835061,4.7869709889607298481664090605,22491,4.9273990011936453541258974596e13,0.023032850249880258685275725514,2.2607938785808285996946480967e-6,6.1367062459152536339295798127e-12,3.8517256183797765499716506599e-10,4.1594027075011674517685131396e-25,3.8770370959572479318995186019e-20,6.1455714567686021571118958317e-25,2.2611851878489512640047361802e-6,0.81249199900193631502737487441,16.699791275619717783970753269,2.1440743317058116729183029725e-12,1.9277279193592682351482881359e-12,20.553791663349033139899932972,16.699791275623789586221818349,16.699793536808977435173082354,1.8946897703478237245378537118e-6,2.2352753923813126052466528512e-6,8.8139988921475305756434267820e6,7.4710228519172022664361061537e6,1.0471363520804003986785406528e-12,1.0471363520804003986785406528e-13,9.4242271687236035881068658753e-13,1.8946908174841758049382523903e-6,16.699793536809082148808290394,8.8139940209260852183702008727e6,-16.699791642118264664632485455,False,0.99999986459801536678027384213
random,3.0001753328000000000000000000e12,3.0001753328000000000000000000e14,100.00000000000000000000000000,20000.000000000000000000000000,0.50000100000000000000000000000,1.0000000000000000000000000000,5.5586910000000000000000000000,33.336216592624927628982574364,14.477734913708629936553902969,0.0013545594813113073644194903086,22491,4.9273990011936453537098274264e14,0.023032850249880258685275725514,9.1074829289469124713342411207e-6,4.1154891345751589595247081383e-11,1.3330263863388175336813741463e-9,1.4907018939677978815417301155e-24,1.4476140556412117939851894997e-20,2.3391738286855899076666184000e-25,9.1088571102246115183226934309e-6,0.83534891506163900396393883958,35.748948875784333468250775566,2.4431968931959409151005823792e-12,2.3405617057172198458146863971e-13,42.795229910784232448791820042,35.748948875787010721314543229,35.748957984644120945926061552,6.5572465643247950063017158031e-6,9.0120489763254294728132659237e-6,5.4518245781909559970752200769e6,3.9667957951134428767849623157e6,1.0471363520804003986785406528e-12,1.0471363520804003986785406528e-14,1.0366649885595963946917552463e-12,6.5572476114611470867021144816e-6,35.748957984644131417289582356,5.4518237075812080077518652358e6,-35.748951427396519956142495654,False,0.99999974519936737352458732262
random,3.0001753328000000000000000000e12,3.3001928660800000000000000000e12,1.1000000000000000000000000000,20000.000000000000000000000000,0.50000100000000000000000000000,1.0000000000000000000000000000,5.5586910000000000000000000000,28.831398249528151167414689615,12.521317165325150068765768341,0.0063962225683013537885655279407,22491,5.4201389013130099272828012080e12,0.023032850249880258685275725514,0.000063584182436431974937311378270,6.4649005546806491782953957714e-12,1.2677908710262197533306363237e-8,1.0989273018431359807015148968e-24,1.0723995353284197306516202908e-17,1.4188582910599757155135142785e-23,0.000063596866810053515826134657339,0.83532167559046675738077685633,0.68270363047799250001551277434,2.1704080935480250908330963232e-13,1.7233273776098084811172322384e-12,0.81729428366305443074024004808,0.68270363047993286820247738533,0.68276722734674292171830351998,0.000062363486717099821366012259465,0.000062809140546367326210827133741,10948.188808685240634699973196,10870.507403977396551714824997,1.0471363520804003986785406528e-12,9.5194213825490945334412786620e-13,9.5194213825490945334412786620e-14,0.000062363487764236173446412658144,0.68276722734769486385655842944,10948.188624871041656403384717,-0.68270486385993062768311201678,False,0.99990685424803238851761225992
random,3.0001753328000000000000000000e12,3.0001783329753328000000000000e12,1.0000010000000000000000000000,20000.000000000000000000000000,0.50000100000000000000000000000,1.0000000000000000000000000000,5.5586910000000000000000000000,28.954094790504669247943273432,12.574603596019868096619557442,0.22440194334964429402776838480,22491,4.9274039285926465893782117509e12,0.023032850249880258685275725514,0.000059378879558960674694151034402,6.3952514480842886907017484240e-17,1.1923517813735952086135950682e-8,1.1394275417348306213575870651e-29,1.1055265072960176281134225907e-17,1.6185399333954835861825174380e-28,0.000059390803076849418425791146664,0.83418204569845222572693829668,7.1405880272096885441155665804e-6,2.3800415483498994285460432493e-18,2.0786375714625303663195264975e-17,8.5599876718206186274367461895e-6,7.1405880272328549613785417834e-6,0.000066531391104082273387169688447,0.000058652587094297478880852276044,0.000058652591484061313582265860004,1.1343300338503024764492373248,1.1343299489530995870451438994,1.0471363520804003986785406528e-12,1.0471353049450954535830870697e-12,1.0471353049450954535830882462e-18,0.000058652588141433830961252674723,0.000066531392151217578332265142030,1.1343300314520637420057496669,-7.8788040097837473710124673076e-6,False,0.10732660040223807129776202328
random,3.0001753328000000000000000000e12,3.0004753503332800000000000000e12,1.0001000000000000000000000000,20000.000000000000000000000000,0.50000100000000000000000000000,1.0000000000000000000000000000,5.5586910000000000000000000000,30.346396045584835920966544331,13.179272348248156348565816768,1.6166042034289776590490392004,22491,4.9278917410937647602640683276e12,0.023032850249880258685275725514,0.000029600620892750541604586569089,3.3411571629676955458589115899e-15,5.9438799427832658902395202208e-9,5.9349589494374064874817123397e-28,5.5105302373532238811394004112e-18,8.4504263802271377966451607897e-27,0.000029606564776039992563690901302,0.82694158349196045149104023972,0.00070782222461068932536472061470,2.3591514354372320069702146541e-16,2.0601889847072947259949520310e-15,0.00085595190608753187263474810401,0.00070782222461298542949297163262,0.00073742878938902542205666253392,0.000029238345718788189464043223837,0.000029238564538321695279673537692,25.221289757004379751024407827,25.221101002496551252409156969,1.0471363520804003986785406528e-12,1.0470316489155088477937612767e-12,1.0470316489155088477937612794e-16,0.000029238346765924541544443622515,0.00073742879043605707097217138172,25.221288889544331306837939425,-0.00070819044367013252942772775920,False,0.95985162879175136799613824283
random,3.0001753328000000000000000000e12,3.0301770861280000000000000000e12,1.0100000000000000000000000000,20000.000000000000000000000000,0.50000100000000000000000000000,1.0000000000000000000000000000,5.5586910000000000000000000000,28.740928686667557884676081182,12.482026733394595035686088555,0.0012865086588648482456938600040,22491,4.9766729912055818488538446896e12,0.023032850249880258685275725514,0.000066106143374767067122121738145,7.0283240365813031682218106256e-13,1.3264559622969685468761890531e-8,1.2466160330068725062091214128e-25,1.2181402707624652069416871288e-17,1.7525748378189913123615832775e-24,0.000066119408637234621870305677950,0.83534829451389853647560300997,0.071163236356461762519718210240,2.3602066296579386990288475776e-14,2.0409087479744074508460694731e-13,0.085189898422071226902157945475,0.071163236356689455460812230372,0.071229355765326690082682536050,0.000065249262064002187715315262680,0.000065297863395109512583726084321,1091.6499821171724977946679645,1090.8374648390320375731920530,1.0471363520804003986785406528e-12,1.0367686654261390085926145077e-12,1.0367686654261390085926145079e-14,0.000065249263111138539795715661359,0.071229355766363458748108675059,1091.6499646139922793130230546,-0.071164106503252320208312959397,False,0.99907173934220221473149724515
random,3.0001753328000000000000000000e12,3.0001753628017533280000000000e12,1.0000000100000000000000000000,20000.000000000000000000000000,0.50000100000000000000000000000,1.0000000000000000000000000000,5.5586910000000000000000000000,59.888754063639470225282006092,26.009355417899571256335127353,31.159062206483945321699833794,22491,4.9273990504676354076693531890e12,0.023032850249880258685275725514,1.1382982169280385135275178859e-11,2.5376496669555955720347703991e-25,2.2857487657747836699262349245e-15,4.3678071610660779066218891686e-38,2.1193059780818530931128568874e-24,6.3816744215520250878467705998e-37,1.1385267918048532989889883188e-11,0.68728304185763658621301623963,5.8873074419627443537519681931e-8,1.9611536466985206241090271425e-20,1.7127985400199840691093013283e-19,8.5660595175885730182547688552e-8,5.8873074419818334927988665544e-8,5.8884459687736383460978555428e-8,1.1243752108613855177587753466e-11,1.1243752117029074750264944121e-11,5237.0827032574750115727725822,5237.0826993378581070490570442,1.0471363520804003986785406528e-12,1.0471363416090369825881708269e-12,1.0471363416090369825882799511e-20,1.2290888460694255576266294119e-11,5.8885506824077992497961143598e-8,4790.9886264440009350002678978,-5.8873215935617298242384877304e-8,False,0.99980665071941859569401745074
random,3.0001753328000000000000000000e12,3.0001783329753328000000000000e12,1.0000010000000000000000000000,20000.000000000000000000000000,0.50000100000000000000000000000,1.0000000000000000000000000000,5.5586910000000000000000000000,61.499515652377596219168377118,26.708900287550254478700566412,32.769822805222571265252872071,22491,4.9274039285926465893782117509e12,0.023032850249880258685275725514,5.0872567033530908220690048285e-12,1.1637991876825536904190971143e-23,1.0215416049615323268673425735e-15,2.0026163295769170373244026106e-36,9.4715447255816079738338691276e-25,2.9280237847305429283494140826e-35,5.0882782449706375007452871517e-12,0.68038581560007760955928693563,5.8240941935993858005383690291e-6,1.9412387480484015291927607303e-18,1.6954039309397263294043496680e-17,8.5599876718206186274367461895e-6,5.8240941936182810785958146940e-6,5.8240992818965260492333154393e-6,5.0250319487451183488320846897e-12,5.0250323248360055479945937107e-12,1.1590173637305839761603575354e6,1.1590172769856955004637473188e6,1.0471363520804003986785406528e-12,1.0471353049450954535830870697e-12,1.0471353049450954535830882462e-18,6.0721683008255187475106253425e-12,5.8241003290318309943287690223e-6,959146.72329487925962715163220,-5.8240942568635301688100215117e-6,False,0.99999912634074408949293121301
random,3.0001753328000000000000000000e12,3.0001753328000000000000000000e14,100.00000000000000000000000000,20000.000000000000000000000000,0.50000100000000000000000000000,1.0000000000000000000000000000,5.5586910000000000000000000000,33.340086576673219719647624704,14.479415626425856799170286497,0.0052245435296033980294698305656,22491,4.9273990011936453537098274264e14,0.023032850249880258685275725514,9.0898770612194845155176496538e-6,4.1080102449172394407132976185e-11,1.3304494848592156168749206467e-9,1.4879831339708779814400704721e-24,1.4448156423163864152520764058e-20,2.3349203277364743807949715752e-25,9.0912485908068073534068300381e-6,0.83533146884111431439644016292,35.748202260765905191400344014,2.4431458671503982718628240974e-12,2.3405128232024606411357958138e-13,42.795229910784232448791820042,35.748202260768582388549814659,35.748211352017173195357168066,6.5445706124104956032030507692e-6,8.9946275939887145946603671272e-6,5.4622699439177409244936359331e6,3.9743959356258842198454331701e6,1.0471363520804003986785406528e-12,1.0471363520804003986785406528e-14,1.0366649885595963946917552463e-12,6.5445716595468476836034494477e-6,35.748211352017183666720688870,5.4622690699504730533502902397e6,-35.748204807445524119873005266,False,0.99999974568661628174543024934
random,3.0001753328000000000000000000e12,3.3001928660800000000000000000e12,1.1000000000000000000000000000,20000.000000000000000000000000,0.50000100000000000000000000000,1.0000000000000000000000000000,5.5586910000000000000000000000,48.935373993219890134127784460,21.252362895127295700845435081,20.110371966260040320501660372,22491,5.4201389013130099272828012080e12,0.023032850249880258685275725514,2.7404774107454599058201484774e-9,4.7293402057974142274602475699e-16,5.4641769548112620479429925387e-13,7.8248631919458264465905028534e-29,4.6220405598508748004272640099e-22,1.0331802321594383455468521938e-27,2.7410243013754238169337794743e-9,0.73682236636039373417924655810,0.60220070809972308705305191637,1.9144783072046716152201581266e-13,1.5201163737149915482138979812e-12,0.81729428366305443074024004808,0.60220070810143465125748737508,0.60220071084245895263291119201,2.6878654416041111774986178615e-9,2.7070731156721202274290154863e-9,2.2404421795871861738413292164e8,2.2245454227154952742705650356e8,1.0471363520804003986785406528e-12,9.5194213825490945334412786620e-13,9.5194213825490945334412786620e-14,2.6889125779561915778972964021e-9,0.60220071084341089477116610147,2.2395696899195437368421865434e8,-0.60220070815449831681497452357,False,0.99999999544832104641520410533
random,3.0001753328000000000000000000e12,3.0301770861280000000000000000e12,1.0100000000000000000000000000,20000.000000000000000000000000,0.50000100000000000000000000000,1.0000000000000000000000000000,5.5586910000000000000000000000,590.07254142722917750323536948,256.26524866447359640271571872,561.33289924922048446680498215,22491,4.9766729912055818488538446896e12,0.023032850249880258685275725514,8.4845898998935989347638756638e-127,1.8525388181966310696640056214e-133,1.7024794195836205289958645871e-130,3.0824894874482459075783717713e-146,1.5634584185877541760907732660e-139,4.5701296886214383622793024674e-145,8.4862942318535642152209075839e-127,0.024881914343831295040981408916,0.0021196877554908829438774556743,7.0301764639461403157226317505e-16,6.0791070005387161732642736574e-15,0.085189898422071226902157945475,0.0021196877554976650685243890045,0.0021196877554976650685243890045,8.3746109154366357966262230773e-127,8.3808487980596900593055852618e-127,2.5310880432552593449227750429e123,2.5292041493319973316113667943e123,1.0471363520804003986785406528e-12,1.0367686654261390085926145077e-12,1.0367686654261390085926145079e-14,1.0471363520804003986785406528e-12,0.0021196877565344337339505280131,2.0242710057034497242423689781e9,-0.0021196877554872973818701276144,False,1.0000000000000000000000000000
random,3.0001753328000000000000000000e12,3.0031755081328000000000000000e12,1.0010000000000000000000000000,20000.000000000000000000000000,0.50000100000000000000000000000,1.0000000000000000000000000000,5.5586910000000000000000000000,28.816498503539827628827606869,12.514846287860661042719516954,0.085807156051219142078625505909,22491,4.9323264001948390410446204074e12,0.023032850249880258685275725514,0.000063612565682085801406170482062,6.8148387162515010568908900313e-14,1.2772710211023289300183468907e-8,1.2139601042575843915712336761e-26,1.1831240871339853433947613199e-17,1.7222517196616183776004691442e-25,0.000063625338460457043099041380726,0.83490631825826290561808540135,0.0071433018683122565306264188597,2.3797719581518157222990412650e-15,2.0763278850443583865299350629e-14,0.0085558124452062783400959540012,0.0071433018683353995814350142593,0.0072069272067958566245340556400,0.000062829821683932289057019030326,0.000062834521827069783296982996191,114.70551743804983171381024884,114.69693724463158703460078831,1.0471363520804003986785406528e-12,1.0460902618185818168616789738e-12,1.0460902618185818168616789755e-15,0.000062829822731068641137419429005,0.0072069272078419468863526374569,114.70551554299073945126335136,-0.0071440973851108782452152180278,False,0.99117164130637246020922899803
random,3.0001753328000000000000000000e12,3.0001753328000000000000000000e13,10.000000000000000000000000000,20000.000000000000000000000000,0.50000100000000000000000000000,1.0000000000000000000000000000,5.5586910000000000000000000000,44.923161565347085333593811341,19.509881177478487797582540502,13.890884625197514695993647922,22491,4.9273990011936453541258974596e13,0.023032850249880258685275725514,2.3843567779352336476702663187e-8,8.1171100446798087530197223667e-14,4.0622403359901233820470628743e-12,5.4427401615239699320799202964e-27,4.0889352035289917065101809416e-22,8.1139622039646214283173709892e-27,2.3847711190789182305249295712e-8,0.77072328142823801522880571339,15.841285756564866738705356229,2.0338514183379933302797269331e-12,1.8286269766772979781007456792e-12,20.553791663349033139899932972,15.841285756568729217100371520,15.841285780416440407889553826,1.9982433776091231378782670907e-8,2.3574435877904261466176452852e-8,7.9276057951311064398425175749e8,6.7196881666483852891676772031e8,1.0471363520804003986785406528e-12,1.0471363520804003986785406528e-13,9.4242271687236035881068658753e-13,1.9983480912443311779181349447e-8,15.841285780416545121524761866,7.9271903878130135819711358248e8,-15.841285760433064209081450086,False,0.99999999849458487642015971401
random,3.0001753328000000000000000000e12,6.0003506656000000000000000000e12,2.0000000000000000000000000000,20000.000000000000000000000000,0.50000100000000000000000000000,1.0000000000000000000000000000,5.5586910000000000000000000000,29.449790973912953494254164594,12.789881713174588198094844036,0.026951946197483231254760508831,22491,9.8547980023872907284248872761e12,0.023032850249880258685275725514,0.000048764496732550593531656198586,3.5643041441862562636055316717e-11,9.3060492438055738231712513264e-9,4.5692491756373353276460620768e-24,4.4254027573351101523805467074e-18,3.2576896230906052883397466464e-23,0.000048773838424840266407945486409,0.83521737411865005025351579536,5.0194544340398548797619916404,1.2050932254345781788897770381e-12,5.2777881196940457988965414141e-12,6.0097581654632577755302152453,5.0194544340463377611071202643,5.0195032078847626013735282098,0.000045777082928520739503722910742,0.000048182685451204058565162809943,109651.00628457552534021484961,104176.49329587809436495408419,1.0471363520804003986785406528e-12,5.2356817604020019933927032641e-13,5.2356817604020019933927032641e-13,0.000045777083975657091584123309421,5.0195032078852861695495684100,109651.00377635479167232063642,-5.0194574308013105124579842867,False,0.99999028313432528042071308045
random,3.0001753328000000000000000000e12,3.3001928660800000000000000000e12,1.1000000000000000000000000000,20000.000000000000000000000000,0.50000100000000000000000000000,1.0000000000000000000000000000,5.5586910000000000000000000000,29.150991054202647025913573278,12.660114556851267406495579103,0.32598902724279721228744919098,22491,5.4201389013130099272828012080e12,0.023032850249880258685275725514,0.000054193898767677746334093482147,5.5712268378170848182087925280e-12,1.0805600935683968011954612943e-8,9.4634389355670197644615418206e-25,9.1402467766564078184911867486e-18,1.2225727702620601608264159889e-23,0.000054204709939849408379138982973,0.83365720619036072549487709314,0.68134326915195763314568625450,2.1660833190772806053636976579e-13,1.7198934601499641823314701246e-12,0.81729428366305443074024004808,0.68134326915389413493774394674,0.68139747386383398434612308572,0.000053153478686696729595796520762,0.000053533317155688552851341020543,12819.433284511901038729780426,12728.474715701927751900851501,1.0471363520804003986785406528e-12,9.5194213825490945334412786620e-13,9.5194213825490945334412786620e-14,0.000053153479733833081676196919441,0.68139747386478592648437799518,12819.433031983887250014422328,-0.68134432038505209340270179826,False,0.99992045067377123660546522639
random,3.0001753328000000000000000000e12,3.0001753328000000000000000000e13,10.000000000000000000000000000,20000.000000000000000000000000,0.50000100000000000000000000000,1.0000000000000000000000000000,5.5586910000000000000000000000,31.063561363550793572932807195,13.490733288453162786875237779,0.031284423401222935332643775864,22491,4.9273990011936453541258974596e13,0.023032850249880258685275725514,0.000024375031473171534556164303103,5.7379043018768300614906016805e-11,4.1527860661478478915255088738e-9,3.9205851738179821038546702779e-24,4.1800759517242645604611687431e-19,5.7541363725420557957878269965e-24,0.000024379241638281119189626337491,0.83520353520385875143328226040,17.166599459068527101911160381,2.2040075025726833682452641542e-12,1.9816135729801850560905146878e-12,20.553791663349033139899932972,17.166599459072712722986713249,17.166623838314351004105902876,0.000020427834320356063795217531094,0.000024099900728102747697546603164,840354.56569216639153343055215,712310.97721064283594174058152,1.0471363520804003986785406528e-12,1.0471363520804003986785406528e-13,9.4242271687236035881068658753e-13,0.000020427835367492415875617929772,17.166623838314455717741110916,840354.52261536976433465772242,-17.166603410479088225325235298,False,0.99999857984645857568930218117
random,3.0001753328000000000000000000e12,3.0004753503332800000000000000e12,1.0001000000000000000000000000,20000.000000000000000000000000,0.50000100000000000000000000000,1.0000000000000000000000000000,5.5586910000000000000000000000,29.157490146552148205453806995,12.662937076796035408915653133,0.42769830439628994353630186413,22491,4.9278917410937647602640683276e12,0.023032850249880258685275725514,0.000053637491225718713392595577744,5.8171102955841413348800231155e-15,1.0770544625833963082319995597e-8,1.0359091343835654616820822408e-27,9.9852978870277415913860420421e-18,1.4718969138131656751190609883e-26,0.000053648261776171642949164821695,0.83312082091590460806530739917,0.00071311135466186457903911213032,2.3767799561569752608417031401e-16,2.0755835387227593461870551704e-15,0.00085595190608753187263474810401,0.00071311135466417784057345058720,0.00076675961644034948352261540889,0.000052981034338036997894063029496,0.000052981430847652487362658858568,14.472341395756123702743163070,14.472233085685401672797752903,1.0471363520804003986785406528e-12,1.0470316489155088477937612767e-12,1.0470316489155088477937612794e-16,0.000052981035385173349974463428174,0.00076675961748738113243812425668,14.472341129481917777226590623,-0.00071377858210220778246366082851,False,0.93003248915842551926115719570
random,3.0001753328000000000000000000e12,3.0001783329753328000000000000e12,1.0000010000000000000000000000,20000.000000000000000000000000,0.50000100000000000000000000000,1.0000000000000000000000000000,5.5586910000000000000000000000,32.120006561826890414852070359,13.949541608497658415698446962,3.3903137146718654609365653120,22491,4.9274039285926465893782117509e12,0.023032850249880258685275725514,0.000012194471758572899649577561549,1.4569845262192151250831517632e-17,2.4486989704490299103791502878e-9,2.5793447591463384364182803555e-30,2.2703883723822475692197254569e-18,3.6833530907569094533784416127e-29,0.000012196920457560188913122554511,0.81780790661676891872786677397,7.0004255985342579837792173686e-6,2.3333237706971377911736442075e-18,2.0378360451397695119712090322e-17,8.5599876718206186274367461895e-6,7.0004255985569696680013122015e-6,0.000019197346056117158581123866713,0.000012045315139004063358200346876,0.000012045316040517387736731750854,1.5937603819059932826060252258,1.5937602626234260737547349104,1.0471363520804003986785406528e-12,1.0471353049450954535830870697e-12,1.0471353049450954535830882462e-18,0.000012045316186140415438600745555,0.000019197347103252463526219320296,1.5937603302884916872880660665,-7.1520309171120480876185747408e-6,False,0.36465590494089737315198382900
random,3.0001753328000000000000000000e12,6.0003506656000000000000000000e12,2.0000000000000000000000000000,20000.000000000000000000000000,0.50000100000000000000000000000,1.0000000000000000000000000000,5.5586910000000000000000000000,30.211738733633436240661198164,13.120791420719738664057350567,0.78889970591796597766179407875,22491,9.8547980023872907284248872761e12,0.023032850249880258685275725514,0.000033315696165395492014851563633,2.4981215793395620276684758289e-11,6.3578531489259291464673937536e-9,3.1973233481881186958477110369e-24,3.0234162874988920315295664884e-18,2.2825928541160770215366221739e-23,0.000033322078999763234781929058493,0.83133536662975023576954919090,4.9961245078350798344353824818,1.1994920716859555027173392807e-12,5.2532574841488994462375070562e-12,6.0097581654632577755302152453,4.9961245078415325839912173368,4.9961578299205323472259992658,0.000031274707797131832996910968681,0.000032918205179663611689177875043,159750.74371050475998549222648,151774.91611866755047926120099,1.0471363520804003986785406528e-12,5.2356817604020019933927032641e-13,5.2356817604020019933927032641e-13,0.000031274708844268185077311367360,4.9961578299210559154020394660,159750.73836176471972030939925,-4.9961265552122116472169621547,False,0.99999333045909794782292886545
random,3.0001753328000000000000000000e12,3.0001753628017533280000000000e12,1.0000000100000000000000000000,20000.000000000000000000000000,0.50000100000000000000000000000,1.0000000000000000000000000000,5.5586910000000000000000000000,29.715358108823162225209709992,12.905216054440948280478571217,0.98566625166763732162753769402,22491,4.9273990504676354076693531890e12,0.023032850249880258685275725514,0.000040581279627446059916578006255,4.4888023778993938636294158193e-19,8.1488847511618533016076125108e-9,7.9796611938353104155126707316e-32,7.5555023484759444821445028928e-18,1.1350553107825655975450649675e-30,0.000040589428512205226152465880967,0.83021508304427109716847837133,7.1116718137339069156279860877e-8,2.3690084557530047869687174795e-20,2.0690037372337026196553913640e-19,8.5660595175885730182547688552e-8,7.1116718137569659614560761187e-8,0.000040660545230342795812080441728,0.000040084912863409221926548174063,0.000040084912893410180684683464281,1.0143603247659552565001589535,1.0143603240067723102851249893,1.0471363520804003986785406528e-12,1.0471363416090369825881708269e-12,1.0471363416090369825882799511e-20,0.000040084913910545574006948572742,0.000040660546277479137421117424316,1.0143603243908208956023642885,-5.7563236693356341416885157421e-7,False,0.0017490350346925266188686125731
random,3.0001753328000000000000000000e12,3.0031755081328000000000000000e12,1.0010000000000000000000000000,20000.000000000000000000000000,0.50000100000000000000000000000,1.0000000000000000000000000000,5.5586910000000000000000000000,28.934079604562464218116886146,12.565911111210900913912443179,0.20338825707385573136790478281,22491,4.9323264001948390410446204074e12,0.023032850249880258685275725514,0.000059980557853571833858410286281,6.4519598978301174581756939631e-14,1.2043442605160299845358469787e-8,1.1490156292942974292562516434e-26,1.1155727173613901642759477202e-17,1.6304704786461587237849734906e-25,0.000059992601360707748863904970438,0.83429185375652551143029034762,0.0071380446252811712911446332451,2.3780205216630310641098021525e-15,2.0747997737444118161306429628e-14,0.0085558124452062783400959540012,0.0071380446253042973094037403943,0.0071980372266650050582676453647,0.000059242505219436303405900286443,0.000059246937004325903194032016156,121.50122956487448299628630277,121.49214103911298937355627842,1.0471363520804003986785406528e-12,1.0460902618185818168616789738e-12,1.0460902618185818168616789755e-15,0.000059242506266572655486300685122,0.0071980372277110953200862271816,121.50122743494663237081046947,-0.0071387947214445226645999264965,False,0.99166542218780611618077914724
random,3.0001753328000000000000000000e12,3.0001753628017533280000000000e12,1.0000000100000000000000000000,20000.000000000000000000000000,0.50000100000000000000000000000,1.0000000000000000000000000000,5.5586910000000000000000000000,30.233608800627379329824820004,13.130289470134062586092334164,1.5039169434718544262426477063,22491,4.9273990504676354076693531890e12,0.023032850249880258685275725514,0.000031317640137147051718503886046,3.5245437949357153259986024831e-19,6.2887085498253177357147441883e-9,6.2587437195307187758779336947e-32,5.8307797530590217967071712166e-18,8.9106332620259822329019938833e-31,0.000031323928845703060270372154338,0.82752526736095653323886349966,7.0886306924993658932922924849e-8,2.3613331000188938324463607824e-20,2.0623003674504883911161943404e-19,8.5660595175885730182547688552e-8,7.0886306925223502300668162627e-8,0.000031394815152628283772672822500,0.000030934580858709897428741243020,0.000030934580881862425855203809527,1.0148776638035101554713229520,1.0148776630439400145236740275,1.0471363520804003986785406528e-12,1.0471363416090369825881708269e-12,1.0471363416090369825882799511e-20,0.000030934581905846249509141641699,0.000031394816199764625381709805088,1.0148776632999005343209098059,-4.6023429391837587256816338961e-7,False,0.0022578985281679259780175056375
random,3.0001753328000000000000000000e12,3.0004753503332800000000000000e12,1.0001000000000000000000000000,20000.000000000000000000000000,0.50000100000000000000000000000,1.0000000000000000000000000000,5.5586910000000000000000000000,28.788410248483844100390340774,12.502647713683556282577457550,0.058618406327985838472835642736,22491,4.9278917410937647602640683276e12,0.023032850249880258685275725514,0.000064507934759782240489769369921,6.9074769628919644032084067768e-15,1.2953357328492590421166633106e-8,1.2310935674921567774612778661e-27,1.2008968539239243749500572866e-17,1.7480392027436583050976545363e-26,0.000064520888124030219011640451687,0.83504845816443974096772682057,0.00071476131943898819913318577265,2.3822792420468934413962582210e-16,2.0803859299741144882029422365e-15,0.00085595190608753187263474810401,0.00071476131944130681298736457649,0.00077928220756533703199900502817,0.000063718437020132610210198827272,0.000063718913888379485942972468136,12.230089814022170709202637811,12.229998284817844313337446770,1.0471363520804003986785406528e-12,1.0470316489155088477937612767e-12,1.0470316489155088477937612794e-16,0.000063718438067268962290599225951,0.00077928220861236868091451387597,12.230089629467427353119058654,-0.00071556377054509971862391465001,False,0.91720472057791641394472205515
random,3.0001753328000000000000000000e12,3.0001753328000000000000000000e14,100.00000000000000000000000000,20000.000000000000000000000000,0.50000100000000000000000000000,1.0000000000000000000000000000,5.5586910000000000000000000000,33.411290875552076847134793709,14.510339260516734350324422324,0.076428842408460525516638835769,22491,4.9273990011936453537098274264e14,0.023032850249880258685275725514,8.7719509075037596046272631458e-6,3.9727958495036214346721669824e-11,1.2839158865953892627557228112e-9,1.4388328898330348533374343646e-24,1.3942819907723315077435753103e-20,2.2580202084141169921143695625e-25,8.7732745513488639745889082243e-6,0.83501053876290626892162546094,35.734467984283706949278242568,2.4422072230031760659722879039e-12,2.3396136101458289017083287252e-13,42.795229910784232448791820042,35.734467984286383117862260327,35.734476757560934466726234916,6.3156687088411317271906560355e-6,8.6800328711115150215692434684e-6,5.6580670084130946773814312041e6,4.1168596119596241997112835735e6,1.0471363520804003986785406528e-12,1.0471363520804003986785406528e-14,1.0366649885595963946917552463e-12,6.3156697559774838075910547140e-6,35.734476757560944938089755720,5.6580660703071034739504380457e6,-35.734470441891188960605948129,False,0.99999975448711307931612218598
random,3.0001753328000000000000000000e12,6.0003506656000000000000000000e12,2.0000000000000000000000000000,20000.000000000000000000000000,0.50000100000000000000000000000,1.0000000000000000000000000000,5.5586910000000000000000000000,181.40608106710583697450308780,78.783659991138029911804631051,151.98324203939036671150368372,22491,9.8547980023872907284248872761e12,0.023032850249880258685275725514,4.9115051923991006573828344549e-38,2.2115065944550331291604405028e-43,9.3729479937733670914761628501e-42,2.6840134720528508834115780567e-56,4.4572158183681589619047967159e-51,2.0027072407673184705733981774e-55,4.9124646022648682887161963712e-38,0.32983545740248600099821987808,1.9822313333813386232428533490,4.7590302541693218236385465707e-13,2.0842498162465137910684933145e-12,6.0097581654632577755302152453,1.9822313333838987760845167950,1.9822313333838987760845167950,4.6106162384781784435580754557e-38,4.8529058153768738289586789723e-38,4.2992763458408586139553990020e37,4.0846276618495631146003164065e37,1.0471363520804003986785406528e-12,5.2356817604020019933927032641e-13,5.2356817604020019933927032641e-13,1.0471363520804003986785406989e-12,1.9822313333844223442605569952,1.8930021190136508785749204094e12,-1.9822313333833752079084765948,False,1.0000000000000000000000000000
random,3.0001753328000000000000000000e12,3.0001753628017533280000000000e12,1.0000000100000000000000000000,20000.000000000000000000000000,0.50000100000000000000000000000,1.0000000000000000000000000000,5.5586910000000000000000000000,28.861766264841513864481046324,12.534505826802096938986894277,0.13207440768598896089887402621,22491,4.9273990504676354076693531890e12,0.023032850249880258685275725514,0.000062184314491059512162798382339,6.6807827765616879628138228391e-19,1.2486861350102247054836645478e-8,1.1898454059007506092063410565e-31,1.1577597810834121832509202021e-17,1.6898704162253633287982425497e-30,0.000062196801352421860085941711085,0.83466445324253811680545803990,7.1497853836679234950407412123e-8,2.3817046785002707713124758126e-20,2.0800921452337049853506712106e-19,8.5660595175885730182547688552e-8,7.1497853836911061211715785329e-8,0.000062268299206258771147153426870,0.000061423711887072113069075446482,0.000061423711933043779600444506602,1.0137501836544726776377454670,1.0137501828957463824916786734,1.0471363520804003986785406528e-12,1.0471363416090369825881708269e-12,1.0471363416090369825882799511e-20,0.000061423712934208465149475845161,0.000062268300253395112756190409458,1.0137501834200627578211809280,-8.4458731918664760671456429691e-7,False,0.0011482223659278074548297696235
random,3.0001753328000000000000000000e12,3.0001753328000000000000000000e14,100.00000000000000000000000000,20000.000000000000000000000000,0.50000100000000000000000000000,1.0000000000000000000000000000,5.5586910000000000000000000000,33.344819789767515892327289236,14.481471234754381842922573057,0.0099577566238995707091343627995,22491,4.9273990011936453537098274264e14,0.023032850249880258685275725514,9.0683903339969105617781226583e-6,4.0988815316301145419724537484e-11,1.3273045572686604140314341924e-9,1.4846646499027091550103734707e-24,1.4414003750488228089609090000e-20,2.3297285228717030424900344952e-25,9.0697586273695099390589618074e-6,0.83531013160523619245240799770,35.747289128850840397098542138,2.4430834608104044384678050504e-12,2.3404530384630520759295321895e-13,42.795229910784232448791820042,35.747289128853517525863198847,35.747298198612144895373137906,6.5291005018038651844463954800e-6,8.9733660182513256870926944127e-6,5.4750724374262354122406119632e6,3.9837111431656900407445519333e6,1.0471363520804003986785406528e-12,1.0471363520804003986785406528e-14,1.0366649885595963946917552463e-12,6.5291015489402172648467941585e-6,35.747298198612155366736658710,5.4750715593349197760675276550e6,-35.747291669510606426519393864,False,0.99999974628128321816403021798
random,3.0001753328000000000000000000e12,3.0001753328000000000000000000e14,100.00000000000000000000000000,20000.000000000000000000000000,0.50000100000000000000000000000,1.0000000000000000000000000000,5.5586910000000000000000000000,33.340269585348772278435289467,14.479495106083789697997866215,0.0054075522051559568171345937867,22491,4.9273990011936453537098274264e14,0.023032850249880258685275725514,9.0890453360923386588525691475e-6,4.1076569091474996435039114284e-11,1.3303277485299448208799675944e-9,1.4878546882426174529881572442e-24,1.4446834414663953041327860208e-20,2.3347193737046914921551052730e-25,9.0904167404099745272256254438e-6,0.83533064383130702607649964210,35.748166954281523638599487062,2.4431434541929362103086818877e-12,2.3405105116098710491559121062e-13,42.795229910784232448791820042,35.748166954284200833104840985,35.748176044700941243079368211,6.5439717832087294911389758880e-6,8.9938045842022394135783707367e-6,5.4627643927847757364269926845e6,3.9747557009959033573986168808e6,1.0471363520804003986785406528e-12,1.0471363520804003986785406528e-14,1.0366649885595963946917552463e-12,6.5439728303450815715393745665e-6,35.748176044700951714442889015,5.4627635186584129956536326789e6,-35.748169500728121369361317476,False,0.99999974570963483443306715066
random,3.0001753328000000000000000000e12,3.3001928660800000000000000000e12,1.1000000000000000000000000000,20000.000000000000000000000000,0.50000100000000000000000000000,1.0000000000000000000000000000,5.5586910000000000000000000000,97.222651163281086139516340690,42.223260916217742914399338887,68.397649136321236325890216602,22491,5.4201389013130099272828012080e12,0.023032850249880258685275725514,8.9614279223639543578725351806e-20,3.0726039114305997875929463742e-26,1.7867991811785602523239406722e-23,4.9845914030408031081019998531e-39,1.5114185276235987752267312120e-32,6.6903793118462198629390221166e-38,8.9632177941505557744411087651e-20,0.54510760257375859464930606557,0.44551332756353876624368768254,1.4163477221446931565028877295e-13,1.1245953298106013223711971786e-12,0.81729428366305443074024004808,0.44551332756480499634571275318,0.44551332756480499643534493112,8.7893855010452606610061551872e-20,8.8521950633652435625491915922e-20,5.0687653592145114824781358378e18,5.0328006147148659615360617897e18,1.0471363520804003986785406528e-12,9.5194213825490945334412786620e-13,9.5194213825490945334412786620e-14,1.0471364399742554091311472629e-12,0.44551332756575693857359984057,4.2545871823227754274894332065e11,-0.44551332756470980213362558517,False,0.99999999999999999979881145547
random,3.0001753328000000000000000000e12,3.0001783329753328000000000000e12,1.0000010000000000000000000000,20000.000000000000000000000000,0.50000100000000000000000000000,1.0000000000000000000000000000,5.5586910000000000000000000000,30.857649508154913129601331722,13.401306905896271580479180745,2.1279566609998881756858266749,22491,4.9274039285926465893782117509e12,0.023032850249880258685275725514,0.000022923469192810939291514587869,2.6312325507393402361491564661e-17,4.6031248030152740937187364759e-9,4.6693223560426139912031679236e-30,4.2679321368252027004513982680e-18,6.6546667789716795761724725733e-29,0.000022928072317644534823252596426,0.82429794982694780064958893541,7.0559802884027920873899443428e-6,2.3518407989291211807392733685e-18,2.0540081118087394724756352067e-17,8.5599876718206186274367461895e-6,7.0559802884256840093069608587e-6,0.000029984052606070218832559557285,0.000022643080895451006560037936379,0.000022643082590138019449420214288,1.3242037487970116733986643922,1.3242036496889999187124478532,1.0471363520804003986785406528e-12,1.0471353049450954535830870697e-12,1.0471353049450954535830882462e-18,0.000022643081942587358640438335057,0.000029984053653205523777655010868,1.3242037338040624431576987403,-7.3409717106181651372166758104e-6,False,0.23532443666394892804143457637
random,3.0001753328000000000000000000e12,3.0001753328000000000000000000e13,10.000000000000000000000000000,20000.000000000000000000000000,0.50000100000000000000000000000,1.0000000000000000000000000000,5.5586910000000000000000000000,31.302923380257935456634530331,13.594686891486308479311825949,0.27064644010836481903436691172,22491,4.9273990011936453541258974596e13,0.023032850249880258685275725514,0.000021625610848241988104287069384,5.1299154152250288707871443109e-11,3.6843659259008938588638414154e-9,3.5035383149223538877614445350e-24,3.7085776052260344675433274213e-19,5.1440185430923771039354114058e-24,0.000021629346513322412114842720559,0.83404539776287815500372216963,17.142795343389093540128826629,2.2009513090805083967536465318e-12,1.9788657626852208199655895453e-12,20.553791663349033139899932972,17.142795343393273357200592358,17.142816972739786679612707201,0.000018123644105674762017837041785,0.000021381513915206508576958388910,945881.35105633282189964460077,801758.80158550581334892446080,1.0471363520804003986785406528e-12,1.0471363520804003986785406528e-13,9.4242271687236035881068658753e-13,0.000018123645152811114098237440464,17.142816972739891393247915241,945881.29640581222401953887708,-17.142798849094738582133817003,False,0.99999873828516353426465986330
random,3.0001753328000000000000000000e12,3.0001783329753328000000000000e12,1.0000010000000000000000000000,20000.000000000000000000000000,0.50000100000000000000000000000,1.0000000000000000000000000000,5.5586910000000000000000000000,93.356975908731023950636533618,40.544419484336702528783972419,64.627283061575998996721028571,22491,4.9274039285926465893782117509e12,0.023032850249880258685275725514,6.1478612061243693253398481790e-19,2.1350126324266140522465649760e-30,1.2345152544485495267975537373e-22,3.6343532231310727803663193588e-43,1.1446196992987382569489850085e-31,5.3618417372471034400524500969e-42,6.1490957214013126208902678643e-19,0.55734041565809695833293362192,4.7708270870252111085923103669e-6,1.5901724961368763303609905850e-18,1.3887960476438403850002054927e-17,8.5599876718206186274367461895e-6,4.7708270870406892415648856470e-6,4.7708270870413041511370257783e-6,6.0726636729110721864674516050e-19,6.0726641274103652661050383116e-19,7.8562346673717524159909514795e12,7.8562340793838400809023432376e12,1.0471363520804003986785406528e-12,1.0471353049450954535830870697e-12,1.0471353049450954535830882462e-18,1.0471369593467676897857592996e-12,4.7708281341766090962324793614e-6,4.5560688996717110520674246909e6,-4.7708270870396497494647895756e-6,False,0.99999999999987111048861729421
random,3.0001753328000000000000000000e12,6.0003506656000000000000000000e12,2.0000000000000000000000000000,20000.000000000000000000000000,0.50000100000000000000000000000,1.0000000000000000000000000000,5.5586910000000000000000000000,29.677229553230085933399625122,12.888657033143933877608362024,0.25439052551461567040022103655,22491,9.8547980023872907284248872761e12,0.023032850249880258685275725514,0.000043522725738824377305206996529,3.2057399121063689205386687406e-11,8.3057276520560831690612273106e-9,4.1075859550634333229224597667e-24,3.9497093868861315182799368400e-18,2.9297242903431681385344117988e-23,0.000043531063523879504194856978133,0.83405671520280342143185812802,5.0124791546430368789748184135,1.2034185689441011063986129378e-12,5.2704538471718339979452963991e-12,6.0097581654632577755302152453,5.0124791546495107513909343486,5.0125226857130346308951292056,0.000040856433653944108618426730891,0.000043003454249800752592439513412,122686.25128099370293068382852,116560.93151485055632065413908,1.0471363520804003986785406528e-12,5.2356817604020019933927032641e-13,5.2356817604020019933927032641e-13,0.000040856434701080460698827129569,5.0125226857135581990711694058,122686.24813660014562340212690,-5.0124818292788571186104705787,False,0.99999131553785323423789482259
random,3.0001753328000000000000000000e12,3.0001753628017533280000000000e12,1.0000000100000000000000000000,20000.000000000000000000000000,0.50000100000000000000000000000,1.0000000000000000000000000000,5.5586910000000000000000000000,28.758926264273959488756660899,12.489842982036680787474106685,0.029234407118434585174488601649,22491,4.9273990504676354076693531890e12,0.023032850249880258685275725514,0.000065465467483731432820669194362,7.0082326921262644283322515150e-19,1.3145730115051934418558368206e-8,1.2484533852121288726156436271e-31,1.2188489319663602040232471845e-17,1.7727681046173826800623214226e-30,0.000065478613213859374067676630856,0.83520211646321956488906013937,7.1543910388166842052066122423e-8,2.3832388938405548540026959590e-20,2.0814320717607971281192100513e-19,8.5660595175885730182547688552e-8,7.1543910388398817648180607685e-8,0.000065550157124247772885324811463,0.000064664731712228516282997311796,0.000064664731760625876053120399618,1.0136925552549971682235546396,1.0136925544963140041986794883,1.0471363520804003986785406528e-12,1.0471363416090369825881708269e-12,1.0471363416090369825882799511e-20,0.000064664732759364868363397710474,0.000065550158171384114494361794052,1.0136925550332691532776641561,-8.8542541201924613096408357745e-7,False,0.0010914376643337424594048248928
random,3.0001753328000000000000000000e12,3.0001753628017533280000000000e12,1.0000000100000000000000000000,20000.000000000000000000000000,0.50000100000000000000000000000,1.0000000000000000000000000000,5.5586910000000000000000000000,28.767368265300804339621417789,12.493509296498861091904468998,0.037676408145279436039245491805,22491,4.9273990504676354076693531890e12,0.023032850249880258685275725514,0.000065189720086236636363333884388,6.9807618695233660934307218327e-19,1.3090358924610266037327518914e-8,1.2435359776640527847732745156e-31,1.2137150127590688551773116281e-17,1.7658134057859341495295188576e-30,0.000065202810445174081855685756823,0.83515796734771093674997616771,7.1540128548655896300942418750e-8,2.3831129148863175470954025709e-20,2.0813220464350129143222063879e-19,8.5660595175885730182547688552e-8,7.1540128548887859634734783217e-8,0.000065274350573722969715320491606,0.000064392357097569613995062374799,0.000064392357145763119022904011311,1.0136971764337952018558732666,1.0136971756751085791782400955,1.0471363520804003986785406528e-12,1.0471363416090369825881708269e-12,1.0471363416090369825882799511e-20,0.000064392358144705966075462773477,0.000065274351620859311324357474194,1.0136971762110541460955392210,-8.8199347615334524889470071643e-7,False,0.0010959914257298985601917026174
random,3.0001753328000000000000000000e12,3.0004753503332800000000000000e12,1.0001000000000000000000000000,20000.000000000000000000000000,0.50000100000000000000000000000,1.0000000000000000000000000000,5.5586910000000000000000000000,30.136903430523661002012610462,13.088290861527606016455080333,1.4071115883678027400951053311,22491,4.9278917410937647602640683276e12,0.023032850249880258685275725514,0.000032869383925694541563872661059,3.6845046384081633039288628470e-15,6.6002558715052747971963128122e-9,6.5476664137380237926494422694e-28,6.1190518490127886362432435000e-18,9.3195071520241560225364506941e-27,0.000032875984185256670528937007738,0.82802706747469601166953921864,0.00070875134669473629966058684134,2.3622481730389390527413729944e-16,2.0628932895686667696358914439e-15,0.00085595190608753187263474810401,0.00070875134669703541776745940202,0.00074162733088229208829639640976,0.000032467103114664910453253852763,0.000032467346098191617676256789632,22.842423860948345214092100232,22.842252909719640272439924534,1.0471363520804003986785406528e-12,1.0470316489155088477937612767e-12,1.0470316489155088477937612794e-16,0.000032467104161801262533654251442,0.00074162733192932373721190525755,22.842423156478349013380703152,-0.00070916022776752247467825100611,False,0.95567047920665884163815604015
random,3.0001753328000000000000000000e12,3.3001928660800000000000000000e12,1.1000000000000000000000000000,20000.000000000000000000000000,0.50000100000000000000000000000,1.0000000000000000000000000000,5.5586910000000000000000000000,28.828218004298148599556116038,12.519936002370660815612583244,0.0032159773382987859299919504916,22491,5.4201389013130099272828012080e12,0.023032850249880258685275725514,0.000063685369511487834800891036065,6.4744744613052990141303489717e-12,1.2698084176094429551389993242e-8,1.1005625850306718075522243652e-24,1.0741061385764780263874803027e-17,1.4209612406260925656312972080e-23,0.000063698074070149131612437379960,0.83533825529518050225271802415,0.68271718097587982658455617612,2.1704511724317065319543519533e-13,1.7233615827069355082086481824e-12,0.81729428366305443074024004808,0.68271718097782023328450628228,0.68278087905189038241611871966,0.000062462731192209603182402369844,0.000062909094229423850211382857102,10931.012237534808682277579366,10853.452706882878877827954506,1.0471363520804003986785406528e-12,9.5194213825490945334412786620e-13,9.5194213825490945334412786620e-14,0.000062462732239345955262802768523,0.68278087905284232455437362912,10931.012054300615644358634361,-0.68271841632060297859911082635,False,0.99990670788239032076357653595
random,3.0001753328000000000000000000e12,3.0004753503332800000000000000e12,1.0001000000000000000000000000,20000.000000000000000000000000,0.50000100000000000000000000000,1.0000000000000000000000000000,5.5586910000000000000000000000,445.97313147715965990119398520,193.68367007764386394096722762,417.24333963500380163927648007,22491,4.9278917410937647602640683276e12,0.023032850249880258685275725514,1.6561587218520695118356779531e-95,2.7478300518119020625290714793e-104,3.3256088257570880820320216168e-99,4.5997603193919356911168476672e-117,3.0831490824765816306031933831e-108,6.8808740439334767590594935780e-116,1.6564912854827835873713717260e-95,0.061263716061022641030062133122,0.000052438794536267563513232906227,1.7477701759206029453779179127e-17,1.5262847522817950552365647551e-16,0.00085595190608753187263474810401,0.000052438794536437669690220291762,0.000052438794536437669690220291762,1.6358893771230484045393274007e-95,1.6359016201053912517025295438e-95,3.2055220401674706860473562118e90,3.2054980502470163928173615824e90,1.0471363520804003986785406528e-12,1.0470316489155088477937612767e-12,1.0470316489155088477937612794e-16,1.0471363520804003986785406528e-12,0.000052438795583469318605729139556,5.0078287779128695842610287142e7,-0.000052438794536332966525328740877,False,1.0000000000000000000000000000
random,3.0001753328000000000000000000e12,3.0001753628017533280000000000e12,1.0000000100000000000000000000,20000.000000000000000000000000,0.50000100000000000000000000000,1.0000000000000000000000000000,5.5586910000000000000000000000,28.750171096638924482872613269,12.486040661044647141009124892,0.020479239483399579290440971851,22491,4.9273990504676354076693531890e12,0.023032850249880258685275725514,0.000065752676236334212050109116503,7.0368361377940817853053486053e-19,1.3203402791861812960796068128e-8,1.2535736520851282611085266188e-31,1.2241962409342260654465494886e-17,1.7800095739861497525023298962e-30,0.000065765879639139019509093036145,0.83524790581083568531501138962,7.1547832730936341734291733889e-8,2.3833695531767936519542302000e-20,2.0815461847578723623999677080e-19,8.5660595175885730182547688552e-8,7.1547832731168330048299289062e-8,0.000065837427471870187839141335434,0.000064948427493322233460333647216,0.000064948427541931921131915611092,1.0136877829511631855567431760,1.0136877821924835932919186282,1.0471363520804003986785406528e-12,1.0471363416090369825881708269e-12,1.0471363416090369825882799511e-20,0.000064948428540458585540734045895,0.000065837428519006529448178318022,1.0136877827304806240074021125,-8.8899997854794390744427212734e-7,False,0.0010867349390548101192525070401
random,3.0001753328000000000000000000e12,3.0001753328000000000000000000e14,100.00000000000000000000000000,20000.000000000000000000000000,0.50000100000000000000000000000,1.0000000000000000000000000000,5.5586910000000000000000000000,33.339806689432108543712711536,14.479294072941487090492263791,0.0049446562884922220945566623691,22491,4.9273990011936453537098274264e14,0.023032850249880258685275725514,9.0911492205390511229515402692e-6,4.1085506831679275136273042311e-11,1.3306356858056065435248875130e-9,1.4881795958674289467912576112e-24,1.4450178491968589897456678966e-20,2.3352276933161083853754604041e-25,9.0925209417317028606703957635e-6,0.83533273058461676820849101024,35.748256257369181136392585438,2.4431495574500438730691902370e-12,2.3405163584779258196625906402e-13,42.795229910784232448791820042,35.748256257371858337585883275,35.748265349892800069288743945,6.5454865474051128772514723463e-6,8.9958864228202443130881015603e-6,5.4615138372050908875773540319e6,3.9738457856925214592805287463e6,1.0471363520804003986785406528e-12,1.0471363520804003986785406528e-14,1.0366649885595963946917552463e-12,6.5454875945414649576518710249e-6,35.748265349892810540652264749,5.4615129634810812927141324353e6,-35.748258804405215999187307097,False,0.99999974565140846032773973297
random,3.0001753328000000000000000000e12,3.0001753328000000000000000000e13,10.000000000000000000000000000,20000.000000000000000000000000,0.50000100000000000000000000000,1.0000000000000000000000000000,5.5586910000000000000000000000,33.019273728506798620359076032,14.340088376743514354787032801,1.9869967883572279827589126132,22491,4.9273990011936453541258974596e13,0.023032850249880258685275725514,9.1678529981635724825918117161e-6,2.2939949246979430383056241094e-11,1.5619316114184173830772780255e-9,1.5618210770313316712602119402e-24,1.5721957893160609013130864597e-19,2.2990678002094711703044210423e-24,9.1694378697243951028450925337e-6,0.82578785844137223627265736452,16.973071600522989738875940490,2.1791605983731527781317958684e-12,1.9592738293310118610594543728e-12,20.553791663349033139899932972,16.973071600527128173303644655,16.973080769964997897698747500,7.6832467816911245528146834323e-6,9.0643717686586137822566374097e-6,2.2091026427019346863849793993e6,1.8725049240204266462292653890e6,1.0471363520804003986785406528e-12,1.0471363520804003986785406528e-13,9.4242271687236035881068658753e-13,7.6832478288274766332150821108e-6,16.973080769965102611333955540,2.2091023416272291097645304095e6,-16.973073086717273783857322325,False,0.99999945976584958280944810206
random,3.0001753328000000000000000000e12,3.0001753628017533280000000000e12,1.0000000100000000000000000000,20000.000000000000000000000000,0.50000100000000000000000000000,1.0000000000000000000000000000,5.5586910000000000000000000000,28.865840572145576466713298174,12.536275275981829441533666425,0.13614871499005156313112587676,22491,4.9273990504676354076693531890e12,0.023032850249880258685275725514,0.000062057764432417224152408198714,6.6681280440766463845945488767e-19,1.2461449587521174418624291699e-8,1.1875807389530334027464318879e-31,1.1554036472353683437238091501e-17,1.6866668033747354350266096333e-30,0.000062070225882016966176103586159,0.83464315927145944032429205499,7.1496029782442983339921354303e-8,2.3816439164175620733880128727e-20,2.0800390778941177826594584228e-19,8.5660595175885730182547688552e-8,7.1496029782674803686874941702e-8,0.000062141721911799640979790461101,0.000061298709715624945963112596905,0.000061298709761503056472468020450,1.0137525275831346335228842519,1.0137525268244065840981613879,1.0471363520804003986785406528e-12,1.0471363416090369825881708269e-12,1.0471363416090369825882799511e-20,0.000061298710762761298043512995584,0.000062141722958935982588827443689,1.0137525273482066577553985427,-8.4301219617468454531444810506e-7,False,0.0011505318421036373151133273410
random,3.0001753328000000000000000000e12,3.0001753328000000000000000000e13,10.000000000000000000000000000,20000.000000000000000000000000,0.50000100000000000000000000000,1.0000000000000000000000000000,5.5586910000000000000000000000,142.04567326096057742843401769,61.689652075467465518639801358,111.01339632081100679083385427,22491,4.9273990011936453541258974596e13,0.023032850249880258685275725514,1.9385892120542674554686562705e-29,2.0868669997931306588828906889e-34,3.3027839478543278821159020461e-33,1.3585205329641664785072576711e-47,3.3244880748150932664320045059e-43,2.0757704192624023549615765764e-47,1.9389403591190840678784957928e-29,0.43891095486861411248606277456,9.0212843251288848728014564213,1.1582362821963502943063842934e-12,1.0413652107986441285719440381e-12,20.553791663349033139899932972,9.0212843251310844742944514157,9.0212843251310844742944514157,1.6246616658797492517075468642e-29,1.9167075790035838621508515814e-29,5.5527156912673796608337037013e29,4.7066565729451923171769418489e29,1.0471363520804003986785406528e-12,1.0471363520804003986785406528e-13,9.4242271687236035881068658753e-13,1.0471363520804004149251573116e-12,9.0212843251311891879296594558,8.6151954396465493921853205026e12,-9.0212843251301420515775790553,False,1.0000000000000000000000000000
random,3.0001753328000000000000000000e12,3.0001753328000000000000000000e14,100.00000000000000000000000000,20000.000000000000000000000000,0.50000100000000000000000000000,1.0000000000000000000000000000,5.5586910000000000000000000000,39.400561438930893406312492869,17.111446416817734676955729585,6.0656994057872770846943379950,22491,4.9273990011936453537098274264e14,0.023032850249880258685275725514,4.3907894731301897157609271980e-7,2.3450555021201826953695580759e-12,6.4266255234343187327924431232e-11,8.4202028583680864480158096384e-26,6.9790617300664979224959333246e-22,1.3309005943801572577349638709e-26,4.3914555862375613294980005496e-7,0.80845256769545335527752615530,34.597913506488188886113385590,2.3645314743050398034605614027e-12,2.2652009079309233605508252742e-13,42.795229910784232448791820042,34.597913506490779937678483722,34.597913945636338561434616672,3.1613003737669963802959035526e-7,4.3447800106015495644793446561e-7,1.0944203288221411364805564107e8,7.9630991353336989194692930093e7,1.0471363520804003986785406528e-12,1.0471363520804003986785406528e-14,1.0366649885595963946917552463e-12,3.1613108451305171842998903380e-7,34.597913945636349032798137476,1.0944167037205082933435625774e8,-34.597913629505264519746419046,False,0.99999998730716657328574687897
random,3.0001753328000000000000000000e12,3.0001753628017533280000000000e12,1.0000000100000000000000000000,20000.000000000000000000000000,0.50000100000000000000000000000,1.0000000000000000000000000000,5.5586910000000000000000000000,580.58374476842440318158612336,252.14431663565266993409759436,551.85405291126887827800395106,22491,4.9273990504676354076693531890e12,0.023032850249880258685275725514,9.7448564658109490105876422208e-125,2.1066079780829579042051227708e-137,1.9568065123998998703190786642e-128,3.5208097350686179777700433323e-150,1.8143165170967102230537520310e-137,5.2719408313984416011985547697e-149,9.7468132723272698349531465916e-125,0.026371358870389155106920175680,2.2589862964270840304778803750e-9,7.5250345879728496431653293217e-22,6.5720848937957420996464436003e-21,8.5660595175885730182547688552e-8,2.2589862964344086188304734021e-9,2.2589862964344086188304734021e-9,9.6256630122199329290602082775e-125,9.6256630194241177063439638888e-125,2.3468370891091755823946582201e115,2.3468370873527201571415980944e115,1.0471363520804003986785406528e-12,1.0471363416090369825881708269e-12,1.0471363416090369825882799511e-20,1.0471363520804003986785406528e-12,2.2600334327760176558130615729e-9,2158.2990871111401820016229945,-2.2589862964239372554143830323e-9,False,1.0000000000000000000000000000
random,3.0001753328000000000000000000e12,3.0031755081328000000000000000e12,1.0010000000000000000000000000,20000.000000000000000000000000,0.50000100000000000000000000000,1.0000000000000000000000000000,5.5586910000000000000000000000,36.721600163576584463050475014,15.947988317698860315157714309,7.9909088160879759763014936507,22491,4.9323264001948390410446204074e12,0.023032850249880258685275725514,1.2217206017037659247921153448e-6,1.6678871884758296834192266923e-15,2.4530818773111847042332371894e-10,2.9295784140083173693896004725e-28,2.2722665814917911832831105957e-19,4.2049368966870143966989249611e-27,1.2219659115596114584010154258e-6,0.79458613027128241558319950747,0.0067983299021413098235005509119,2.2648454680529054533325968494e-15,1.9760556403424066333938297980e-14,0.0085558124452062783400959540012,0.0067983299021633352253720278837,0.0067995518680748948368304288991,1.2066874953017484597935273584e-6,1.2067777646005962877661556387e-6,5634.8904704399669910144747606,5634.4689697902435746577223702,1.0471363520804003986785406528e-12,1.0460902618185818168616789738e-12,1.0460902618185818168616789755e-15,1.2066885424381005401939260370e-6,0.0067995518691209850986490107160,5634.8855814795154336286637054,-0.0067983451805785469981088167900,False,0.99982028728727006867739879215
random,3.0001753328000000000000000000e12,3.0001753328000000000000000000e13,10.000000000000000000000000000,20000.000000000000000000000000,0.50000100000000000000000000000,1.0000000000000000000000000000,5.5586910000000000000000000000,31.034191575825497716875454204,13.477978151709396938056759781,0.0019146356759270792752907849055,22491,4.9273990011936453541258974596e13,0.023032850249880258685275725514,0.000024735617325853248741680209618,5.8172811571191130830307982153e-11,4.2142192547086430411459657705e-9,3.9750491921728658339418896905e-24,4.2419128462934392040933151886e-19,5.8337951787723284673003296613e-24,0.000024739889717919952776945659607,0.83534574972014343605283415717,17.169522506607745755250445704,2.2043827905685485727850542080e-12,1.9819509927872932199955910175e-12,20.553791663349033139899932972,17.169522506611932089033801545,17.169547246501650008986578491,0.000020730028311980393704458813171,0.000024456416503811688421858005241,828245.23865116701100220639622,702046.73051040272456501586123,1.0471363520804003986785406528e-12,1.0471363520804003986785406528e-13,9.4242271687236035881068658753e-13,0.000020730029359116745784859211849,17.169547246501754722621786531,828245.19681400517726415165504,-17.169526516472395605876001672,False,0.99999855908316260577085501804
random,3.0001753328000000000000000000e12,3.0001783329753328000000000000e12,1.0000010000000000000000000000,20000.000000000000000000000000,0.50000100000000000000000000000,1.0000000000000000000000000000,5.5586910000000000000000000000,28.739926974874550425216059734,12.481591695490434483642956324,0.010234127719525471300554686983,22491,4.9274039285926465893782117509e12,0.023032850249880258685275725514,0.000066090334316669922250090797572,7.0654397430675107094129184082e-17,1.3271204919892419393378156079e-8,1.2594395859125973490131816520e-29,1.2304815618924606338328762934e-17,1.7883028217036469397046810700e-28,0.000066103605521672773882533966866,0.83530149072515442469639910063,7.1501704628375091819496423728e-6,2.3832354862779377658981007893e-18,2.0814270351098110497961005736e-17,8.5599876718206186274367461895e-6,7.1501704628607066877870184210e-6,0.000073253775984533480570320985287,0.000065281950727120948944312090669,0.000065281955613049440042998887624,1.1221137721624591442515439589,1.1221136881795637457128110081,1.0471363520804003986785406528e-12,1.0471353049450954535830870697e-12,1.0471353049450954535830882462e-18,0.000065281951774257301024712489347,0.000073253777031668785515416438870,1.1221137702037122995117855635,-7.9718252574114844907039495228e-6,False,0.097608217006729674557908503881
random,3.0001753328000000000000000000e12,3.0001783329753328000000000000e12,1.0000010000000000000000000000,20000.000000000000000000000000,0.50000100000000000000000000000,1.0000000000000000000000000000,5.5586910000000000000000000000,28.776979190801593771010372108,12.497683268409837189123826919,0.047286343646568817094867060287,22491,4.9274039285926465893782117509e12,0.023032850249880258685275725514,0.000064877209584509397536152910891,6.9446915455116847038576072228e-17,1.3027604594968187157466822880e-8,1.2378120913426378614220728692e-29,1.2078953905463316477717407147e-17,1.7577153573804794604955870941e-28,0.000064890237189185891592671146027,0.83510771313655968206803647227,7.1485117290680684388148353531e-6,2.3826826109021456820243553277e-18,2.0809441748298068376434127083e-17,8.5599876718206186274367461895e-6,7.1485117290912605631740355672e-6,0.000072038748918277152155845181594,0.000064083664323979244278858167890,0.000064083669120223808773098253855,1.1241359194767709676687894276,1.1241358353425310347420598661,1.0471363520804003986785406528e-12,1.0471353049450954535830870697e-12,1.0471353049450954535830882462e-18,0.000064083665371115596359258566569,0.000072038749965412457100940635177,1.1241359174483557659854789443,-7.9550845942968607416820686081e-6,False,0.099231480785441454136756872244
random,3.0001753328000000000000000000e12,3.0001753628017533280000000000e12,1.0000000100000000000000000000,20000.000000000000000000000000,0.50000100000000000000000000000,1.0000000000000000000000000000,5.5586910000000000000000000000,28.782342641862985145778136396,12.500012585609757602340188752,0.052650784707460242195964098444,22491,4.9273990504676354076693531890e12,0.023032850249880258685275725514,0.000064703455028564677135154262735,6.9322974343823527304677396215e-19,1.2992714938273129319234856983e-8,1.2348608775303370213875203378e-31,1.2046616344059193332828612478e-17,1.7535438869360372434625701278e-30,0.000064716447743515690110560996898,0.83507966162230957793933065968,7.1533420833612358180971583517e-8,2.3828894704688426603527529569e-20,2.0811268984043265481485446267e-19,8.5660595175885730182547688552e-8,7.1533420833844299765516704598e-8,0.000064787981164349534410326513603,0.000063912039753113124086625431690,0.000063912039800947142718900767675,1.0137054209914141200210304477,1.0137054202327213268264808012,1.0471363520804003986785406528e-12,1.0471363416090369825881708269e-12,1.0471363416090369825882799511e-20,0.000063912040800249476167025830368,0.000064787982211485876019363496191,1.0137054207668640222250151081,-8.7594141123639985233766582235e-7,False,0.0011041156021266261503168061707
random,3.0001753328000000000000000000e12,3.0001753628017533280000000000e12,1.0000000100000000000000000000,20000.000000000000000000000000,0.50000100000000000000000000000,1.0000000000000000000000000000,5.5586910000000000000000000000,29.403128552443565197184682226,12.769616481018189032756727114,0.67343669528804029360250992859,22491,4.9273990504676354076693531890e12,0.023032850249880258685275725514,0.000047437907508165330346605171601,5.1920967782425767151065462078e-19,9.5257233056512904488165205617e-9,9.2360753706310970225820583025e-32,8.8320827947062053547783979378e-18,1.3130444101873581127468478703e-30,0.000047447433231480332929526519990,0.83183983005135152068123256068,7.1255894932975365990940926826e-8,2.3736446512122815259592212594e-20,2.0730528176447476356936541624e-19,8.5660595175885730182547688552e-8,7.1255894933206407719217524405e-8,0.000047518689126413539337245737514,0.000046857674433736062373532401640,0.000046857674468805994120144281785,1.0141068608433022665420405225,1.0141068600843090216420725976,1.0471363520804003986785406528e-12,1.0471363416090369825881708269e-12,1.0471363416090369825882799511e-20,0.000046857675480872414453932800319,0.000047518690173549880946282720102,1.0141068605280536520401381140,-6.6101469267746649234991978324e-7,False,0.0014995341042267600069313033556
random,3.0001753328000000000000000000e12,3.0301770861280000000000000000e12,1.0100000000000000000000000000,20000.000000000000000000000000,0.50000100000000000000000000000,1.0000000000000000000000000000,5.5586910000000000000000000000,28.742320530974446174454880552,12.482631203696745076134552499,0.0026783529657531380244932302794,22491,4.9766729912055818488538446896e12,0.023032850249880258685275725514,0.000066060154649256315222480626754,7.0237747022744300155342310576e-13,1.3255331733391201870639415778e-8,1.2458051912184597427516591444e-25,1.2172928348709460640625340290e-17,1.7514394687612803895778289690e-24,0.000066073410683379349582018997171,0.83534101667452448201830001535,0.071162616358064756653798913529,2.3601860667324463753974463867e-14,2.0408909668810091531417566441e-13,0.085189898422071226902157945475,0.071162616358292447611154338908,0.071228689768975826960736357905,0.000065203869453729510664126553020,0.000065252436973860099517391864377,1092.3997358703028704428987465,1091.5866605489354157857441845,1.0471363520804003986785406528e-12,1.0367686654261390085926145077e-12,1.0367686654261390085926145079e-14,0.000065203870500865862744526951699,0.071228689770012595626162496914,1092.3997183428969513077854349,-0.071163485899511729763417969962,False,0.99907237644132325310044234559
random,3.0001753328000000000000000000e12,3.0001753328000000000000000000e14,100.00000000000000000000000000,20000.000000000000000000000000,0.50000100000000000000000000000,1.0000000000000000000000000000,5.5586910000000000000000000000,33.344991289761057260171072518,14.481545716255223302304927404,0.010129256617440938552917644306,22491,4.9273990011936453537098274264e14,0.023032850249880258685275725514,9.0676127528943200102824742852e-6,4.0985511476451823147462549856e-11,1.3271907457868977477289159341e-9,1.4845445487659252502369471778e-24,1.4412767802705187633722445670e-20,2.3295406225901685573137353818e-25,9.0689809291515977743386519799e-6,0.83530935849671295789188184285,35.747256043493842589684952776,2.4430811996518537858885551332e-12,2.3404508722925199541714260704e-13,42.795229910784232448791820042,35.747256043496519715971833882,35.747265112477448867569608220,6.5285406554606741413252413714e-6,8.9725965851341536015687575446e-6,5.4755368770779310737748693104e6,3.9840490735651383724307017901e6,1.0471363520804003986785406528e-12,1.0471363520804003986785406528e-14,1.0366649885595963946917552463e-12,6.5285417025970262217256400499e-6,35.747265112477459338933129024,5.4755359988368227428111865542e6,-35.747258583935756741906907299,False,0.99999974630280384761227561709
random,3.0001753328000000000000000000e12,3.0001753328000000000000000000e14,100.00000000000000000000000000,20000.000000000000000000000000,0.50000100000000000000000000000,1.0000000000000000000000000000,5.5586910000000000000000000000,36.513632535516463855735906852,15.857669124417842059069054984,3.1787705023728475341177519782,22491,4.9273990011936453537098274264e14,0.023032850249880258685275725514,1.8596501972762747528596574380e-6,9.2043637954679273322571765321e-12,2.7218967102868906707802401487e-10,3.3175602900857343735451072768e-25,2.9558724239786930109169274653e-21,5.2271896849276782600478981754e-26,1.8599315913111018661105196238e-6,0.82114681529561732497321553243,35.141166751081586279367202749,2.4016591292752891248120603631e-12,2.3007688835158849222821449219e-13,42.795229910784232448791820042,35.141166751084218015384829627,35.141168611015809326486695737,1.3389193218444801542083494235e-6,1.8401636091372710600740335626e-6,2.6245919405065969064432281522e7,1.9096763155473517683368174765e7,1.0471363520804003986785406528e-12,1.0471363520804003986785406528e-14,1.0366649885595963946917552463e-12,1.3389203689808322346087481020e-6,35.141168611015819797850216541,2.6245898878784549307309313194e7,-35.141167272095450817017981933,False,0.99999994707257428177663288475
random,3.0001753328000000000000000000e12,3.0031755081328000000000000000e12,1.0010000000000000000000000000,20000.000000000000000000000000,0.50000100000000000000000000000,1.0000000000000000000000000000,5.5586910000000000000000000000,29.667390038976466299896194242,12.884383786398978477271798031,0.93669869148785781314721287889,22491,4.9323264001948390410446204074e12,0.023032850249880258685275725514,0.000041569438952860056000440291973,4.5848501975440916671578772563e-14,8.3466904956048515303413035338e-9,8.1520123856778826109775900112e-27,7.7314605984560653250348792216e-18,1.1583150063611376617646283229e-25,0.000041577785689211894288133989527,0.83046985470810759977116850968,0.0071053443182572567126762250210,2.3671265016267683265351724157e-15,2.0652948472307423592859034073e-14,0.0085558124452062783400959540012,0.0071053443182802767876501592129,0.0071469221039694886819382932025,0.000041057932641204978996623792261,0.000041061004083319108239499842625,174.06921499006431547198510686,174.05619427784283577545480437,1.0471363520804003986785406528e-12,1.0460902618185818168616789738e-12,1.0460902618185818168616789755e-15,0.000041057933688341331077024190940,0.0071469221050155789437568750193,174.06921057610344963724816810,-0.0071058641713272376126798508284,False,0.99418242075618550825906816163
random,3.0001753328000000000000000000e12,3.0001753628017533280000000000e12,1.0000000100000000000000000000,20000.000000000000000000000000,0.50000100000000000000000000000,1.0000000000000000000000000000,5.5586910000000000000000000000,30.508075792184427047625270110,13.249488970031874818340525425,1.7783839350289021440430978122,22491,4.9273990504676354076693531890e12,0.023032850249880258685275725514,0.000027301674182338560819851137089,3.1004736753438573048426515109e-19,5.4822863760851148107248553457e-9,5.5026236609496653352863918715e-32,5.0830793236611878031513174240e-18,7.8377603265291998059649975773e-31,0.000027307156468720039061353058357,0.82610426519962369131826387408,7.0764583034108062378528291203e-8,2.3572782879532097800284698656e-20,2.0587590456382730852661837774e-19,8.5660595175885730182547688552e-8,7.0764583034337511065971650609e-8,0.000027377921051754376572419030008,0.000026967735878985746250011115092,0.000026967735899169348361424719500,1.0152102191525934413824281927,1.0152102183927744043142070535,1.0471363520804003986785406528e-12,1.0471363416090369825881708269e-12,1.0471363416090369825882799511e-20,0.000026967736926122098330411513770,0.000027377922098890718181456012596,1.0152102185619920159537411154,-4.1018517276861985104449882539e-7,False,0.0025847317953969670811853200935
random,3.0001753328000000000000000000e12,3.0031755081328000000000000000e12,1.0010000000000000000000000000,20000.000000000000000000000000,0.50000100000000000000000000000,1.0000000000000000000000000000,5.5586910000000000000000000000,30.392410470825307484352587337,13.199256159218042860078589095,1.6617191233366989976036059738,22491,4.9323264001948390410446204074e12,0.023032850249880258685275725514,0.000028929303426577912899535371169,3.2686989693756636767813529007e-14,5.8086889801160896748761849026e-9,5.8030965782630318295015468100e-27,5.3805337579130002636279969822e-18,8.2558865238059268138943074905e-26,0.000028935112148250399216813159084,0.82670827656572928467669464141,0.0070731609611731846788550722076,2.3564047020836731582359045407e-15,2.0559401814221438307329551923e-14,0.0085558124452062783400959540012,0.0070731609611961004853713773191,0.0071020960733443508845881904782,0.000028573332269226958285606514285,0.000028575469769350007250762344788,248.55680137080825191566083970,248.53820884379808809159511885,1.0471363520804003986785406528e-12,1.0460902618185818168616789738e-12,1.0460902618185818168616789755e-15,0.000028573333316363310366006912964,0.0071020960743904411464067722950,248.55679229847604831067056302,-0.0070735227410740778360407653821,False,0.99592583487333409706023736039
random,3.0001753328000000000000000000e12,3.0001753328000000000000000000e13,10.000000000000000000000000000,20000.000000000000000000000000,0.50000100000000000000000000000,1.0000000000000000000000000000,5.5586910000000000000000000000,31.035624787988709673848128766,13.478600587843276513709034840,0.0033478478391390362479653471900,22491,4.9273990011936453541258974596e13,0.023032850249880258685275725514,0.000024717897981698431907373372337,5.8133824150968924841524882249e-11,4.2112004013550220266729466058e-9,3.9723740078291238372074945922e-24,4.2388741546526345882477229522e-19,5.8298825673437441182959087239e-24,0.000024722167315924361795542608647,0.83533880925187388982307246116,17.169379853668887452245088935,2.2043644754591259170919875709e-12,1.9819345257519586363635974451e-12,20.553791663349033139899932972,17.169379853673073751246300020,17.169404575840389675608095562,0.000020715178369035361238788390185,0.000024438897164992856931620471953,828832.08968670411867932700338,702544.16391728403087335447214,1.0471363520804003986785406528e-12,1.0471363520804003986785406528e-13,9.4242271687236035881068658753e-13,0.000020715179416171713319188788864,17.169404575840494389243303603,828832.04778988590958710629676,-17.169383860661078217529984414,False,0.99999856010339748696337322767
random,3.0001753328000000000000000000e12,3.0001753628017533280000000000e12,1.0000000100000000000000000000,20000.000000000000000000000000,0.50000100000000000000000000000,1.0000000000000000000000000000,5.5586910000000000000000000000,28.730924349824396001854610218,12.477681905108508431849131511,0.0012324926688710982724379203827,22491,4.9273990504676354076693531890e12,0.023032850249880258685275725514,0.000066388493237620560692172084973,7.1001247082350449591002044535e-19,1.3331077412127055105526929391e-8,1.2649032725098383066489421161e-31,1.2360340067477292440917861990e-17,1.7960322987978699784180578284e-30,0.000066401824315045758099815914622,0.83534857472829246594667618371,7.1556456090321373715462326757e-8,2.3836568106857901458003253734e-20,2.0817970647655898848235297363e-19,8.5660595175885730182547688552e-8,7.1556456090553389990045743647e-8,0.000066473380771136311489805960365,0.000065576467548431787213887125229,0.000065576467597511522153776815235,1.0136773640947052399313398673,1.0136773633360334455051618180,1.0471363520804003986785406528e-12,1.0471363416090369825881708269e-12,1.0471363416090369825882799511e-20,0.000065576468595568139294287523908,0.000066473381818272653098842942954,1.0136773638763025732080445652,-8.9691322270451380455541904568e-7,False,0.0010764678320923346535550776450
random,3.0001753328000000000000000000e12,6.0003506656000000000000000000e12,2.0000000000000000000000000000,20000.000000000000000000000000,0.50000100000000000000000000000,1.0000000000000000000000000000,5.5586910000000000000000000000,31.587007256784623910214019141,13.718062951459534004586771621,2.1641682290691536472146150559,22491,9.8547980023872907284248872761e12,0.023032850249880258685275725514,0.000016749935050399930282622416839,1.3131394960252855346243470902e-11,3.1965001354257547507538245750e-9,1.6761320622298093898095646855e-24,1.5200650826720177769149125043e-18,1.1992883693014697411661516348e-23,0.000016753144681931836368980204680,0.82437420050533896475765374840,4.9542895828778070102584833272,1.1894481545003187616064533388e-12,5.2092694625761881616777290829e-12,6.0097581654632577755302152453,4.9542895828842057278755598341,4.9543063360288876597119288143,0.000015723799428400023187595492463,0.000016550090864011775182464997617,315083.28242094688214690262119,299352.21363660561064911485281,1.0471363520804003986785406528e-12,5.2356817604020019933927032641e-13,5.2356817604020019933927032641e-13,0.000015723800475536375267995891142,4.9543063360294112278879690145,315083.26143781141811348528208,-4.9542906122289356915127010186,False,0.99999661846814757920697386557
random,3.0001753328000000000000000000e12,3.0001753328000000000000000000e13,10.000000000000000000000000000,20000.000000000000000000000000,0.50000100000000000000000000000,1.0000000000000000000000000000,5.5586910000000000000000000000,42.232063386316095590341188907,18.341152088065439675521953167,11.199786446166524952741025488,22491,4.9273990011936453541258974596e13,0.023032850249880258685275725514,9.1566325238688430092681856142e-8,2.9304706890720481044996148518e-13,1.5600199737100513871718247139e-11,1.9702960824228088173513422780e-26,1.5702715893486490732829581050e-21,2.9306805339474690289703014661e-26,9.1582218485496008131963139164e-8,0.78284136358718156707477089345,16.090358292619078638042234913,2.0658296642018410251959838755e-12,1.8573784786435705720832985836e-12,20.553791663349033139899932972,16.090358292623001846185080325,16.090358384205220331681088457,7.6738433070682987924086760512e-8,9.0532779443522599922868777914e-8,2.0967796370541675453737782129e8,1.7772964094450373490265708788e8,1.0471363520804003986785406528e-12,1.0471363520804003986785406528e-13,9.4242271687236035881068658753e-13,7.6739480207035068324485439053e-8,16.090358384205325045316296497,2.0967510257816740297304484196e8,-16.090358307465844838281228172,False,0.99999999430825490031372651651
random,3.0001753328000000000000000000e12,3.0004753503332800000000000000e12,1.0001000000000000000000000000,20000.000000000000000000000000,0.50000100000000000000000000000,1.0000000000000000000000000000,5.5586910000000000000000000000,28.740493145094289813589061590,12.481837580092685251557407843,0.010701302938431551671556459254,22491,4.9278917410937647602640683276e12,0.023032850249880258685275725514,0.000066072114367646320849163988120,7.0631923645331747405857211964e-15,1.3267448571097940386618242127e-8,1.2589824724862723038731378657e-27,1.2300160371228731053451779257e-17,1.7874786931312084381096512618e-26,0.000066085381823292911314474143603,0.83529904738111213231916909287,0.00071497581175664321823991588909,2.3829941388691349498926666635e-16,2.0810102318041117812769920388e-15,0.00085595190608753187263474810401,0.00071497581175896252788560691437,0.00078106119358225543920008105797,0.000065263472994435743730078164898,0.000065263961425718859555823508942,11.967815345175507757175911067,11.967725778816410931073106174,1.0471363520804003986785406528e-12,1.0470316489155088477937612767e-12,1.0470316489155088477937612794e-16,0.000065263474041572095810478563577,0.00078106119462928708811558990577,11.967815169198010042487035106,-0.00071579772058771499230511134219,False,0.91539026344376524158546880904
random,3.0001753328000000000000000000e12,3.0004753503332800000000000000e12,1.0001000000000000000000000000,20000.000000000000000000000000,0.50000100000000000000000000000,1.0000000000000000000000000000,5.5586910000000000000000000000,30.994665219257567071834003443,13.460812073162204303514114141,2.2648733771017088099164983121,22491,4.9278917410937647602640683276e12,0.023032850249880258685275725514,0.000021405775105847509232168890369,2.4677832455242655207974258704e-15,4.2983340711794645006551419592e-9,4.3778998739982373017024245096e-28,3.9849559710973623062316437706e-18,6.2401074741214644824824630964e-27,0.000021410073442390456898171586292,0.82359158953414012471418931456,0.00070495479089712060347674819589,2.3495943600499658972106340728e-16,2.0518430255869495236682974959e-15,0.00085595190608753187263474810401,0.00070495479089940740593834014200,0.00072636486434179786283651172829,0.000021143794759949795011255153247,0.000021143952999931988732986656575,34.353571465689093905359679997,34.353314365773243786184903972,1.0471363520804003986785406528e-12,1.0470316489155088477937612767e-12,1.0470316489155088477937612794e-16,0.000021143795807086147091655551925,0.00072636486538882951175202057609,34.353569813864503124245962827,-0.00070522106958174336466036502416,False,0.97052435422824121601832000156
random,3.0001753328000000000000000000e12,3.0001753328000000000000000000e14,100.00000000000000000000000000,20000.000000000000000000000000,0.50000100000000000000000000000,1.0000000000000000000000000000,5.5586910000000000000000000000,67.844087534072981924232663338,29.464312845809091561381598893,34.509225500929365602614508465,22491,4.9273990011936453537098274264e14,0.023032850249880258685275725514,2.9248890716371101459375668556e-13,2.6898972032977560074827743552e-18,4.2810448726881635114691526505e-17,9.4627843379888857025367268442e-32,4.6490458058787062601841204799e-28,1.5213523707245098016484220449e-32,2.9253440750964165899930081482e-13,0.69340943923960160718130797864,29.674616374564498194803890347,2.0280576859765559802542651186e-12,1.9428618995061563945382654260e-13,42.795229910784232448791820042,29.674616374566720538679817519,29.674616374567013073087327161,2.1058748026927402888297298363e-13,2.8942402384453925672068717941e-13,1.4091348800328808927524781237e14,1.0252990052583329301366971975e14,1.0471363520804003986785406528e-12,1.0471363520804003986785406528e-14,1.0366649885595963946917552463e-12,1.2577238323496744275615136364e-12,29.674616374567023544450847965,2.3593904807487847926023628171e13,-29.674616374565765820618498290,False,0.99999999999999014193127833114
random,3.0001753328000000000000000000e12,6.0003506656000000000000000000e12,2.0000000000000000000000000000,20000.000000000000000000000000,0.50000100000000000000000000000,1.0000000000000000000000000000,5.5586910000000000000000000000,29.469998405800955818183124978,12.798657689336983417277339569,0.047159378085485555183720892403,22491,9.8547980023872907284248872761e12,0.023032850249880258685275725514,0.000048274274811288447356989173487,3.5308938996254934609564143206e-11,9.2124969743198656058108193779e-9,4.5262216337753485722551200850e-24,4.3809148698878577786578970385e-18,3.2271291966209748312917063645e-23,0.000048283522617206144429196995328,0.83511418671004609273212764239,5.0188343026684250533584303252,1.2049443415021887242766499780e-12,5.2771360723395392381663717802e-12,6.0097581654632577755302152453,5.0188343026749071337722720531,5.0188825861975243399167012501,0.000045316893014820336748274134248,0.000047698312388502228580986276955,110750.80951724029376257626919,105221.38698155148557880983980,1.0471363520804003986785406528e-12,5.2356817604020019933927032641e-13,5.2356817604020019933927032641e-13,0.000045316894061956688828674532926,5.0188825861980479080927414503,110750.80695813562650306373932,-5.0188372693039859514039127758,False,0.99999037962698111505759005431
random,3.0001753328000000000000000000e12,3.0004753503332800000000000000e12,1.0001000000000000000000000000,20000.000000000000000000000000,0.50000100000000000000000000000,1.0000000000000000000000000000,5.5586910000000000000000000000,29.373452389704080746789468892,12.756728287296368046932656032,0.64366054754822248487196376076,22491,4.9278917410937647602640683276e12,0.023032850249880258685275725514,0.000048147401265977960196430341858,5.2603736843895949452476879457e-15,9.6681206018915859905561923434e-9,9.3632355694001416028519109087e-28,8.9632481523767339471037281899e-18,1.3309181482645433932874186229e-26,0.000048157069391849188714977115234,0.83199495365417696194716007867,0.00071214766643319037632935249413,2.3735680105738295020173127245e-16,2.0727786255618330138947228167e-15,0.00085595190608753187263474810401,0.00071214766643550051175597171010,0.00076030473582734970047094882533,0.000047558136323439569358180393946,0.000047558492248131916567539332483,15.986848825542073409758713000,15.986729180995308874477652473,1.0471363520804003986785406528e-12,1.0470316489155088477937612767e-12,1.0470316489155088477937612794e-16,0.000047558137370575921438580792624,0.00076030473687438134938645767312,15.986848495559029935207114195,-0.00071274659950380542794787688050,False,0.93666083200251863873479388042
random,3.0001753328000000000000000000e12,3.0001753628017533280000000000e12,1.0000000100000000000000000000,20000.000000000000000000000000,0.50000100000000000000000000000,1.0000000000000000000000000000,5.5586910000000000000000000000,28.846099803682864481438014526,12.527701969169943886842875104,0.11640794652733957785584222819,22491,4.9273990504676354076693531890e12,0.023032850249880258685275725514,0.000062673331355329372014778240816,6.7296654217671400626141053971e-19,1.2585057910311613592791292199e-8,1.1985935744771491541527792571e-31,1.1668643931122955973236255142e-17,1.7022453725581554051393757250e-30,0.000062685916413252025238844333600,0.83474633753972820356355926479,7.1504868094312074146421866559e-8,2.3819383343280177159437297352e-20,2.0802962115297373478918455595e-19,8.5660595175885730182547688552e-8,7.1504868094543923150918120471e-8,0.000062757421281346569161995251721,0.000061906747379618226022026574693,0.000061906747425951413306602007047,1.0137412146128745486375062192,1.0137412138541549662376489777,1.0471363520804003986785406528e-12,1.0471363416090369825881708269e-12,1.0471363416090369825882799511e-20,0.000061906748426754578102426973371,0.000062757422328482910771032234309,1.0137412143804453518227657891,-8.5067390172833266860526093792e-7,False,0.0011393850581269400170612971955
random,3.0001753328000000000000000000e12,3.0004753503332800000000000000e12,1.0001000000000000000000000000,20000.000000000000000000000000,0.50000100000000000000000000000,1.0000000000000000000000000000,5.5586910000000000000000000000,797.52856607233728201550988013,346.36225540542906325869927451,768.79877423018142375359237500,22491,4.9278917410937647602640683276e12,0.023032850249880258685275725514,7.5824454082530323940046605271e-172,2.2501481099248775659080355069e-180,1.5225743183786428795924125775e-175,3.7592473740599049815721232542e-193,1.4115681845542486568566956672e-184,5.6328064712279098990520123367e-192,7.5839680050743037043776701595e-172,0.0067790654394469781362279006955,5.8025539843679299125686786964e-6,1.9339748153503942527759773400e-18,1.6888926888865735686913104346e-17,0.00085595190608753187263474810401,5.8025539843867528142728948264e-6,5.8025539843867528142728948264e-6,7.4896456072188705124814993526e-172,7.4897016596636174938586345981e-172,7.7474346433614696866817320997e165,7.7473766620596754344329528372e165,1.0471363520804003986785406528e-12,1.0470316489155088477937612767e-12,1.0470316489155088477937612794e-16,1.0471363520804003986785406528e-12,5.8025550314184017297817426201e-6,5.5413557364235928267665255512e6,-5.8025539842820496493813439416e-6,False,1.0000000000000000000000000000
random,3.0001753328000000000000000000e12,3.0001753328000000000000000000e14,100.00000000000000000000000000,20000.000000000000000000000000,0.50000100000000000000000000000,1.0000000000000000000000000000,5.5586910000000000000000000000,80.515036858902647572325441547,34.967236218058349753150814141,47.180174825759031250707286674,22491,4.9273990011936453537098274264e14,0.023032850249880258685275725514,5.1837937496189317070939456361e-16,5.6577237592032450354932180766e-21,7.5873146329128329924253117076e-20,1.9813603128754168780934228811e-34,8.2395243032984967139662962918e-31,3.1974852160688178907151135354e-35,5.1846090583198232646689552325e-16,0.64757800067657137971721776961,27.713249424117783970457143013,1.8940116289470408045780363739e-12,1.8144469245365119731908724045e-13,42.795229910784232448791820042,27.713249424119859426778543705,27.713249424119859945239449537,3.7322511631418971787213341423e-16,5.1294746879242560348889763138e-16,7.4253441723868851417229368122e16,5.4027461114803897358097537539e16,1.0471363520804003986785406528e-12,1.0471363520804003986785406528e-14,1.0366649885595963946917552463e-12,1.0475095771967145883964127862e-12,27.713249424119870416602970341,2.6456320808335221701087947565e13,-27.713249424118822907025773627,False,0.99999999999999998129194819786
random,3.0001753328000000000000000000e12,3.0001753328000000000000000000e13,10.000000000000000000000000000,20000.000000000000000000000000,0.50000100000000000000000000000,1.0000000000000000000000000000,5.5586910000000000000000000000,198.30611127564105690602513611,86.123249854703138195404581358,167.27383433549148626842497270,22491,4.9273990011936453541258974596e13,0.023032850249880258685275725514,1.1767573023888721788807943453e-41,1.7685452969667674626922063764e-46,2.0048471871623777520051071863e-45,1.1467625929162933536772905999e-59,2.0180219689749678154431699375e-55,1.7579973050360769730247480565e-59,1.1769754725605782674550714257e-41,0.31676079320350362808177401017,6.5106353506204125013378544350,8.3589584492238956302085689045e-13,7.5155032365472714694868236799e-13,20.553791663349033139899932972,6.5106353506219999475064315517,6.5106353506219999475064315517,9.8619783260289104552521785409e-42,1.1634747712984924168346635632e-41,6.6017538625473896387708652492e41,5.5958543418658107376770613554e41,1.0471363520804003986785406528e-12,1.0471363520804003986785406528e-13,9.4242271687236035881068658753e-13,1.0471363520804003986785406528e-12,6.5106353506221046611416395918,6.2175621519461967693358813078e12,-6.5106353506210575247895591914,False,1.0000000000000000000000000000
random,3.0001753328000000000000000000e12,3.0004753503332800000000000000e12,1.0001000000000000000000000000,20000.000000000000000000000000,0.50000100000000000000000000000,1.0000000000000000000000000000,5.5586910000000000000000000000,41.920462453915225339410510230,18.205825522567833534256792375,13.190670611759367077493005099,22491,4.9278917410937647602640683276e12,0.023032850249880258685275725514,9.0787118793267551899598539547e-8,1.4156039780161192383525953583e-17,1.8230284304291211249554402482e-11,2.4716368253261600100443048431e-30,1.6901171265465053577780599063e-20,3.5698157276937999259956125639e-29,9.0805349091744784062312921180e-8,0.76913020193792248511713164321,0.00065833846237611746791289884505,2.1942234568466570763742317724e-16,1.9161614332502728276597267005e-15,0.00085595190608753187263474810401,0.00065833846237825305169183378359,0.00065842926772734479647589609651,8.9675996179537960542796519341e-8,8.9676667313939318496537546918e-8,7342.3133924168606316378277615,7342.2584430164112215485785023,1.0471363520804003986785406528e-12,1.0470316489155088477937612767e-12,1.0470316489155088477937612794e-16,8.9677043315890040943195197881e-8,0.00065842926877437644539140494431,7342.2276697397331241515175548,-0.00065833959173106055535046174911,False,0.99986208792114425382744201058
random,3.0001753328000000000000000000e12,3.3001928660800000000000000000e12,1.1000000000000000000000000000,20000.000000000000000000000000,0.50000100000000000000000000000,1.0000000000000000000000000000,5.5586910000000000000000000000,28.836332236433254373594622882,12.523459968611819294634759660,0.011330209473404559968498794760,22491,5.4201389013130099272828012080e12,0.023032850249880258685275725514,0.000063427514004131542676777199725,6.4500749880228149510892845075e-12,1.2646670940012175101528722081e-8,1.0963950288013579807163497994e-24,1.0697571933565372738546584115e-17,1.4156017978069302963642217467e-23,0.000063440167125157240461879657916,0.83529595368264986433804567056,0.68268260810976890504532426570,2.1703412605679425157940953759e-13,1.7232743115045695936550225366e-12,0.81729428366305443074024004808,0.68268260811170921348288562955,0.68274604827883437072334750920,0.000062209826021587619619397453794,0.000062654381780798946158785757091,10974.890816153586451436231508,10897.019950934519275873327687,1.0471363520804003986785406528e-12,9.5194213825490945334412786620e-13,9.5194213825490945334412786620e-14,0.000062209827068723971699797852472,0.68274604827978631286160241866,10974.890631435902236127820931,-0.68268383845271758888990262081,False,0.99990708087247800781995720539
random,3.0001753328000000000000000000e12,3.0001753328000000000000000000e14,100.00000000000000000000000000,20000.000000000000000000000000,0.50000100000000000000000000000,1.0000000000000000000000000000,5.5586910000000000000000000000,33.339784933233765595711241303,14.479284624344599555504039281,0.0049229000901492740930864296571,22491,4.9273990011936453537098274264e14,0.023032850249880258685275725514,9.0912481154997484351115488113e-6,4.1085926954862996988661837118e-11,1.3306501606712872086783026774e-9,1.4881948683284698554642341467e-24,1.4450335683298240918742318181e-20,2.3352515871489602434950639102e-25,9.0926198515873890373746191011e-6,0.83533282866255748321954355538,35.748260454637203211241935839,2.4431498443046931405423497976e-12,2.3405166332822238490913719546e-13,42.795229910784232448791820042,35.748260454639880412749568755,35.748269547259732000138606129,6.5455577502441761692006187688e-6,8.9959842814971442992607570662e-6,5.4614550678933624599674641312e6,3.9738030246213786686876641811e6,1.0471363520804003986785406528e-12,1.0471363520804003986785406528e-14,1.0366649885595963946917552463e-12,6.5455587973805282496010174473e-6,35.748269547259742471502126933,5.4614541941882589839810636884e6,-35.748263001700945090973877332,False,0.99999974564867148137580708053
random,3.0001753328000000000000000000e12,3.0001753628017533280000000000e12,1.0000000100000000000000000000,20000.000000000000000000000000,0.50000100000000000000000000000,1.0000000000000000000000000000,5.5586910000000000000000000000,105.71993736355706945852813449,45.913585424150252437168221924,76.990245506401544554945962195,22491,4.9273990504676354076693531890e12,0.023032850249880258685275725514,1.2709868359246519952442911849e-21,5.0019371905875552051402717371e-35,2.5521928685533822363315089546e-25,8.4887308489435336605038974002e-48,2.3663482551240263190777703311e-34,1.2549302549275334844177934525e-46,1.2712420552117939876653427480e-21,0.51582227625248884420042178367,4.4185643188625073797511646384e-8,1.4718924758956061210529400029e-20,1.2854960589265570720832874273e-19,8.5660595175885730182547688552e-8,4.4185643188768342328163258153e-8,4.4185643188769613570218469947e-8,1.2554408593395602019761645585e-21,1.2554408602791763007479635050e-21,3.5195320321192990177594952181e13,3.5195320294851574487277786389e13,1.0471363520804003986785406528e-12,1.0471363416090369825881708269e-12,1.0471363416090369825882799511e-20,1.0471363533358412580181008548e-12,4.4186690325111222607201058118e-8,42197.647120498271644713902410,-4.4185643188757886765943040017e-8,False,0.99999999999997122952245414190
random,3.0001753328000000000000000000e12,3.0001783329753328000000000000e12,1.0000010000000000000000000000,20000.000000000000000000000000,0.50000100000000000000000000000,1.0000000000000000000000000000,5.5586910000000000000000000000,652.15964197975399258359369671,283.22933383180746125528836708,623.42994913259896762967819166,22491,4.9274039285926465893782117509e12,0.023032850249880258685275725514,2.7942604294304805097945930036e-140,6.7806568977808572513754970432e-151,5.6109873163654167318210787621e-144,1.1335027956777223912235435980e-163,5.2024036087719998049662885720e-153,1.6978019197471641946603185246e-162,2.7948215282304438608066419992e-140,0.016845566337435773092119104101,1.4419784017281880370543211220e-7,4.8062827527068138843406105220e-20,4.1976241615509775607336563289e-19,8.5599876718206186274367461895e-6,1.4419784017328662894911427809e-7,1.4419784017328662894911427809e-7,2.7600824471365110399178468695e-140,2.7600826537106914380409157092e-140,5.2244033624027007766263075396e132,5.2244029713901920727259102097e132,1.0471363520804003986785406528e-12,1.0471353049450954535830870697e-12,1.0471353049450954535830882462e-18,1.0471363520804003986785406528e-12,1.4419888730859157404456786118e-7,137707.84198457452525518528698,-1.4419784017223949364416918264e-7,False,1.0000000000000000000000000000
random,3.0001753328000000000000000000e12,3.0001753328000000000000000000e13,10.000000000000000000000000000,20000.000000000000000000000000,0.50000100000000000000000000000,1.0000000000000000000000000000,5.5586910000000000000000000000,36.997285778392154501909124773,16.067717058953367751342270221,5.9650088382425838643089613546,22491,4.9273990011936453541258974596e13,0.023032850249880258685275725514,1.2544498383715626685935498869e-6,3.5170725181810599375358882965e-12,2.1372123417377565604597794025e-10,2.3798251552389166918557228940e-25,2.1512569564444878628215330257e-20,3.5211407508799283498661033601e-25,1.2546670766782761384691944363e-6,0.80696219099705883106086527330,16.586132753949173917055780795,2.1294817948967311893294597105e-12,1.9146078328934404113363857262e-12,20.553791663349033139899932972,16.586132753953218006683570966,16.586134008620294684959709436,1.0513091435248703572642434928e-6,1.2402903605032996327000026766e-6,1.5776647726100485322735591377e7,1.3372783129500238837384374173e7,1.0471363520804003986785406528e-12,1.0471363520804003986785406528e-13,9.4242271687236035881068658753e-13,1.0513101906612224376646421713e-6,16.586134008620399398594917476,1.5776632012088208068661375879e7,-16.586132957310208737372479811,False,0.99999992435445921115859275789
random,3.0001753328000000000000000000e12,3.3001928660800000000000000000e12,1.1000000000000000000000000000,20000.000000000000000000000000,0.50000100000000000000000000000,1.0000000000000000000000000000,5.5586910000000000000000000000,30.010407955490923004346183435,13.033354574735157340736641853,1.1854059285310731907200593475,22491,5.4201389013130099272828012080e12,0.023032850249880258685275725514,0.000035263903696708693854139776367,3.7320683955002601544920805020e-12,7.0311913231141943667897937090e-9,6.3277382124458425726978733942e-25,5.9475474070967147115589429950e-18,8.1872066539414891313566691510e-24,0.000035270938620106151104993797843,0.82919771475652077127524417277,0.67769855229504623922074756813,2.1544962663478365209031987522e-13,1.7106932156181550747979707862e-12,0.81729428366305443074024004808,0.67769855229697238206300050685,0.67773382323559248821410550065,0.000034586903621531991436444703759,0.000034834064049096979780103866224,19595.099655398784244964279273,19456.065254985994335592791141,1.0471363520804003986785406528e-12,9.5194213825490945334412786620e-13,9.5194213825490945334412786620e-14,0.000034586904668668343516845102437,0.67773382323654443035236041010,19595.099062174573341389662837,-0.67769923633187576200884356500,False,0.99994795753522862715774964187
random,3.0001753328000000000000000000e12,3.3001928660800000000000000000e12,1.1000000000000000000000000000,20000.000000000000000000000000,0.50000100000000000000000000000,1.0000000000000000000000000000,5.5586910000000000000000000000,28.828159413168871070604134355,12.519910556566527104726815813,0.0031573862090212569780102677639,22491,5.4201389013130099272828012080e12,0.023032850249880258685275725514,0.000063687235237675519822757161973,6.4746509780236221971699456729e-12,1.2698456179089191082183468969e-8,1.1005927353174397400947400835e-24,1.0741376055832092016595735247e-17,1.4210000133068776835476100134e-23,0.000063699940168516328428827967572,0.83533856075383859499424008995,0.68271743062549498046005289170,2.1704519661019333941619770706e-13,1.7233622128896347025919560805e-12,0.81729428366305443074024004808,0.68271743062743538786955271974,0.68278113056760390419798154771,0.000062464561099992718327010608373,0.000062910937213855717390353894850,10930.696038584404588925879090,10853.138751479701066338278863,1.0471363520804003986785406528e-12,9.5194213825490945334412786620e-13,9.5194213825490945334412786620e-14,0.000062464562147129070407411007052,0.68278113056855584633623645716,10930.695855360880081586898026,-0.68271866600640871726582904615,False,0.99990670518367201825504516809
random,3.0001753328000000000000000000e12,3.0001753628017533280000000000e12,1.0000000100000000000000000000,20000.000000000000000000000000,0.50000100000000000000000000000,1.0000000000000000000000000000,5.5586910000000000000000000000,36.704426822113368219582572975,15.940530030265545184046525169,7.9747349649578433160004006779,22491,4.9273990504676354076693531890e12,0.023032850249880258685275725514,1.2321646623762163616923646409e-6,1.6834975689021362518002599876e-20,2.4742363770528415935816159833e-10,2.9567867791362918477518387608e-33,2.2940683698885281475957660233e-19,4.2481488809670946797197969445e-32,1.2324120860141678876644007221e-6,0.79466522420247673988645379997,6.8071496070542114660612853443e-8,2.2675673738971772583996834503e-20,1.9804088751262878349582752107e-19,8.5660595175885730182547688552e-8,6.8071496070762831221864453999e-8,1.3004835820849307188862651761e-6,1.2170935361860362348158620225e-6,1.2170935370969518480874434507e-6,1.0685157248967166288400520888,1.0685157240970018763024357519,1.0471363520804003986785406528e-12,1.0471363416090369825881708269e-12,1.0471363416090369825882799511e-20,1.2170945833223883152162607010e-6,1.3004846292212723279232477643e-6,1.0685156659486959220127158044,-8.3390045898884012706987063295e-8,False,0.052343218329316274336737371252
random,3.0001753328000000000000000000e12,3.0031755081328000000000000000e12,1.0010000000000000000000000000,20000.000000000000000000000000,0.50000100000000000000000000000,1.0000000000000000000000000000,5.5586910000000000000000000000,28.735628640115545139299757493,12.479724952423225544192751333,0.0049372926269366525507761297204,22491,4.9323264001948390410446204074e12,0.023032850249880258685275725514,0.000066237446237821182496306646988,7.0761287483398770511817371409e-14,1.3299757631882143613943650084e-8,1.2607351858030225403401876891e-26,1.2319439921015150583833687251e-17,1.7883415138398825753465998236e-25,0.000066250746066226671563431817804,0.83532919695699321427390668582,0.0071469199391456542199208490836,2.3809773087964695108922710349e-15,2.0773795417571698570201472364e-14,0.0085558124452062783400959540012,0.0071469199391688089926472172516,0.0072131706852350356642106490694,0.000065422403440227006606800274416,0.000065427297527975891612921858440,110.25536063995766537846154903,110.24711332683081356282088934,1.0471363520804003986785406528e-12,1.0460902618185818168616789738e-12,1.0460902618185818168616789755e-15,0.000065422404487363358687200673095,0.0072131706862811259260292308863,110.25535889122484559783490317,-0.0071477482817937625673420302132,False,0.99081530869609971782578858488
random,3.0001753328000000000000000000e12,3.0031755081328000000000000000e12,1.0010000000000000000000000000,20000.000000000000000000000000,0.50000100000000000000000000000,1.0000000000000000000000000000,5.5586910000000000000000000000,486.08307357970911418170050457,211.10319660224000647566179405,457.35238223222050569495152320,22491,4.9323264001948390410446204074e12,0.023032850249880258685275725514,3.2312291278271416311361898112e-104,5.8404863475634319174914623130e-112,6.4879560873892345772542123017e-108,9.7687509574511310985786974999e-125,6.0097324658889304779825298446e-117,1.4604631818153873444420588965e-123,3.2318779818413450036306383695e-104,0.047661552689469049421986036366,0.00040778330565709291275214710329,1.3585192025973887421310354691e-16,1.1852947897208720738821870655e-15,0.0085558124452062783400959540012,0.00040778330565841405946212771423,0.00040778330565841405946212771423,3.1914692913963062518110121392e-104,3.1917080372989118620032190928e-104,1.2777290596457657032686937957e100,1.2776334830535255475324322575e100,1.0471363520804003986785406528e-12,1.0460902618185818168616789738e-12,1.0460902618185818168616789755e-15,1.0471363520804003986785406528e-12,0.00040778330670450432128070953110,3.8942713228734725904021143231e8,-0.00040778330565736796920030913242,False,1.0000000000000000000000000000
random,3.0001753328000000000000000000e12,3.0004753503332800000000000000e12,1.0001000000000000000000000000,20000.000000000000000000000000,0.50000100000000000000000000000,1.0000000000000000000000000000,5.5586910000000000000000000000,28.799176396960605666467554611,12.507323392558364930766106642,0.069384554804747404550049480480,22491,4.9278917410937647602640683276e12,0.023032850249880258685275725514,0.000064161616722144224841036080439,6.8729627959559313160860570811e-15,1.2883815785928366712710008364e-8,1.2249124910280845465422327550e-27,1.1944497053149149590344348660e-17,1.7392975938386286286195112866e-26,0.000064174500544815060500776488802,0.83499216542389607371488988646,0.00071471313556042111256655208209,2.3821186465437655237965548318e-16,2.0802456858670309840353754521e-15,0.00085595190608753187263474810401,0.00071471313556273957011707348962,0.00077888763610755463061784997843,0.000063376357489105188645749879996,0.000063376831797231730579729129808,12.289876966208582147240574020,12.289784989561060175717963500,1.0471363520804003986785406528e-12,1.0470316489155088477937612767e-12,1.0470316489155088477937612794e-16,0.000063376358536241540726150278675,0.00077888763715458627953335882622,12.289876779669854488461737030,-0.00071551127861834473880720854754,False,0.91760749873303501063492637978
random,3.0001753328000000000000000000e12,3.0001753328000000000000000000e14,100.00000000000000000000000000,20000.000000000000000000000000,0.50000100000000000000000000000,1.0000000000000000000000000000,5.5586910000000000000000000000,33.336017915236953608620207420,14.477648629215353868025344899,0.0011558820933372870020525462992,22491,4.9273990011936453537098274264e14,0.023032850249880258685275725514,9.1083876993451938734154751603e-6,4.1158734518348742590614350345e-11,1.3331588140165740318797352433e-9,1.4908416032706140410271366834e-24,1.4477578668737881805723489448e-20,2.3393924032330418536359204919e-25,9.1097620168937432754933950914e-6,0.83534981072620370068194140077,35.748987205955302603905770659,2.4431995128017635326428005315e-12,2.3405642152771695853013550098e-13,42.795229910784232448791820042,35.748987205957979859840100140,35.748996315719996753583375633,6.5578979849897491928463909056e-6,9.0129442659686003197003241130e-6,5.4512888729811305328743872285e6,3.9664060112634164417538804233e6,1.0471363520804003986785406528e-12,1.0471363520804003986785406528e-14,1.0366649885595963946917552463e-12,6.5578990321261012732467895841e-6,35.748996315720007224946896437,5.4512880025434025113229625344e6,-35.748989757820975098845623190,False,0.99999974517432779258519949935
random,3.0001753328000000000000000000e12,3.0001753628017533280000000000e12,1.0000000100000000000000000000,20000.000000000000000000000000,0.50000100000000000000000000000,1.0000000000000000000000000000,5.5586910000000000000000000000,28.843272704642896561962008756,12.526474175657091838622591611,0.11358084748737165837983645897,22491,4.9273990504676354076693531890e12,0.023032850249880258685275725514,0.000062761985856784604597223584722,6.7385243716211786482551117599e-19,1.2602860092048184594791494802e-8,1.2001790335861661300499893008e-31,1.1685149800334013397334703408e-17,1.7044880820120403575911265076e-30,0.000062774588716889011784055874172,0.83476111486689553105951755023,7.1506133928952332100893565796e-8,2.3819805012480457885485741099e-20,2.0803330385469283802319007025e-19,8.5660595175885730182547688552e-8,7.1506133929184185209760739092e-8,0.000062846094850818195969265634911,0.000061994317510437327376120868015,0.000061994317556836055226846477839,1.0137396034763583590325665953,1.0137396027176399824639482655,1.0471363520804003986785406528e-12,1.0471363416090369825881708269e-12,1.0471363416090369825882799511e-20,0.000061994318557573679456521266694,0.000062846095897954537578302617500,1.0137396032442846937455264419,-8.5177734038085812178135080586e-7,False,0.0011377975687896420476655410675
random,3.0001753328000000000000000000e12,3.0004753503332800000000000000e12,1.0001000000000000000000000000,20000.000000000000000000000000,0.50000100000000000000000000000,1.0000000000000000000000000000,5.5586910000000000000000000000,48.077613764742017719126076245,20.879842361103283186328963420,19.347821922586159457208571114,22491,4.9278917410937647602640683276e12,0.023032850249880258685275725514,4.1784558174458610838235091493e-9,7.4722523678131847838112321393e-19,8.3904455298791140767994143361e-13,1.2970427764250416780495226717e-31,7.7787243757170829707270439033e-22,1.8824596845573787516100027994e-30,4.1792948627468521044520914414e-9,0.74004114919113032578280344388,0.00063343963223130073378625007168,2.1112363608860011589695596452e-16,1.8436908413235175655942062369e-15,0.00085595190608753187263474810401,0.00063343963223335554826366218936,0.00063344381152821829511576664145,4.1273166601408893885973511636e-9,4.1273475489440689223054335928e-9,153475.94180151788099315552331,153474.79319745609959493408062,1.0471363520804003986785406528e-12,1.0470316489155088477937612767e-12,1.0470316489155088477937612794e-16,4.1283637964929697889960297042e-9,0.00063344381257524994403127548924,153437.01374218962648383019562,-0.00063343968421145345106148649321,False,0.99999340226427871467925648362
random,3.0001753328000000000000000000e12,3.0001783329753328000000000000e12,1.0000010000000000000000000000,20000.000000000000000000000000,0.50000100000000000000000000000,1.0000000000000000000000000000,5.5586910000000000000000000000,28.758263593812898633630985159,12.489555187912121774382801516,0.028570746657873679715480111554,22491,4.9274039285926465893782117509e12,0.023032850249880258685275725514,0.000065487166916502830123343355242,7.0054244606325596138496413132e-17,1.3150086480238873901057919678e-8,1.2486898467491485236280893704e-29,1.2192516842966831049119519838e-17,1.7730999197142160542314729466e-28,0.000065500317003065315758693895386,0.83520558731106961347159341879,7.1493495307952603533625938967e-6,2.3829618600217416848701272146e-18,2.0811880603670961008155938308e-17,8.5599876718206186274367461895e-6,7.1493495308184551958262865994e-6,0.000072649666533883770954520181985,0.000064686160965954890154237980218,0.000064686165807292401106604196838,1.1231098808309271934729561414,1.1231097967734795595148915910,1.0471363520804003986785406528e-12,1.0471353049450954535830870697e-12,1.0471353049450954535830882462e-18,0.000064686162013091242234638378897,0.000072649667581019075899615635568,1.1231098788380144182867400407,-7.9635055679278336649772566715e-6,False,0.098408566369454729334524678725
random,3.0001753328000000000000000000e12,3.0001753328000000000000000000e13,10.000000000000000000000000000,20000.000000000000000000000000,0.50000100000000000000000000000,1.0000000000000000000000000000,5.5586910000000000000000000000,62.871591105858463605252040378,27.304785085751897084601442553,31.839314165708892967651876960,22491,4.9273990011936453541258974596e13,0.023032850249880258685275725514,3.0193905153217937324800938767e-12,1.4385915841973683794707850602e-17,5.1441504287238690301766391212e-16,9.5287697691220625276363279709e-31,5.1779550298643196873849136119e-26,1.4350727941016516472904455549e-30,3.0199193162805598750051546627e-12,0.69456089004847133491440594884,14.275859831563073767061476117,1.8328674965279515446050624837e-12,1.6479232055037999485452921270e-12,20.553791663349033139899932972,14.275859831566554557763507868,14.275859831569574477079788428,2.5304422381294564333886270820e-12,2.9853094449835479652612411075e-12,5.6416461978292456410808241672e12,4.7820368690952400459685575837e12,1.0471363520804003986785406528e-12,1.0471363520804003986785406528e-13,9.4242271687236035881068658753e-13,3.5775785902098568320671677349e-12,14.275859831569679190714996468,3.9903693158931479761856549782e12,-14.275859831566101612124786611,False,0.99999999999978845972488449884
random,3.0001753328000000000000000000e12,3.0004753503332800000000000000e12,1.0001000000000000000000000000,20000.000000000000000000000000,0.50000100000000000000000000000,1.0000000000000000000000000000,5.5586910000000000000000000000,33.133510533145639907653326913,14.389700790628422926668919737,4.4037186909897816457358217825,22491,4.9278917410937647602640683276e12,0.023032850249880258685275725514,7.3466034695853791664382569061e-6,9.0540652413359692566855251922e-16,1.4752166574027846818835118188e-9,1.5999254708498037001943291030e-28,1.3676632225950758746289360317e-18,2.2878969668989939920329553284e-27,7.3480786871495561384787803090e-6,0.81263485136470458080654207033,0.00069557634997652065763429731165,2.3183362819751134986380563161e-16,2.0245461140086572088729913077e-15,0.00085595190608753187263474810401,0.00069557634997877703737650348020,0.00070292442866592659351498226051,7.2566900836594681866137994009e-6,7.2567443926670356795689326146e-6,96.865708823470881052384004687,96.864983886745971686093935889,1.0471363520804003986785406528e-12,1.0470316489155088477937612767e-12,1.0470316489155088477937612794e-16,7.2566911307958202670141980794e-6,0.00070292442971295824243049110831,96.865694990089864714823810199,-0.00069566773858216242216347691023,False,0.98954641724275338830176693128
random,3.0001753328000000000000000000e12,3.0001753328000000000000000000e14,100.00000000000000000000000000,20000.000000000000000000000000,0.50000100000000000000000000000,1.0000000000000000000000000000,5.5586910000000000000000000000,428.23411749939258119764966226,185.97971419269496816037825682,394.89925546624896487603150738,22491,4.9273990011936453537098274264e14,0.023032850249880258685275725514,1.6158785888491718615836880207e-91,9.3817213515000595910363031622e-96,2.3650978133702030063269009303e-95,3.2208591943888589434369492351e-109,2.5684029008640954730904874638e-106,5.2847369671701490754783597932e-110,1.6162089158440264546324648291e-91,0.099156697724549992793145385124,4.2434336763159349002987732747,2.9000975694367622869068209454e-13,2.7782686417008697708225142966e-14,42.795229910784232448791820042,4.2434336763162526927421339596,4.2434336763162526927421339596,1.1634075416622713530513774498e-91,1.5989463934343261312995403155e-91,3.6474180580377312513065944794e91,2.6538936475549479737430869928e91,1.0471363520804003986785406528e-12,1.0471363520804003986785406528e-14,1.0366649885595963946917552463e-12,1.0471363520804003986785406528e-12,4.2434336763162631641056547636,4.0524174983378355502143797526e12,-4.2434336763152160277535743632,False,1.0000000000000000000000000000
random,3.0001753328000000000000000000e12,3.0001753328000000000000000000e13,10.000000000000000000000000000,20000.000000000000000000000000,0.50000100000000000000000000000,1.0000000000000000000000000000,5.5586910000000000000000000000,31.037050092316285484698970668,13.479219589647775513209497306,0.0047731521667148470988072493476,22491,4.9273990011936453541258974596e13,0.023032850249880258685275725514,0.000024700288993504516029582851601,5.8095077636895718042189959479e-11,4.2082003494005807532234972842e-9,3.9697153620805651658537421783e-24,4.2358543879637341058985922087e-19,5.8259941343576279746703904014e-24,0.000024704555288931977101288623158,0.83533190713525036151055377029,17.169237989001771347828106292,2.2043462615553519406393921084e-12,1.9819181497101832175481666465e-12,20.553791663349033139899932972,17.169237989005957612239371827,17.169262693561246544216473116,0.000020700420911439036103871117519,0.000024421486936502986234848762770,829416.11511259298395768364083,703039.20224850093881795493781,1.0471363520804003986785406528e-12,1.0471363520804003986785406528e-13,9.4242271687236035881068658753e-13,0.000020700421958575388184271516197,17.169262693561351257851681156,829416.07315636319501505256664,-17.169241993139392682463496885,False,0.99999856111728675474293117644
random,3.0001753328000000000000000000e12,3.0004753503332800000000000000e12,1.0001000000000000000000000000,20000.000000000000000000000000,0.50000100000000000000000000000,1.0000000000000000000000000000,5.5586910000000000000000000000,28.730848323875856029679979949,12.477648887458576061348828377,0.0010564817199977677624748179897,22491,4.9278917410937647602640683276e12,0.023032850249880258685275725514,0.000066391510744203212335577685589,7.0949544603725301108051715508e-15,1.3331584175661529355528569226e-8,1.2646715446973741526885293221e-27,1.2359620049358281956796671403e-17,1.7955234790287491721131206986e-26,0.000066404842335486187945374322457,0.83534949541787818599632077410,0.00071501899284987135569697629396,2.3831380602303622545912305455e-16,2.0811359147927536782963671116e-15,0.00085595190608753187263474810401,0.00071501899285219080541779208387,0.00078142383518767699336316640632,0.000065578960352384568415365736683,0.000065579451144772418322670601451,11.915770408508207215003341446,11.915681231650063759989825414,1.0471363520804003986785406528e-12,1.0470316489155088477937612767e-12,1.0470316489155088477937612794e-16,0.000065578961399520920495766135362,0.00078142383623470864227867525412,11.915770234208333216680745168,-0.00071584487483518772178290911875,False,0.91502071047072997154177807381
random,3.0001753328000000000000000000e12,3.0001753328000000000000000000e14,100.00000000000000000000000000,20000.000000000000000000000000,0.50000100000000000000000000000,1.0000000000000000000000000000,5.5586910000000000000000000000,33.408399349227524967811215092,14.509083486589703477898661281,0.073537316083908646193060218201,22491,4.9273990011936453537098274264e14,0.023032850249880258685275725514,8.7846422431092187882189591835e-6,3.9781994030198882595577223601e-11,1.2857734673750564083470975344e-9,1.4407969452148424985037789288e-24,1.3962992502007218757191461933e-20,2.2610933222518176758137439489e-25,8.7859677985706380081693101429e-6,0.83502356896948312646552936712,35.735025614969948538904555306,2.4422453332582470629692815085e-12,2.3396501194438976339008945671e-13,42.795229910784232448791820042,35.735025614972624749249757943,35.735034400940423319887766112,6.3248062737912768304950898427e-6,8.6925912188947269467969604584e-6,5.6499808617094262060532861520e6,4.1109760600802961008739712833e6,1.0471363520804003986785406528e-12,1.0471363520804003986785406528e-14,1.0366649885595963946917552463e-12,6.3248073209276289108954885213e-6,35.735034400940433791251286916,5.6499799262974779547337396100e6,-35.735028076133112863622376021,False,0.99999975413573973390602012998
random,3.0001753328000000000000000000e12,6.0003506656000000000000000000e12,2.0000000000000000000000000000,20000.000000000000000000000000,0.50000100000000000000000000000,1.0000000000000000000000000000,5.5586910000000000000000000000,467.63806583703741644522875613,203.09263152093493299920448650,438.21522680932194618222935205,22491,9.8547980023872907284248872761e12,0.023032850249880258685275725514,3.4413499853012568949968403892e-100,3.9950539265706603164513868862e-105,6.5673542380692624847667328169e-104,4.8162680191212123498454269638e-118,3.1230425277293253118788024452e-113,3.6138842710088916182980268657e-117,3.4420466712646418730563652381e-100,0.057311495071063727107009068916,0.34442822547778763831990294796,8.2691879491307996402068882742e-14,3.6215473621720221105944394109e-13,6.0097581654632577755302152453,0.34442822547823248493561145817,0.34442822547823248493561145817,3.2305257763081502980064608539e-100,3.4002910924864457412920215380e-100,1.0661677055920153577976188942e99,1.0129374694987395305987925620e99,1.0471363520804003986785406528e-12,5.2356817604020019933927032641e-13,5.2356817604020019933927032641e-13,1.0471363520804003986785406528e-12,0.34442822547875605311165165837,3.2892395034750014711435797450e11,-0.34442822547770891675957125797,False,1.0000000000000000000000000000
random,3.0001753328000000000000000000e12,3.0001753628017533280000000000e12,1.0000000100000000000000000000,20000.000000000000000000000000,0.50000100000000000000000000000,1.0000000000000000000000000000,5.5586910000000000000000000000,29.192989683784255173545678851,12.678354329926058503045266098,0.46329782662873026996350655316,22491,4.9273990504676354076693531890e12,0.023032850249880258685275725514,0.000052693445809460864025541637694,5.7260988361116232526388277324e-19,1.0581056609966551692187597833e-8,1.0190666347413741155991302580e-31,9.8105692382703970332166530544e-18,1.4482041671379605322510763863e-30,0.000052704026866081213756355708402,0.83293511813454912340077767343,7.1349717962070823472828812100e-8,2.3767700421905640259898812918e-20,2.0757824177011254794592001874e-19,8.5660595175885730182547688552e-8,7.1349717962302169415020830288e-8,0.000052775376584043515925770729232,0.000052048930027245284221190185120,0.000052048930066200534254373073941,1.0139569930912694931660596858,1.0139569923323884145631688050,1.0471363520804003986785406528e-12,1.0471363416090369825881708269e-12,1.0471363416090369825882799511e-20,0.000052048931074381636301590583799,0.000052775377631179857534807711820,1.0139569928104782261546201978,-7.2644655679822123321712802119e-7,False,0.0013519509017369011526433256241
random,3.0001753328000000000000000000e12,3.0301770861280000000000000000e12,1.0100000000000000000000000000,20000.000000000000000000000000,0.50000100000000000000000000000,1.0000000000000000000000000000,5.5586910000000000000000000000,518.97663080638414625168776884,225.38868699595380456709649087,490.23698862837545321525738152,22491,4.9766729912055818488538446896e12,0.023032850249880258685275725514,2.3276179083248990440160436699e-111,4.4696663805773082809798204311e-118,4.6704927784749025092275237105e-115,7.4406404871947008578639210541e-131,4.2891098532314678179773009050e-124,1.1027300310961068350441907053e-129,2.3280854045698135041602541031e-111,0.038829205674426422565946768451,0.0033078560872035148533589759427,1.0970866794007455228676889867e-15,9.4866855009202244678412270058e-15,0.085189898422071226902157945475,0.0033078560872140986255392969127,0.0033078560872140986255392969127,2.2974468503501790925844710437e-111,2.2991581183636904914452075211e-111,1.4397965666582937360751822119e108,1.4387249231767921631802536751e108,1.0471363520804003986785406528e-12,1.0367686654261390085926145077e-12,1.0367686654261390085926145079e-14,1.0471363520804003986785406528e-12,0.0033078560882508672909654359212,3.1589544968799689708498608319e9,-0.0033078560872037309388850355226,False,1.0000000000000000000000000000
random,3.0001753328000000000000000000e12,6.0003506656000000000000000000e12,2.0000000000000000000000000000,20000.000000000000000000000000,0.50000100000000000000000000000,1.0000000000000000000000000000,5.5586910000000000000000000000,35.749032463680583247040885037,15.525607532356689160629942775,6.3261934359651129840414809509,22491,9.8547980023872907284248872761e12,0.023032850249880258685275725514,2.0904550660488622177694025406e-6,1.8547923220040176563765041711e-12,3.9893527238286794879672483394e-10,2.3511014348600026475938100101e-25,1.8970985518656273316629976423e-19,1.6919622534391021572729238614e-24,2.0908558561137568015181146016e-6,0.80366049384425687984922495146,4.8298052151345190549824694639,1.1595613868821884302670503432e-12,5.0783783217566531886598232110e-12,6.0097581654632577755302152453,4.8298052151407569946911083055,4.8298073059966131084479098237,1.9623894703908247980550048307e-6,2.0655137578826817693712346818e-6,2.4611869248537703504729449434e6,2.3383079815200820674005723680e6,1.0471363520804003986785406528e-12,5.2356817604020019933927032641e-13,5.2356817604020019933927032641e-13,1.9623905175271768784554035092e-6,4.8298073059971366766239500238,2.4611856115587092029466204500e6,-4.8298053436066191494470715684,False,0.99999956709331788086391836216
random,3.0001753328000000000000000000e12,3.0001753628017533280000000000e12,1.0000000100000000000000000000,20000.000000000000000000000000,0.50000100000000000000000000000,1.0000000000000000000000000000,5.5586910000000000000000000000,29.191512066738293759529874818,12.677712608996631277301913251,0.46182020958276885594770252092,22491,4.9273990504676354076693531890e12,0.023032850249880258685275725514,0.000052732390560915805339572393583,5.7300408422267809680808392078e-19,1.0588876873255004633413485258e-8,1.0197714982594073021424068064e-31,9.8178200485893406201869264636e-18,1.4492019622763700844094101547e-30,0.000052742979437799451168338620638,0.83294282488992453752916544662,7.1350378127323154263199685673e-8,2.3767920333215656804388276920e-20,2.0758016239357498960302947888e-19,8.5660595175885730182547688552e-8,7.1350378127554502345926476319e-8,0.000052814329815927005670684547114,0.000052087398429003188524197389057,0.000052087398467987229662366906276,1.0139559933659318419683749988,1.0139559926070515115950912046,1.0471363520804003986785406528e-12,1.0471363416090369825881708269e-12,1.0471363416090369825882799511e-20,0.000052087399476139540604597787736,0.000052814330863063347279721529702,1.0139559930853680472464301140,-7.2693138692380667512374196674e-7,False,0.0013509662694997912273176238112
random,3.0001753328000000000000000000e12,3.0001783329753328000000000000e12,1.0000010000000000000000000000,20000.000000000000000000000000,0.50000100000000000000000000000,1.0000000000000000000000000000,5.5586910000000000000000000000,28.733472045460854880849558381,12.478788355264991516120014614,0.0037791983058299269340533338506,22491,4.9274039285926465893782117509e12,0.023032850249880258685275725514,0.000066303983124677956183542442405,7.0866880025559716490890992320e-17,1.3314106459751179126341500876e-8,1.2632456266017931825938535543e-29,1.2344593132791392640730764082e-17,1.7936854008868720176074239335e-28,0.000066317297231220918835827327015,0.83533525364635349093347057768,7.1504594730267369023135828223e-6,2.3833318167559932591844188044e-18,2.0815111664776444896607620922e-17,8.5599876718206186274367461895e-6,7.1504594730499353457951152604e-6,0.000073467756704270854181622442276,0.000065492986290815633545456889337,0.000065492991192538761014630783505,1.1217652586193578012605900839,1.1217651746625463677897207062,1.0471363520804003986785406528e-12,1.0471353049450954535830870697e-12,1.0471353049450954535830882462e-18,0.000065492987337951985625857288016,0.000073467757751406159126717895859,1.1217652566724947699842859833,-7.9747704134541735008606078433e-6,False,0.097327859101954344166890475781
random,3.0001753328000000000000000000e12,3.3001928660800000000000000000e12,1.1000000000000000000000000000,20000.000000000000000000000000,0.50000100000000000000000000000,1.0000000000000000000000000000,5.5586910000000000000000000000,29.285312005657171878487006249,12.718449404871962117338697825,0.46030997869732206486088216122,22491,5.4201389013130099272828012080e12,0.023032850249880258685275725514,0.000050673741511219525321025215089,5.2333523749471865921856631951e-12,1.0103724609952151732847699090e-8,8.8868983327900238066251243777e-25,8.5465433017579428116360480558e-18,1.1483698998001027882577234412e-23,0.000050683850469190398975618801748,0.83295864031644247812038146103,0.68077233525644378625748835687,2.1642682422381014103393842023e-13,1.7184522696113177833250769068e-12,0.81729428366305443074024004808,0.68077233525837866535132348480,0.68082301910884785575029910360,0.000049700901773803207511911486846,0.000050056067887173681492200172188,13698.403747428625050415903048,13601.208561635767016626837706,1.0471363520804003986785406528e-12,9.5194213825490945334412786620e-13,9.5194213825490945334412786620e-14,0.000049700902820939559592311885525,0.68082301910979979788855401305,13698.403458839408895861242938,-0.68077331820697885832896170116,False,0.99992555502818407609772362289
random,3.0001753328000000000000000000e12,3.0001783329753328000000000000e12,1.0000010000000000000000000000,20000.000000000000000000000000,0.50000100000000000000000000000,1.0000000000000000000000000000,5.5586910000000000000000000000,147.48722192510657028879656200,64.052886633314081572303085159,118.75752907795154533488105696,22491,4.9274039285926465893782117509e12,0.023032850249880258685275725514,1.0826559819745799023922335824e-30,5.9399973198925910744735691422e-42,2.1740167519334115859881262985e-34,1.0033603126997223109976188263e-54,2.0157081023514807838701451404e-43,1.4898555590183169217760782089e-53,1.0828733836559148116809760361e-30,0.39711485710804410352035460947,3.3992982811306356478262387123e-6,1.1330258955559441397552480001e-18,9.8954163114312416723156926584e-18,8.5599876718206186274367461895e-6,3.3992982811416640900332258982e-6,3.3992982811416640900332269810e-6,1.0694134808130367086706500226e-30,1.0694135608516650963286698080e-30,3.1786566581873454060692598202e24,3.1786564202856314667030404171e24,1.0471363520804003986785406528e-12,1.0471353049450954535830870697e-12,1.0471353049450954535830882462e-18,1.0471363520804003997479541336e-12,3.3992993282769690351286805641e-6,3.2462814623171125548547584102e6,-3.3992982811406169547282808162e-6,False,0.99999999999999999999999968144
random,3.0001753328000000000000000000e12,3.0301770861280000000000000000e12,1.0100000000000000000000000000,20000.000000000000000000000000,0.50000100000000000000000000000,1.0000000000000000000000000000,5.5586910000000000000000000000,29.168854896624674734129624629,12.667872725040743261319456857,0.42921271861598169769923730689,22491,4.9766729912055818488538446896e12,0.023032850249880258685275725514,0.000053372657242703268852427611082,5.7590050082145726528487377566e-13,1.0709515910171743893029962056e-8,1.0205015515561095575802496919e-25,9.8349986591042604523325279730e-18,1.4358223525928964631712984557e-24,0.000053383367334523776417974883097,0.83311368801380071995551579536,0.070972870455705738525404323350,2.3538929361831986979961443634e-14,2.0354491953730772430379042446e-13,0.085189898422071226902157945475,0.070972870455932822374303463061,0.071026253823267346150721437945,0.000052680829975790144975409255115,0.000052720069629690761326787775643,1348.2371833531850750731265817,1347.2336877048992415910455467,1.0471363520804003986785406528e-12,1.0367686654261390085926145077e-12,1.0367686654261390085926145079e-14,0.000052680831022926497055809653794,0.071026253824304114816147576953,1348.2371565739682355318448751,-0.070973572993281188319091767299,False,0.99924839950777417986814469850
random,3.0001753328000000000000000000e12,3.0001753328000000000000000000e13,10.000000000000000000000000000,20000.000000000000000000000000,0.50000100000000000000000000000,1.0000000000000000000000000000,5.5586910000000000000000000000,54.339803607026025499523817330,23.599476854237822620058127140,23.307526666876454861923653911,22491,4.9273990011936453541258974596e13,0.023032850249880258685275725514,2.1506681436027278780984520976e-10,8.8563218631248557108727174667e-16,3.6641038636162154337831285266e-14,5.8945393820528895805107478239e-29,3.6881823915214457889461629543e-24,8.8418225025808305191166958866e-29,2.1510434103109895077950926860e-10,0.72977758066870507988536177510,14.999696353643799717276563010,1.9258003530966573317580869371e-12,1.7314787332129416910591265208e-12,20.553791663349033139899932972,14.999696353647456996362872609,14.999696353862561337393971560,1.8023973656788842917590241840e-10,2.1263926906911533285339632558e-10,8.3220807128803317278866375088e10,7.0540575217022242498394967316e10,1.0471363520804003986785406528e-12,1.0471363520804003986785406528e-13,9.4242271687236035881068658753e-13,1.8128687291996882957458095905e-10,14.999696353862666051029179600,8.2740113016812056418977990054e10,-14.999696353681379178109210770,False,0.99999999998565942030048444400
random,3.0001753328000000000000000000e12,3.0301770861280000000000000000e12,1.0100000000000000000000000000,20000.000000000000000000000000,0.50000100000000000000000000000,1.0000000000000000000000000000,5.5586910000000000000000000000,28.771666876378945710980177149,12.495376159569946077536042243,0.032024698370252674549789827248,22491,4.9766729912055818488538446896e12,0.023032850249880258685275725514,0.000065097919377712916356031469747,6.9285330982786936326519739453e-13,1.3062253957573111137149194438e-8,1.2288306653188919343223500763e-25,1.1995616910713445448990163061e-17,1.7276703597560249633358322245e-24,0.000065110982324535794913799249078,0.83518758181030615912458652359,0.071149545257567635257480868325,2.3597525493767193432939850947e-14,2.0405160974299262785724536947e-13,0.085189898422071226902157945475,0.071149545257795284392717628146,0.071214656240119820187631427395,0.000064254106871994530266557313624,0.000064301966955377972891851503434,1108.3284743493817004673944879,1107.5035432359149031362436038,1.0471363520804003986785406528e-12,1.0367686654261390085926145077e-12,1.0367686654261390085926145079e-14,0.000064254107919130882346957712302,0.071214656241156588853057566404,1108.3284563033095593524486445,-0.071150402133237457970710608692,False,0.99908570811456287604922747175
random,3.0001753328000000000000000000e12,6.0003506656000000000000000000e12,2.0000000000000000000000000000,20000.000000000000000000000000,0.50000100000000000000000000000,1.0000000000000000000000000000,5.5586910000000000000000000000,30.078984091430243487997944864,13.063136812163851497797296061,0.65614506371477322499854077799,22491,9.8547980023872907284248872761e12,0.023032850249880258685275725514,0.000035602147652389734898659722984,2.6578366760574364213676025372e-11,6.7941917058116772319739785323e-9,3.4026734518894018707199204140e-24,3.2309129170765976240242205238e-18,2.4286428679494434890056113862e-23,0.000035608968422465538090862089367,0.83201043091773611521483411896,5.0001814809520103738291346204,1.2004660880622827429264097856e-12,5.2575232554194279500345731570e-12,6.0097581654632577755302152453,5.0001814809584683631726163311,5.0002170899268908287107071932,0.000033421086542845599657124832729,0.000035177376916870201404522087443,149612.64300957562892750640001,142142.97733862328355613443787,1.0471363520804003986785406528e-12,5.2356817604020019933927032641e-13,5.2356817604020019933927032641e-13,0.000033421087589981951737525231408,5.0002170899274143968867473934,149612.63832198689513241915521,-5.0001836688398244149350098681,False,0.99999287851551601608882948806
random,3.0001753328000000000000000000e12,3.3001928660800000000000000000e12,1.1000000000000000000000000000,20000.000000000000000000000000,0.50000100000000000000000000000,1.0000000000000000000000000000,5.5586910000000000000000000000,109.81573925698929819743915208,47.692369585436760071946481779,80.990737230029448383813027989,22491,5.4201389013130099272828012080e12,0.023032850249880258685275725514,1.6512882151628027532086785288e-22,6.3951702248491798415703363658e-29,3.2924668437933249002835537137e-26,1.0350708490333532027764405790e-41,2.7850333947507715131339264738e-35,1.3919691790211561168934874708e-40,1.6516181013644830754516423823e-22,0.50390564368569995889071380838,0.41183920208870397287750435128,1.3092930776241098224735186585e-13,1.0395927902646784233181796248e-12,0.81729428366305443074024004808,0.41183920208987449497553144068,0.41183920208987449497569660249,1.6195866129970742919236391127e-22,1.6311602919862996770126986110e-22,2.5428661782265451670979626524e21,2.5248236124505511495945020493e21,1.0471363520804003986785406528e-12,9.5194213825490945334412786620e-13,9.5194213825490945334412786620e-14,1.0471363522423590599782480820e-12,0.41183920209082643711395151194,3.9330045338308196652407783647e11,-0.41183920208977930076170915288,False,0.99999999999999999999959896530
random,3.0001753328000000000000000000e12,3.0001783329753328000000000000e12,1.0000010000000000000000000000,20000.000000000000000000000000,0.50000100000000000000000000000,1.0000000000000000000000000000,5.5586910000000000000000000000,33.455418732738793395956756060,14.529503745391140101643397351,4.7257258855837684420412510123,22491,4.9274039285926465893782117509e12,0.023032850249880258685275725514,6.2543462936166024366365546330e-6,7.7833221388825535593427887151e-18,1.2558978882577667992091618740e-9,1.3746816318309067541709073513e-30,1.1644452816823712038853016312e-18,1.9668852215463932290381933748e-29,6.2556021915138079708563497631e-6,0.81099788340068474254160177781,6.9421318837599543588152293468e-6,2.3138937934120994473672906032e-18,2.0208666435655215954347818531e-17,8.5599876718206186274367461895e-6,6.9421318837824769190442966622e-6,0.000013197734075296284889900646425,6.1778462885948264022526379165e-6,6.1778467509663526644693700401e-6,2.1363001697956064694126015992,2.1363000099074755590563355758,1.0471363520804003986785406528e-12,1.0471353049450954535830870697e-12,1.0471353049450954535830882462e-18,6.1778473357311784826530365951e-6,0.000013197735122431589834996100008,2.1362999771941715130096443212,-7.0198877867004113523430634133e-6,False,0.52600937738068709257428739416
random,3.0001753328000000000000000000e12,3.0001753628017533280000000000e12,1.0000000100000000000000000000,20000.000000000000000000000000,0.50000100000000000000000000000,1.0000000000000000000000000000,5.5586910000000000000000000000,28.746575359391109924213992918,12.484479052199547292631393570,0.016883502235585020631820620113,22491,4.9273990504676354076693531890e12,0.023032850249880258685275725514,0.000065870997240817147320026598128,7.0486171421585886682515061612e-19,1.3227162127151995490329299289e-8,1.2556825887257731949958085542e-31,1.2263991646356271282853761888e-17,1.7829921523961462137906873256e-30,0.000065884224402957268168877501466,0.83526671217029039827207025049,7.1549443694880318868586379162e-8,2.3834232168905469345021929592e-20,2.0815930526464355079011910224e-19,8.5660595175885730182547688552e-8,7.1549443695112312406019928182e-8,0.000065955773846652380481283521395,0.000065065301263645675595252026891,0.000065065301312342835707533295576,1.0136858289397369462585517827,1.0136858281810588164446091270,1.0471363520804003986785406528e-12,1.0471363416090369825881708269e-12,1.0471363416090369825882799511e-20,0.000065065302310782027675652425570,0.000065955774893788722090320503983,1.0136858287194822336305410845,-8.9047258300669441466807841287e-7,False,0.0010848094036689684225398463794
random,3.0001753328000000000000000000e12,3.0301770861280000000000000000e12,1.0100000000000000000000000000,20000.000000000000000000000000,0.50000100000000000000000000000,1.0000000000000000000000000000,5.5586910000000000000000000000,47.594586502610151813770591077,20.670066286550578272075079055,18.854944324601458777340203756,22491,4.9766729912055818488538446896e12,0.023032850249880258685275725514,5.3238038335595974341722858848e-9,9.3733072822075336969326610400e-17,1.0682503889373911083831677764e-12,1.6196990466909165305706039267e-29,9.8101923848940453103136862008e-22,2.3269216176879834300947231184e-28,5.3248721776825886668433845787e-9,0.74235868453039484301164860979,0.063241460927684408822924904672,2.0974722763184289623724422071e-14,1.8137181141604021417041975236e-13,0.085189898422071226902157945475,0.063241460927886755357104129176,0.063241466252758933039692796019,5.2547956026408214677402781554e-9,5.2587096708295889109321521652e-9,1.2035000223600827800980247863e7,1.2026042548719420271565767703e7,1.0471363520804003986785406528e-12,1.0367686654261390085926145077e-12,1.0367686654261390085926145079e-14,5.2558427389929018681389566960e-9,0.063241466253795701705118935027,1.2032602456806710537308727242e7,-0.063241460997952962712217066888,False,0.99999991580093737231639389688
random,3.0001753328000000000000000000e12,6.0003506656000000000000000000e12,2.0000000000000000000000000000,20000.000000000000000000000000,0.50000100000000000000000000000,1.0000000000000000000000000000,5.5586910000000000000000000000,29.445179492766657251841726434,12.787878972359350857650513214,0.022340465051186988842322348601,22491,9.8547980023872907284248872761e12,0.023032850249880258685275725514,0.000048877064737632516802264439874,3.5719725633120999590715954473e-11,9.3275313356707827837537235892e-9,4.5791252882969738920923596841e-24,4.4356183607649868720765347827e-18,3.2647039806555220869146083856e-23,0.000048886427988698256361634714395,0.83524092401344391406934567805,5.0195959632123879207008065664,1.2051272043956908229868791478e-12,5.2779369328758767630777707981e-12,6.0097581654632577755302152453,5.0195959632188709848380781340,5.0196448496468596830944397687,0.000045882754785076446843751451963,0.000048293910402637042609777404219,109401.55780008918833052432010,103939.49895125425162343177098,1.0471363520804003986785406528e-12,5.2356817604020019933927032641e-13,5.2356817604020019933927032641e-13,0.000045882755832212798924151850642,5.0196448496473832512704799689,109401.55530333801241063585053,-5.0195989668915510384715558170,False,0.99999026097872399528476175102
random,3.0001753328000000000000000000e12,3.3001928660800000000000000000e12,1.1000000000000000000000000000,20000.000000000000000000000000,0.50000100000000000000000000000,1.0000000000000000000000000000,5.5586910000000000000000000000,28.834893571003779964041838296,12.522835164154493586656700380,0.0098915440439301504157142090636,22491,5.4201389013130099272828012080e12,0.023032850249880258685275725514,0.000063473155903856907293071676703,6.4543943720329000191559667327e-12,1.2655771376880410541518697113e-8,1.0971327955594976829139472906e-24,1.0705269815362613940308602108e-17,1.4165505665250266128407621462e-23,0.000063485818129638865021591215631,0.83530345366524886883017605242,0.68268873780267462637322169863,2.1703607476989604463404868483e-13,1.7232897844962590830005510124e-12,0.81729428366305443074024004808,0.68268873780461495223248785376,0.68275222362274459109750944497,0.000062254591683395281343203963070,0.000062699467341150683487207347403,10967.098251884449706405999437,10889.282677759579086923045153,1.0471363520804003986785406528e-12,9.5194213825490945334412786620e-13,9.5194213825490945334412786620e-14,0.000062254592730531633423604361749,0.68275222362369653323576435443,10967.098067430663879682751419,-0.68268996903096600160234075006,False,0.99990701484970231599579673645
random,3.0001753328000000000000000000e12,3.0001783329753328000000000000e12,1.0000010000000000000000000000,20000.000000000000000000000000,0.50000100000000000000000000000,1.0000000000000000000000000000,5.5586910000000000000000000000,28.753630578854972723765611575,12.487543095081319325293084719,0.023937731699947769850106527299,22491,4.9274039285926465893782117509e12,0.023032850249880258685275725514,0.000065639044273040052310038611311,7.0205401677351220717381026094e-17,1.3180584064222022944309772854e-8,1.2513972739527454481732355390e-29,1.2220793638480162576404560048e-17,1.7769289761403426705113392466e-28,0.000065652224857186700528298942674,0.83522981767165585694944329494,7.1495569423831616928389969651e-6,2.3830309927311114644715563703e-18,2.0812484382404204775064903583e-17,8.5599876718206186274367461895e-6,7.1495569424063572082141322814e-6,0.000072801781799593057736513074955,0.000064836180635374651332749937704,0.000064836185487940156682941396981,1.1228573473353606300817201489,1.1228572632968134807883456257,1.0471363520804003986785406528e-12,1.0471353049450954535830870697e-12,1.0471353049450954535830882462e-18,0.000064836181682511003413150336383,0.000072801782846728362681608528538,1.1228573453511376497665291863,-7.9656011642173592684581921555e-6,False,0.098205796145037775671376898796
random,3.0001753328000000000000000000e12,3.0004753503332800000000000000e12,1.0001000000000000000000000000,20000.000000000000000000000000,0.50000100000000000000000000000,1.0000000000000000000000000000,5.5586910000000000000000000000,32.797153057232684693418082187,14.243622594892520535863882947,4.0673612150768264315005770561,22491,4.9278917410937647602640683276e12,0.023032850249880258685275725514,8.6921196809575899387716337010e-6,1.0603551223454251606682584451e-15,1.7453997339822254135408773078e-9,1.8748258973000574021134806268e-28,1.6181480956820251705783774956e-18,2.6797089248010052424175360799e-27,8.6938650817535454346291489556e-6,0.81434821264631798103850544028,0.00069704290483132946668297328108,2.3232242677864838441992699785e-16,2.0288146719209322995611621835e-15,0.00085595190608753187263474810401,0.00069704290483359060378167286177,0.00070573676991534414921630201072,8.5857388323622248591992351584e-6,8.5858030879594522023965248681e-6,82.198723219393837750013705069,82.198108049444366836016989838,1.0471363520804003986785406528e-12,1.0470316489155088477937612767e-12,1.0470316489155088477937612794e-16,8.5857398794985769395996338369e-6,0.00070573677096237579813181085852,82.198713316200784844158659404,-0.00069715103108287722119221122468,False,0.98768115046237932576063339916
random,3.0001753328000000000000000000e12,3.0001753328000000000000000000e14,100.00000000000000000000000000,20000.000000000000000000000000,0.50000100000000000000000000000,1.0000000000000000000000000000,5.5586910000000000000000000000,33.568013458963903984024051255,14.578403013682112985902397746,0.23315142582028766240589638184,22491,4.9273990011936453537098274264e14,0.023032850249880258685275725514,8.1108116424298971814277947913e-6,3.6905984181198972197340868857e-11,1.1871475377262448035813474484e-9,1.3362766055196906505872098840e-24,1.2891953822852278653742429025e-20,2.0975327596035515324305032732e-25,8.1120356959518175187034262133e-6,0.83430459728995656823221198980,35.704257056645269102707513266,2.4401425120992759772718886429e-12,2.3376356347773665417282966429e-13,42.795229910784232448791820042,35.704257056647943008783090278,35.704265168683638960600608982,5.8396586840881032268027120584e-6,8.0258214404120351910175335958e-6,6.1141013713644923876486803049e6,4.4486742489564568005959839168e6,1.0471363520804003986785406528e-12,1.0471363520804003986785406528e-14,1.0366649885595963946917552463e-12,5.8396597312244553072031107369e-6,35.704265168683649431964129786,6.1141002750167443234655520370e6,-35.704259329023918207508822583,False,0.99999977279925360102584826883
random,3.0001753328000000000000000000e12,3.0001753328000000000000000000e14,100.00000000000000000000000000,20000.000000000000000000000000,0.50000100000000000000000000000,1.0000000000000000000000000000,5.5586910000000000000000000000,33.400518528309390856084672549,14.505660889552090114460290589,0.065656495165774534466517675359,22491,4.9273990011936453537098274264e14,0.023032850249880258685275725514,8.8193256277920889592823545828e-6,3.9929639147674232278953163109e-11,1.2908499377138431412365579283e-9,1.4461635278757173595796954184e-24,1.4018120966760695360804755456e-20,2.2694902235280696590309652084e-25,8.8206564073689644964499494048e-6,0.83505908367624932725998191266,35.736545475011222072482906319,2.4423492053285514148599051489e-12,2.3397496279979257578402080305e-13,42.795229910784232448791820042,35.736545475013898396651034663,35.736554295670305765615531113,6.3497777732522374258573696688e-6,8.7269111691889300364649855071e-6,5.6280007855088621437264779757e6,4.0949831621801214701308184134e6,1.0471363520804003986785406528e-12,1.0471363520804003986785406528e-14,1.0366649885595963946917552463e-12,6.3497788203885895062577683474e-6,35.736554295670316236979051917,5.6279998574002825741217054620e6,-35.736547945891495848389545659,False,0.99999975317552066183283312389
random,3.0001753328000000000000000000e12,3.0001753328000000000000000000e14,100.00000000000000000000000000,20000.000000000000000000000000,0.50000100000000000000000000000,1.0000000000000000000000000000,5.5586910000000000000000000000,35.030542525548262788838931644,15.213571316922813588142478235,1.6956804924046464672207767703,22491,4.9273990011936453537098274264e14,0.023032850249880258685275725514,3.9037335239726769832773358284e-6,1.8536775063101478948978668665e-11,5.7137409241267743528208827493e-10,6.6959622608995219450797426995e-25,6.2048971849503939694195734665e-21,1.0531046233372148038510381924e-25,3.9043234348401589678636585342e-6,0.82774548347790524653277481255,35.423558273047553413618046816,2.4209586642498537982515729664e-12,2.3192576727843286763601939888e-13,42.795229910784232448791820042,35.423558273050206298049575102,35.423562177373641138208542966,2.8106276385926970765040326844e-6,3.8628277409939785329093193836e-6,1.2603434795478810480913320792e7,9.1703706591530508073313477257e6,1.0471363520804003986785406528e-12,1.0471363520804003986785406528e-14,1.0366649885595963946917552463e-12,2.8106286857290491569044313630e-6,35.423562177373651609572063770,1.2603430099904901355239837486e7,-35.423559366744965880522906866,False,0.99999988978173862667044527726
random,3.0001753328000000000000000000e12,6.0003506656000000000000000000e12,2.0000000000000000000000000000,20000.000000000000000000000000,0.50000100000000000000000000000,1.0000000000000000000000000000,5.5586910000000000000000000000,43.931956554319849043890656462,19.079406310754507198494234637,14.509117526604378780891252376,22491,9.8547980023872907284248872761e12,0.023032850249880258685275725514,3.4941492185935279610686741024e-8,3.8099031022360478575687176244e-14,6.6681144833247154450033413489e-12,4.7817060947733863202596757863e-27,3.1709580991497165107047202834e-21,3.4695798301034925839307479377e-26,3.4948198399452797684186974164e-8,0.76444073392151523010981495754,4.5941039426916182177486840428,1.1029731639229371756683487000e-12,4.8305463328736091099170055960e-12,6.0097581654632577755302152453,4.5941039426975517372454805891,4.5941039776457501366982782733,3.2800904195000741294583085504e-8,3.4524603758841373434907761064e-8,1.4006028462916420864744936828e8,1.3306753669748491617930651882e8,1.0471363520804003986785406528e-12,5.2356817604020019933927032641e-13,5.2356817604020019933927032641e-13,3.2801951331352821694981764045e-8,4.5941039776462737048743184735,1.4005581348616686585035282432e8,-4.5941039448443223735214967785,False,0.99999999239281510181186371605
random,3.0001753328000000000000000000e12,3.3001928660800000000000000000e12,1.1000000000000000000000000000,20000.000000000000000000000000,0.50000100000000000000000000000,1.0000000000000000000000000000,5.5586910000000000000000000000,185.07925881802886572362669479,80.378900819413698470162036065,156.25425679106901591000057071,22491,5.4201389013130099272828012080e12,0.023032850249880258685275725514,7.4913012953665044183250984754e-39,4.8898551871279175126755709969e-45,1.4936739029187862850082636275e-42,7.8567603914245756385354140316e-58,1.2634695800622827445451655226e-51,1.0630406895161745759040767020e-56,7.4927998591258738135237646316e-39,0.31502914261193239920628428624,0.25747151744327372528065012956,8.1853712265411304153197933860e-14,6.4992728199507977409588073943e-13,0.81729428366305443074024004808,0.25747151744400550627491062064,0.25747151744400550627491062064,7.3474825172824489278246076553e-39,7.3999881402306464736270339385e-39,3.5042140874563702096415787058e37,3.4793504065802530766894634390e37,1.0471363520804003986785406528e-12,9.5194213825490945334412786620e-13,9.5194213825490945334412786620e-14,1.0471363520804003986785406602e-12,0.25747151744495744841316553010,2.4588155776793094576944193022e11,-0.25747151744391031206108512970,False,1.0000000000000000000000000000
random,3.0001753328000000000000000000e12,3.0001753328000000000000000000e13,10.000000000000000000000000000,20000.000000000000000000000000,0.50000100000000000000000000000,1.0000000000000000000000000000,5.5586910000000000000000000000,31.060812810084409594627964168,13.489539606849496170128712543,0.028535869934838957027800748715,22491,4.9273990011936453541258974596e13,0.023032850249880258685275725514,0.000024408552540131374832148624664,5.7452867861263637765387051453e-11,4.1584970667652809841342101529e-9,3.9256504773307465917222878674e-24,4.1858244819786435706607483759e-19,5.7615450419849386199156157818e-24,0.000024412768490066419968905917645,0.83521684323468471348081561448,17.166872989561573285898317392,2.2040426209582607589190389692e-12,1.9816451477681293244291819976e-12,20.553791663349033139899932972,17.166872989565758973667043783,17.166897402334249040087012688,0.000020455927116988998013722218441,0.000024133043429351006738424642198,839213.85250130494290108084192,711344.07280996247517225178387,1.0471363520804003986785406528e-12,1.0471363520804003986785406528e-13,9.4242271687236035881068658753e-13,0.000020455928164125350094122617119,17.166897402334353753722220728,839213.80954206005510037356347,-17.166876946406189628372126606,False,0.99999857791609526675903711295
random,3.0001753328000000000000000000e12,3.0001753328000000000000000000e14,100.00000000000000000000000000,20000.000000000000000000000000,0.50000100000000000000000000000,1.0000000000000000000000000000,5.5586910000000000000000000000,33.399747547713433643463465713,14.505326056933611416474375008,0.064885514569817321845310839355,22491,4.9273990011936453537098274264e14,0.023032850249880258685275725514,8.8227260476286355950987326901e-6,3.9944112541017669324756023070e-11,1.2913476437652417709302766073e-9,1.4466896089502935725700215811e-24,1.4023525858088924602228769229e-20,2.2703133582799663110070845377e-25,8.8240573393849558797385667564e-6,0.83506255816060921151643620032,35.736694166368224732086679671,2.4423593673689161895299092191e-12,2.3397593631455906811055009276e-13,42.795229910784232448791820042,35.736694166370901067390363146,35.736702990428240452346242884,6.3522260228360591031183917837e-6,8.7302759572808875373829949014e-6,5.6258550722149812550224980669e6,4.0934219222044746241632076134e6,1.0471363520804003986785406528e-12,1.0471363520804003986785406528e-14,1.0366649885595963946917552463e-12,6.3522270699724111835187904623e-6,35.736702990428250923709763688,5.6258541448178208121362378459e6,-35.736696638201180951298580170,False,0.99999975308138129730653872016
random,3.0001753328000000000000000000e12,3.0031755081328000000000000000e12,1.0010000000000000000000000000,20000.000000000000000000000000,0.50000100000000000000000000000,1.0000000000000000000000000000,5.5586910000000000000000000000,28.794048602727288633206563541,12.505096419818500027384502257,0.063357255238680146457582177561,22491,4.9323264001948390410446204074e12,0.023032850249880258685275725514,0.000064330636190309001636555829912,6.8863966819671921968598216419e-14,1.2916890946610252659217872320e-8,1.2267691424262321149591074361e-26,1.1964794125391145479225310877e-17,1.7403511036910064759047279966e-25,0.000064343553150131543503198663700,0.83502369014604628842135055908,0.0071443060801704676984858979601,2.3801065086530084011248317311e-15,2.0766197771024198636627181922e-14,0.0085558124452062783400959540012,0.0071443060801936140027655751671,0.0072086496333437455462687738308,0.000063539056431884920010877389808,0.000063543809631114953098604691294,113.45226130437670883519073395,113.44377485692875128259174457,1.0471363520804003986785406528e-12,1.0460902618185818168616789738e-12,1.0460902618185818168616789755e-15,0.000063539057479021272091277788487,0.0072086496343898358080873556477,113.45225945112452903070296715,-0.0071451105769108145359960778592,False,0.99107411839625146733006884574
random,3.0001753328000000000000000000e12,6.0003506656000000000000000000e12,2.0000000000000000000000000000,20000.000000000000000000000000,0.50000100000000000000000000000,1.0000000000000000000000000000,5.5586910000000000000000000000,39.914300541244111679940503870,17.334560474090295489640987328,10.491461513528641416941099784,22491,9.8547980023872907284248872761e12,0.023032850249880258685275725514,2.6047399199746826232042425566e-7,2.5803817039942679926527779127e-13,4.9707962937737752006382452371e-11,3.2527613485206759950039067623e-26,2.3638146595087154105373155594e-20,2.3516308038863730229051668547e-25,2.6052395799860003791351568441e-7,0.78345171764395990602989251369,4.7083553573509216271223016837,1.1304031580809736294075217985e-12,4.9506778664637637911266665980e-12,6.0097581654632577755302152453,4.7083553573570027081468464212,4.7083556178809607067468843347,2.4451681717924476353633154691e-7,2.5736626573767204934615088039e-7,1.9255753744043984018415754060e7,1.8294377487219273956661555194e7,1.0471363520804003986785406528e-12,5.2356817604020019933927032641e-13,5.2356817604020019933927032641e-13,2.4451786431559684393673022545e-7,4.7083556178814842749229245349,1.9255671282178610845317311821e7,-4.7083553733636199593260805981,False,0.99999994466773983485740370054
random,3.0001753328000000000000000000e12,3.0004753503332800000000000000e12,1.0001000000000000000000000000,20000.000000000000000000000000,0.50000100000000000000000000000,1.0000000000000000000000000000,5.5586910000000000000000000000,29.196422097313606289377785535,12.679845008181465757955982611,0.46663025515774802746028040401,22491,4.9278917410937647602640683276e12,0.023032850249880258685275725514,0.000052603481793833709221200646242,5.7125871318693922070295006961e-15,1.0562912902665101668274360101e-8,1.0172086084636046039510115990e-27,9.7928039437163625705691853976e-18,1.4454281996052788732115572673e-26,0.000052614044712458754258697500662,0.83291774603557051505496829131,0.00071293753233096467854773474737,2.3762006112491785454601161670e-16,2.0750776110491643492782459761e-15,0.00085595190608753187263474810401,0.00071293753233327737621990882958,0.00076555157704573613047860633024,0.000051959679909172778151899694638,0.000051960068774980310162970610873,14.733569921599697195252931706,14.733459656511515652783546984,1.0471363520804003986785406528e-12,1.0470316489155088477937612767e-12,1.0470316489155088477937612794e-16,0.000051959680956309130232300093316,0.00076555157809276777939411517803,14.733569644826923628718676456,-0.00071359189713645864916181508472,False,0.93127302419584010820224798044
random,3.0001753328000000000000000000e12,6.0003506656000000000000000000e12,2.0000000000000000000000000000,20000.000000000000000000000000,0.50000100000000000000000000000,1.0000000000000000000000000000,5.5586910000000000000000000000,36.002367703819192190354107671,15.635629629220522218391753382,6.5795286761037219273547035852,22491,9.8547980023872907284248872761e12,0.023032850249880258685275725514,1.8417462254798378068523363335e-6,1.6457015074650202743901530426e-12,3.5147253057710272650130937784e-10,2.0852839676761613998468711135e-25,1.6713940203774355775867871464e-19,1.5011317147154293380582691515e-24,1.8420993437120895157108098881e-6,0.80241662436972242738903164858,4.8223298604031747923320018850,1.1577666700533292236361926829e-12,5.0705182367792836815496981012e-12,6.0097581654632577755302152453,4.8223298604094030772388344979,4.8223317025087467893283502087,1.7289170471599128765263226201e-6,1.8197722730521425252796853453e-6,2.7892209810935564446280272449e6,2.6499643795652946266626632694e6,1.0471363520804003986785406528e-12,5.2356817604020019933927032641e-13,5.2356817604020019933927032641e-13,1.7289180942962649569267212987e-6,4.8223317025092703575043904089,2.7892192917745717248347664239e6,-4.8223299735911760612394334822,False,0.99999961800650445638889580709
random,3.0001753328000000000000000000e12,3.0001753628017533280000000000e12,1.0000000100000000000000000000,20000.000000000000000000000000,0.50000100000000000000000000000,1.0000000000000000000000000000,5.5586910000000000000000000000,33.417986082776731077665718599,14.513246952069600467939476680,4.6882942256212061740835463014,22491,4.9273990504676354076693531890e12,0.023032850249880258685275725514,6.3725065197507324040287359391e-6,7.9271147758514809041759978859e-20,1.2796250311031485944962420187e-9,1.3993425940318804853734347502e-32,1.1864457803615355784219819196e-18,2.0020671071290674336584175581e-31,6.3737861447831012695513524457e-6,0.81118799311754743746766711751,6.9486846289756105194128980331e-8,2.3147148903319854071433876571e-20,2.0215857596865833715748700758e-19,8.5660595175885730182547688552e-8,6.9486846289981410919000958522e-8,6.4432729910730826804703534043e-6,6.2945617021143500035432075113e-6,6.2945617068254213901559062775e-6,1.0236253604295880356561024535,1.0236253596634708108615834063,1.0471363520804003986785406528e-12,1.0471363416090369825881708269e-12,1.0471363416090369825882799511e-20,6.2945627492507020839436061898e-6,6.4432740382094242895073359924e-6,1.0236253564993731512097165898,-1.4871128895872220556372980263e-7,False,0.010784402024600366325185438292
random,3.0001753328000000000000000000e12,3.0001753628017533280000000000e12,1.0000000100000000000000000000,20000.000000000000000000000000,0.50000100000000000000000000000,1.0000000000000000000000000000,5.5586910000000000000000000000,91.499589949002540367799021639,39.737767011262046587480235714,62.769898091847015464216849341,22491,4.9273990504676354076693531890e12,0.023032850249880258685275725514,1.5561457066694162830571762374e-18,5.3003750759441466796084403336e-32,3.1248033911399971127098785280e-22,9.0211622724705786870765826174e-45,2.8972626416047483488853306547e-31,1.3304410256287063014723546191e-43,1.5564581870088730127833672836e-18,0.56386039798300928314984394615,4.8300617287179761889495061787e-8,1.6089686612147140538605323526e-20,1.4052132929542533825978006989e-19,8.5660595175885730182547688552e-8,4.8300617287336372905402634266e-8,4.8300617288892831092411507278e-8,1.5371118315457025453285329576e-18,1.5371118326961311073658848674e-18,3.1422968906772559333847436246e10,3.1422968883254504130957601497e10,1.0471363520804003986785406528e-12,1.0471363416090369825881708269e-12,1.0471363416090369825882799511e-20,1.0471378891922319443810859813e-12,4.8301664425234440129394095449e-8,46127.319929655697646356450824,-4.8300617287345247897449714363e-8,False,0.99999999996777560465325989084
random,3.0001753328000000000000000000e12,3.0001753328000000000000000000e14,100.00000000000000000000000000,20000.000000000000000000000000,0.50000100000000000000000000000,1.0000000000000000000000000000,5.5586910000000000000000000000,33.440699271488523546100656754,14.523111164593559165813848566,0.10583723834490722448250188017,22491,4.9273990011936453537098274264e14,0.023032850249880258685275725514,8.6439100806294426497247526186e-6,3.9182523056195648925297769306e-11,1.2651750553378729097211288311e-9,1.4190082962090706959687287059e-24,1.3739301875216152902678548555e-20,2.2270003184291661627660237541e-25,8.6452144382078504592269825894e-6,0.83487802602229704646639296910,35.728797071083227584746124545,2.4418196547543546228073058664e-12,2.3392423230817082767942299442e-13,42.795229910784232448791820042,35.728797071085903328633187070,35.728805716300341536483646297,6.2234812978226186080673538393e-6,8.5533337368103129954741766378e-6,5.7409677970432108455841411446e6,4.1771789591860629278073903289e6,1.0471363520804003986785406528e-12,1.0471363520804003986785406528e-14,1.0366649885595963946917552463e-12,6.2234823449589706884677525178e-6,35.728805716300352007847167101,5.7409668310926814277732747933e6,-35.728799492818007048876478634,False,0.99999975803237010344022075332
random,3.0001753328000000000000000000e12,3.0301770861280000000000000000e12,1.0100000000000000000000000000,20000.000000000000000000000000,0.50000100000000000000000000000,1.0000000000000000000000000000,5.5586910000000000000000000000,133.09346143780004942976660421,57.801755879839798540982776494,104.35381925979135639333621689,22491,4.9766729912055818488538446896e12,0.023032850249880258685275725514,1.4466958911043849225454280858e-27,7.1230466098469391729686610298e-35,2.9028745172849059288517606115e-31,1.1989695762146087817071124045e-47,2.6658316981376179520922976017e-40,1.7605586312991706024225112233e-46,1.4469862497868460949655643122e-27,0.43469487669627079490098111543,0.037031612390231600080598906624,1.2281939600462169050368811100e-14,1.0620391307141343121456112145e-13,0.085189898422071226902157945475,0.037031612390350085933270782224,0.037031612390350085933270783671,1.4279435239541804255788919672e-27,1.4290071368413604192904227667e-27,2.5933527320327235237579575173e25,2.5914224943763249877150930765e25,1.0471363520804003986785406528e-12,1.0367686654261390085926145077e-12,1.0367686654261390085926145079e-14,1.0471363520804018266220646070e-12,0.037031612391386854598696922679,3.5364651716860147743976167148e10,-0.037031612390339718246616520853,False,0.99999999999999999999999996093
random,3.0001753328000000000000000000e12,3.0031755081328000000000000000e12,1.0010000000000000000000000000,20000.000000000000000000000000,0.50000100000000000000000000000,1.0000000000000000000000000000,5.5586910000000000000000000000,830.66554228150834370714547472,360.75346132003139126005287623,801.93485093401973522039649336,22491,4.9323264001948390410446204074e12,0.023032850249880258685275725514,4.8332070045845064191245934509e-179,1.4931628793096054993043307717e-186,9.7045531488176934510842608661e-183,2.4932071239873345322915951001e-199,8.9892359534854879347445650130e-192,3.7327412836467061751432642503e-198,4.8341776092165750434238065558e-179,0.0055096824477672537513793035652,0.000047139809655588935506791779354,1.5704501811497701876927254943e-17,1.3702025070194618853099457506e-16,0.0085558124452062783400959540012,0.000047139809655741660259305223245,0.000047139809655741660259305223245,4.7737350475252829724260130002e-179,4.7740921588049665762241618774e-179,9.8748274016965109478871832503e173,9.8740887456059344986823953210e173,1.0471363520804003986785406528e-12,1.0460902618185818168616789738e-12,1.0460902618185818168616789755e-15,1.0471363520804003986785406528e-12,0.000047139810701831922077887040106,4.5017834218224591117143580465e7,-0.000047139809654695569997486641428,False,1.0000000000000000000000000000
random,3.0001753328000000000000000000e12,3.0001753328000000000000000000e14,100.00000000000000000000000000,20000.000000000000000000000000,0.50000100000000000000000000000,1.0000000000000000000000000000,5.5586910000000000000000000000,228.73747541712629687319973252,99.339423378138666334822700468,195.40261338398268055158157765,22491,4.9273990011936453537098274264e14,0.023032850249880258685275725514,3.3771794166696602804819706358e-48,1.0472266201445236548001420659e-52,4.9430444272504816479430611419e-52,3.6098330092289477673049378596e-66,5.3679512002757945688768198253e-63,5.9029604294114788868326549041e-67,3.3777784437744051531635742841e-48,0.29100086593328143384074956858,12.453448961851145359872560598,8.5110831982472886951785370652e-13,8.1535448344208547513927857863e-14,42.795229910784232448791820042,12.453448961852078003640729536,12.453448961852078003640729536,2.4315168416819799923438311650e-48,3.3417911998638598177564358029e-48,5.1216790886949054604327199606e48,3.7265790161753418795428878828e48,1.0471363520804003986785406528e-12,1.0471363520804003986785406528e-14,1.0366649885595963946917552463e-12,1.0471363520804003986785406528e-12,12.453448961852088475004250340,1.1892862793952451346986844340e13,-12.453448961851041338652169939,False,1.0000000000000000000000000000
random,3.0001753328000000000000000000e12,3.0001753328000000000000000000e14,100.00000000000000000000000000,20000.000000000000000000000000,0.50000100000000000000000000000,1.0000000000000000000000000000,5.5586910000000000000000000000,33.386553083907695915442135801,14.499595774111107341513823104,0.051691050764079593823980927683,22491,4.9273990011936453537098274264e14,0.023032850249880258685275725514,8.8811240381165056787112572754e-6,4.0192619775872294886701179187e-11,1.2998951275032645822484148853e-9,1.4557225076707774560291484976e-24,1.4116348158730027775854035540e-20,2.2844465615149094026228348242e-25,8.8824641258637989336207182853e-6,0.83512202228458689782342702456,35.739238947225293004420118036,2.4425332857883208299049953395e-12,2.3399259755023397455066419548e-13,42.795229910784232448791820042,35.739238947227969530303456591,35.739247829692095394102390211,6.3942716709561303984708005133e-6,8.7880620167774081126113068153e-6,5.5892601485835890143028905063e6,4.0667951320167988976267552374e6,1.0471363520804003986785406528e-12,1.0471363520804003986785406528e-14,1.0366649885595963946917552463e-12,6.3942727180924824788711991919e-6,35.739247829692105865465911015,5.5892592332773876093094532945e6,-35.739241435419387772983432144,False,0.99999975146471553650702300091
random,3.0001753328000000000000000000e12,3.0001753328000000000000000000e14,100.00000000000000000000000000,20000.000000000000000000000000,0.50000100000000000000000000000,1.0000000000000000000000000000,5.5586910000000000000000000000,33.461053338616999945937893588,14.531950823631744832535839895,0.12619130547338362431973871457,22491,4.9273990011936453537098274264e14,0.023032850249880258685275725514,8.5563868365209958796494959613e-6,3.8809391253545400271523244147e-11,1.2523646230016551237795309546e-9,1.4054469552752666999643229242e-24,1.3600185634916645053126198284e-20,2.2057798174185197218690324437e-25,8.5576780105352646819852068691e-6,0.83478632394242598076079569820,35.724872659491848522872468338,2.4415514479815906194403641465e-12,2.3389853832897112993793632559e-13,42.795229910784232448791820042,35.724872659494523972858778900,35.724881217172534508123460885,6.1604659184685083446746801426e-6,8.4667276164776326447216757490e-6,5.7990550860889656510331877853e6,4.2194437845911199340553779731e6,1.0471363520804003986785406528e-12,1.0471363520804003986785406528e-14,1.0366649885595963946917552463e-12,6.1604669656048604250750788212e-6,35.724881217172544979486981689,5.7990541003842436238589892806e6,-35.724875056705579374626556614,False,0.99999976045608217665147933501
